CREATE DATABASE  IF NOT EXISTS `proje` /*!40100 DEFAULT CHARACTER SET utf8mb4 COLLATE utf8mb4_general_ci */ /*!80016 DEFAULT ENCRYPTION='N' */;
USE `proje`;
-- MySQL dump 10.13  Distrib 8.0.38, for macos14 (arm64)
--
-- Host: localhost    Database: proje
-- ------------------------------------------------------
-- Server version	9.0.0

/*!40101 SET @OLD_CHARACTER_SET_CLIENT=@@CHARACTER_SET_CLIENT */;
/*!40101 SET @OLD_CHARACTER_SET_RESULTS=@@CHARACTER_SET_RESULTS */;
/*!40101 SET @OLD_COLLATION_CONNECTION=@@COLLATION_CONNECTION */;
/*!50503 SET NAMES utf8 */;
/*!40103 SET @OLD_TIME_ZONE=@@TIME_ZONE */;
/*!40103 SET TIME_ZONE='+00:00' */;
/*!40014 SET @OLD_UNIQUE_CHECKS=@@UNIQUE_CHECKS, UNIQUE_CHECKS=0 */;
/*!40014 SET @OLD_FOREIGN_KEY_CHECKS=@@FOREIGN_KEY_CHECKS, FOREIGN_KEY_CHECKS=0 */;
/*!40101 SET @OLD_SQL_MODE=@@SQL_MODE, SQL_MODE='NO_AUTO_VALUE_ON_ZERO' */;
/*!40111 SET @OLD_SQL_NOTES=@@SQL_NOTES, SQL_NOTES=0 */;

--
-- Table structure for table `askeri_personel`
--

DROP TABLE IF EXISTS `askeri_personel`;
/*!40101 SET @saved_cs_client     = @@character_set_client */;
/*!50503 SET character_set_client = utf8mb4 */;
CREATE TABLE `askeri_personel` (
  `PersonelID` int NOT NULL AUTO_INCREMENT,
  `Rütbe` varchar(32) CHARACTER SET utf8mb4 COLLATE utf8mb4_general_ci NOT NULL,
  `Birlik` varchar(32) CHARACTER SET utf8mb4 COLLATE utf8mb4_general_ci NOT NULL,
  PRIMARY KEY (`PersonelID`)
) ENGINE=InnoDB AUTO_INCREMENT=2 DEFAULT CHARSET=utf8mb4 COLLATE=utf8mb4_general_ci;
/*!40101 SET character_set_client = @saved_cs_client */;

--
-- Table structure for table `bakım`
--

DROP TABLE IF EXISTS `bakım`;
/*!40101 SET @saved_cs_client     = @@character_set_client */;
/*!50503 SET character_set_client = utf8mb4 */;
CREATE TABLE `bakım` (
  `MateryalID` int NOT NULL,
  `DepoID` int NOT NULL,
  `BakımTarihi` date NOT NULL,
  `İşlemDetayi` varchar(128) CHARACTER SET utf8mb4 COLLATE utf8mb4_general_ci NOT NULL,
  `PersonelID` int NOT NULL,
  PRIMARY KEY (`MateryalID`,`DepoID`,`BakımTarihi`),
  KEY `PersonelID_idx` (`PersonelID`),
  KEY `DepoID_idx` (`DepoID`),
  CONSTRAINT `Depo__ID` FOREIGN KEY (`DepoID`) REFERENCES `depo` (`DepoID`),
  CONSTRAINT `Materyal__ID` FOREIGN KEY (`MateryalID`) REFERENCES `materyal` (`MateryalID`),
  CONSTRAINT `Personel_ID` FOREIGN KEY (`PersonelID`) REFERENCES `sivil_personel` (`PersonelID`)
) ENGINE=InnoDB DEFAULT CHARSET=utf8mb4 COLLATE=utf8mb4_general_ci;
/*!40101 SET character_set_client = @saved_cs_client */;

--
-- Table structure for table `bulun`
--

DROP TABLE IF EXISTS `bulun`;
/*!40101 SET @saved_cs_client     = @@character_set_client */;
/*!50503 SET character_set_client = utf8mb4 */;
CREATE TABLE `bulun` (
  `MateryalID` int NOT NULL,
  `DepoID` int NOT NULL,
  `Miktar` double unsigned NOT NULL,
  PRIMARY KEY (`MateryalID`,`DepoID`),
  KEY `DepoID_idx` (`DepoID`),
  CONSTRAINT `DepoID` FOREIGN KEY (`DepoID`) REFERENCES `depo` (`DepoID`),
  CONSTRAINT `Materyal____ID` FOREIGN KEY (`MateryalID`) REFERENCES `materyal` (`MateryalID`)
) ENGINE=InnoDB DEFAULT CHARSET=utf8mb4 COLLATE=utf8mb4_general_ci;
/*!40101 SET character_set_client = @saved_cs_client */;

--
-- Table structure for table `depo`
--

DROP TABLE IF EXISTS `depo`;
/*!40101 SET @saved_cs_client     = @@character_set_client */;
/*!50503 SET character_set_client = utf8mb4 */;
CREATE TABLE `depo` (
  `DepoID` int NOT NULL AUTO_INCREMENT,
  `Konum` varchar(32) CHARACTER SET utf8mb4 COLLATE utf8mb4_general_ci NOT NULL,
  PRIMARY KEY (`DepoID`)
) ENGINE=InnoDB AUTO_INCREMENT=21 DEFAULT CHARSET=utf8mb4 COLLATE=utf8mb4_general_ci;
/*!40101 SET character_set_client = @saved_cs_client */;

--
-- Table structure for table `fiyat_verir`
--

DROP TABLE IF EXISTS `fiyat_verir`;
/*!40101 SET @saved_cs_client     = @@character_set_client */;
/*!50503 SET character_set_client = utf8mb4 */;
CREATE TABLE `fiyat_verir` (
  `SiparişID` int NOT NULL,
  `TedarikçiID` int NOT NULL,
  `Fiyat` double NOT NULL,
  PRIMARY KEY (`SiparişID`,`TedarikçiID`),
  KEY `TedarikçiID__idx` (`TedarikçiID`) /*!80000 INVISIBLE */,
  CONSTRAINT `Tedarikç_iID` FOREIGN KEY (`TedarikçiID`) REFERENCES `tedarikçi` (`TedarikçiID`)
) ENGINE=InnoDB DEFAULT CHARSET=utf8mb4 COLLATE=utf8mb4_general_ci;
/*!40101 SET character_set_client = @saved_cs_client */;

--
-- Table structure for table `kullanlılır`
--

DROP TABLE IF EXISTS `kullanlılır`;
/*!40101 SET @saved_cs_client     = @@character_set_client */;
/*!50503 SET character_set_client = utf8mb4 */;
CREATE TABLE `kullanlılır` (
  `MateryalID` int NOT NULL,
  `OperasyonID` int NOT NULL,
  `Miktar` double unsigned NOT NULL,
  PRIMARY KEY (`MateryalID`,`OperasyonID`),
  KEY `OperasyonIsdadD_idx` (`OperasyonID`),
  KEY `Materyal_ID_idx` (`MateryalID`),
  CONSTRAINT `Materyal_ID` FOREIGN KEY (`MateryalID`) REFERENCES `materyal` (`MateryalID`),
  CONSTRAINT `Operasyon_ID` FOREIGN KEY (`OperasyonID`) REFERENCES `operasyon` (`OperasyonID`)
) ENGINE=InnoDB DEFAULT CHARSET=utf8mb4 COLLATE=utf8mb4_general_ci;
/*!40101 SET character_set_client = @saved_cs_client */;

--
-- Table structure for table `materyal`
--

DROP TABLE IF EXISTS `materyal`;
/*!40101 SET @saved_cs_client     = @@character_set_client */;
/*!50503 SET character_set_client = utf8mb4 */;
CREATE TABLE `materyal` (
  `MateryalID` int NOT NULL AUTO_INCREMENT,
  `MateryalAdı` varchar(32) CHARACTER SET utf8mb4 COLLATE utf8mb4_general_ci NOT NULL,
  `Tür` varchar(32) CHARACTER SET utf8mb4 COLLATE utf8mb4_general_ci NOT NULL,
  `Marka` varchar(32) CHARACTER SET utf8mb4 COLLATE utf8mb4_general_ci NOT NULL,
  PRIMARY KEY (`MateryalID`)
) ENGINE=InnoDB AUTO_INCREMENT=92 DEFAULT CHARSET=utf8mb4 COLLATE=utf8mb4_general_ci;
/*!40101 SET character_set_client = @saved_cs_client */;

--
-- Table structure for table `operasyon`
--

DROP TABLE IF EXISTS `operasyon`;
/*!40101 SET @saved_cs_client     = @@character_set_client */;
/*!50503 SET character_set_client = utf8mb4 */;
CREATE TABLE `operasyon` (
  `OperasyonID` int NOT NULL AUTO_INCREMENT,
  `OperasyonAdı` varchar(32) CHARACTER SET utf8mb4 COLLATE utf8mb4_general_ci NOT NULL,
  `Tarih` date NOT NULL,
  PRIMARY KEY (`OperasyonID`)
) ENGINE=InnoDB AUTO_INCREMENT=4 DEFAULT CHARSET=utf8mb4 COLLATE=utf8mb4_general_ci;
/*!40101 SET character_set_client = @saved_cs_client */;

--
-- Table structure for table `sipariş`
--

DROP TABLE IF EXISTS `sipariş`;
/*!40101 SET @saved_cs_client     = @@character_set_client */;
/*!50503 SET character_set_client = utf8mb4 */;
CREATE TABLE `sipariş` (
  `SiparişID` int NOT NULL AUTO_INCREMENT,
  `MateryalID` int NOT NULL,
  `Miktar` double NOT NULL,
  `DepoID` int NOT NULL,
  PRIMARY KEY (`SiparişID`,`MateryalID`),
  KEY `MateryalID_idx` (`MateryalID`),
  KEY `Depo_FK_idx` (`DepoID`),
  CONSTRAINT `Depo_FK` FOREIGN KEY (`DepoID`) REFERENCES `depo` (`DepoID`),
  CONSTRAINT `Materyal_FK` FOREIGN KEY (`MateryalID`) REFERENCES `materyal` (`MateryalID`)
) ENGINE=InnoDB AUTO_INCREMENT=101 DEFAULT CHARSET=utf8mb4 COLLATE=utf8mb4_general_ci;
/*!40101 SET character_set_client = @saved_cs_client */;

--
-- Table structure for table `sivil_personel`
--

DROP TABLE IF EXISTS `sivil_personel`;
/*!40101 SET @saved_cs_client     = @@character_set_client */;
/*!50503 SET character_set_client = utf8mb4 */;
CREATE TABLE `sivil_personel` (
  `PersonelID` int NOT NULL AUTO_INCREMENT,
  `Ad` varchar(32) CHARACTER SET utf8mb4 COLLATE utf8mb4_general_ci NOT NULL,
  `Soyad` varchar(32) CHARACTER SET utf8mb4 COLLATE utf8mb4_general_ci NOT NULL,
  PRIMARY KEY (`PersonelID`)
) ENGINE=InnoDB AUTO_INCREMENT=1000 DEFAULT CHARSET=utf8mb4 COLLATE=utf8mb4_general_ci;
/*!40101 SET character_set_client = @saved_cs_client */;

--
-- Table structure for table `tedarikçi`
--

DROP TABLE IF EXISTS `tedarikçi`;
/*!40101 SET @saved_cs_client     = @@character_set_client */;
/*!50503 SET character_set_client = utf8mb4 */;
CREATE TABLE `tedarikçi` (
  `TedarikçiID` int NOT NULL AUTO_INCREMENT,
  `FirmaAdı` varchar(32) CHARACTER SET utf8mb4 COLLATE utf8mb4_general_ci NOT NULL,
  PRIMARY KEY (`TedarikçiID`)
) ENGINE=InnoDB AUTO_INCREMENT=101 DEFAULT CHARSET=utf8mb4 COLLATE=utf8mb4_general_ci;
/*!40101 SET character_set_client = @saved_cs_client */;

--
-- Table structure for table `transfer`
--

DROP TABLE IF EXISTS `transfer`;
/*!40101 SET @saved_cs_client     = @@character_set_client */;
/*!50503 SET character_set_client = utf8mb4 */;
CREATE TABLE `transfer` (
  `TransferID` int NOT NULL AUTO_INCREMENT,
  `MateryalID` int NOT NULL,
  `GöndericiDepoID` int NOT NULL,
  `AlıcıDepoID` int NOT NULL,
  `BaşlangıçTarihi` date DEFAULT NULL,
  `BitişTarihi` date DEFAULT NULL,
  `Miktar` double unsigned NOT NULL,
  PRIMARY KEY (`TransferID`)
) ENGINE=InnoDB AUTO_INCREMENT=2 DEFAULT CHARSET=utf8mb4 COLLATE=utf8mb4_0900_ai_ci;
/*!40101 SET character_set_client = @saved_cs_client */;
/*!40103 SET TIME_ZONE=@OLD_TIME_ZONE */;

/*!40101 SET SQL_MODE=@OLD_SQL_MODE */;
/*!40014 SET FOREIGN_KEY_CHECKS=@OLD_FOREIGN_KEY_CHECKS */;
/*!40014 SET UNIQUE_CHECKS=@OLD_UNIQUE_CHECKS */;
/*!40101 SET CHARACTER_SET_CLIENT=@OLD_CHARACTER_SET_CLIENT */;
/*!40101 SET CHARACTER_SET_RESULTS=@OLD_CHARACTER_SET_RESULTS */;
/*!40101 SET COLLATION_CONNECTION=@OLD_COLLATION_CONNECTION */;
/*!40111 SET SQL_NOTES=@OLD_SQL_NOTES */;

-- Dump completed on 2024-08-09 12:30:19


INSERT INTO `proje`.`askeri_personel` (`PersonelID`, `Rütbe`, `Birlik`) VALUES ('1', 'Deniz Uzman Çavuş', 'Kara Kuvvetleri Komutanlığı');
INSERT INTO `proje`.`askeri_personel` (`PersonelID`, `Rütbe`, `Birlik`) VALUES ('2', 'Kıdemli Albay', 'Hava Kuvvetleri Komutanlığı');
INSERT INTO `proje`.`askeri_personel` (`PersonelID`, `Rütbe`, `Birlik`) VALUES ('3', 'Pilot Tümgeneral', '3. Ordu');
INSERT INTO `proje`.`askeri_personel` (`PersonelID`, `Rütbe`, `Birlik`) VALUES ('4', 'Deniz Üsteğmen', 'Deniz Kuvvetleri Komutanlığı');
INSERT INTO `proje`.`askeri_personel` (`PersonelID`, `Rütbe`, `Birlik`) VALUES ('5', 'Deniz Üsteğmen', 'Kara Kuvvetleri Komutanlığı');
INSERT INTO `proje`.`askeri_personel` (`PersonelID`, `Rütbe`, `Birlik`) VALUES ('6', 'Deniz Astsubay Başçavuş', 'Deniz Kuvvetleri Komutanlığı');
INSERT INTO `proje`.`askeri_personel` (`PersonelID`, `Rütbe`, `Birlik`) VALUES ('7', 'Yarbay', 'Hava Kuvvetleri Komutanlığı');
INSERT INTO `proje`.`askeri_personel` (`PersonelID`, `Rütbe`, `Birlik`) VALUES ('8', 'Pilot Albay', 'Hava Kuvvetleri Komutanlığı');
INSERT INTO `proje`.`askeri_personel` (`PersonelID`, `Rütbe`, `Birlik`) VALUES ('9', 'Er', 'Jandarma Genel Komutanlığı');
INSERT INTO `proje`.`askeri_personel` (`PersonelID`, `Rütbe`, `Birlik`) VALUES ('10', 'Deniz Astsubay Kademeli Başçavuş', '3. Ordu');
INSERT INTO `proje`.`askeri_personel` (`PersonelID`, `Rütbe`, `Birlik`) VALUES ('11', 'Pilot Teğmen', 'Jandarma Genel Komutanlığı');
INSERT INTO `proje`.`askeri_personel` (`PersonelID`, `Rütbe`, `Birlik`) VALUES ('12', 'Deniz Yarbay', 'Sahil Güvenlik Komutanlığı');
INSERT INTO `proje`.`askeri_personel` (`PersonelID`, `Rütbe`, `Birlik`) VALUES ('13', 'Pilot Tuğgeneral', 'Özel Kuvvetler Komutanlığı');
INSERT INTO `proje`.`askeri_personel` (`PersonelID`, `Rütbe`, `Birlik`) VALUES ('14', 'Deniz Binbaşı', 'Özel Kuvvetler Komutanlığı');
INSERT INTO `proje`.`askeri_personel` (`PersonelID`, `Rütbe`, `Birlik`) VALUES ('15', 'Yüzbaşı', 'Deniz Kuvvetleri Komutanlığı');
INSERT INTO `proje`.`askeri_personel` (`PersonelID`, `Rütbe`, `Birlik`) VALUES ('16', 'Deniz Albay', 'Jandarma Genel Komutanlığı');
INSERT INTO `proje`.`askeri_personel` (`PersonelID`, `Rütbe`, `Birlik`) VALUES ('17', 'Deniz Astsubay Kademeli Başçavuş', 'Ege Ordusu');
INSERT INTO `proje`.`askeri_personel` (`PersonelID`, `Rütbe`, `Birlik`) VALUES ('18', 'Pilot Korgeneral', 'Ege Ordusu');
INSERT INTO `proje`.`askeri_personel` (`PersonelID`, `Rütbe`, `Birlik`) VALUES ('19', 'Deniz Koramiral', 'Ege Ordusu');
INSERT INTO `proje`.`askeri_personel` (`PersonelID`, `Rütbe`, `Birlik`) VALUES ('20', 'Koramiral', '2. Ordu');
INSERT INTO `proje`.`askeri_personel` (`PersonelID`, `Rütbe`, `Birlik`) VALUES ('21', 'Pilot Binbaşı', '3. Ordu');
INSERT INTO `proje`.`askeri_personel` (`PersonelID`, `Rütbe`, `Birlik`) VALUES ('22', 'Mareşal', 'Hava Kuvvetleri Komutanlığı');
INSERT INTO `proje`.`askeri_personel` (`PersonelID`, `Rütbe`, `Birlik`) VALUES ('23', 'Deniz Onbaşı', '2. Ordu');
INSERT INTO `proje`.`askeri_personel` (`PersonelID`, `Rütbe`, `Birlik`) VALUES ('24', 'Deniz Çavuş', '1. Ordu');
INSERT INTO `proje`.`askeri_personel` (`PersonelID`, `Rütbe`, `Birlik`) VALUES ('25', 'Astsubay Kademeli Başçavuş', 'Sahil Güvenlik Komutanlığı');
INSERT INTO `proje`.`askeri_personel` (`PersonelID`, `Rütbe`, `Birlik`) VALUES ('26', 'Deniz Onbaşı', 'Hava Kuvvetleri Komutanlığı');
INSERT INTO `proje`.`askeri_personel` (`PersonelID`, `Rütbe`, `Birlik`) VALUES ('27', 'Yedek Orgeneral', 'Kara Kuvvetleri Komutanlığı');
INSERT INTO `proje`.`askeri_personel` (`PersonelID`, `Rütbe`, `Birlik`) VALUES ('28', 'Çavuş', '2. Ordu');
INSERT INTO `proje`.`askeri_personel` (`PersonelID`, `Rütbe`, `Birlik`) VALUES ('29', 'Yüzbaşı', '3. Ordu');
INSERT INTO `proje`.`askeri_personel` (`PersonelID`, `Rütbe`, `Birlik`) VALUES ('30', 'Uzman Onbaşı', 'Jandarma Genel Komutanlığı');
INSERT INTO `proje`.`askeri_personel` (`PersonelID`, `Rütbe`, `Birlik`) VALUES ('31', 'Pilot Binbaşı', '3. Ordu');
INSERT INTO `proje`.`askeri_personel` (`PersonelID`, `Rütbe`, `Birlik`) VALUES ('32', 'Yarbay', 'Kara Kuvvetleri Komutanlığı');
INSERT INTO `proje`.`askeri_personel` (`PersonelID`, `Rütbe`, `Birlik`) VALUES ('33', 'Astsubay Başçavuş', 'Kara Kuvvetleri Komutanlığı');
INSERT INTO `proje`.`askeri_personel` (`PersonelID`, `Rütbe`, `Birlik`) VALUES ('34', 'Kıdemli Asteğmen', 'Deniz Kuvvetleri Komutanlığı');
INSERT INTO `proje`.`askeri_personel` (`PersonelID`, `Rütbe`, `Birlik`) VALUES ('35', 'Onbaşı', '3. Ordu');
INSERT INTO `proje`.`askeri_personel` (`PersonelID`, `Rütbe`, `Birlik`) VALUES ('36', 'Deniz Astsubay Kıdemli Üstçavuş', 'Hava Kuvvetleri Komutanlığı');
INSERT INTO `proje`.`askeri_personel` (`PersonelID`, `Rütbe`, `Birlik`) VALUES ('37', 'Teğmen', 'Ege Ordusu');
INSERT INTO `proje`.`askeri_personel` (`PersonelID`, `Rütbe`, `Birlik`) VALUES ('38', 'Yedek Subay', 'Hava Kuvvetleri Komutanlığı');
INSERT INTO `proje`.`askeri_personel` (`PersonelID`, `Rütbe`, `Birlik`) VALUES ('39', 'Deniz Tümamiral', 'Özel Kuvvetler Komutanlığı');
INSERT INTO `proje`.`askeri_personel` (`PersonelID`, `Rütbe`, `Birlik`) VALUES ('40', 'Deniz Astsubay Çavuş', 'Kara Kuvvetleri Komutanlığı');
INSERT INTO `proje`.`askeri_personel` (`PersonelID`, `Rütbe`, `Birlik`) VALUES ('41', 'Çavuş', 'Kara Kuvvetleri Komutanlığı');
INSERT INTO `proje`.`askeri_personel` (`PersonelID`, `Rütbe`, `Birlik`) VALUES ('42', 'Pilot Yarbay', '1. Ordu');
INSERT INTO `proje`.`askeri_personel` (`PersonelID`, `Rütbe`, `Birlik`) VALUES ('43', 'Deniz Teğmen', 'Özel Kuvvetler Komutanlığı');
INSERT INTO `proje`.`askeri_personel` (`PersonelID`, `Rütbe`, `Birlik`) VALUES ('44', 'Deniz Astsubay Başçavuş', 'Kara Kuvvetleri Komutanlığı');
INSERT INTO `proje`.`askeri_personel` (`PersonelID`, `Rütbe`, `Birlik`) VALUES ('45', 'Deniz Kıdemli Çavuş', 'Jandarma Genel Komutanlığı');
INSERT INTO `proje`.`askeri_personel` (`PersonelID`, `Rütbe`, `Birlik`) VALUES ('46', 'Deniz Astsubay Başçavuş', '3. Ordu');
INSERT INTO `proje`.`askeri_personel` (`PersonelID`, `Rütbe`, `Birlik`) VALUES ('47', 'Astsubay Kademeli Başçavuş', '3. Ordu');
INSERT INTO `proje`.`askeri_personel` (`PersonelID`, `Rütbe`, `Birlik`) VALUES ('48', 'Deniz Onbaşı', 'Kara Kuvvetleri Komutanlığı');
INSERT INTO `proje`.`askeri_personel` (`PersonelID`, `Rütbe`, `Birlik`) VALUES ('49', 'Deniz Üsteğmen', 'Jandarma Genel Komutanlığı');
INSERT INTO `proje`.`askeri_personel` (`PersonelID`, `Rütbe`, `Birlik`) VALUES ('50', 'Deniz Kıdemli Çavuş', '3. Ordu');
INSERT INTO `proje`.`askeri_personel` (`PersonelID`, `Rütbe`, `Birlik`) VALUES ('51', 'Yedek Binbaşı', 'Jandarma Genel Komutanlığı');
INSERT INTO `proje`.`askeri_personel` (`PersonelID`, `Rütbe`, `Birlik`) VALUES ('52', 'Deniz Kıdemli Çavuş', 'Sahil Güvenlik Komutanlığı');
INSERT INTO `proje`.`askeri_personel` (`PersonelID`, `Rütbe`, `Birlik`) VALUES ('53', 'Korgeneral', 'Deniz Kuvvetleri Komutanlığı');
INSERT INTO `proje`.`askeri_personel` (`PersonelID`, `Rütbe`, `Birlik`) VALUES ('54', 'Yedek Orgeneral', '1. Ordu');
INSERT INTO `proje`.`askeri_personel` (`PersonelID`, `Rütbe`, `Birlik`) VALUES ('55', 'Deniz Er', '3. Ordu');
INSERT INTO `proje`.`askeri_personel` (`PersonelID`, `Rütbe`, `Birlik`) VALUES ('56', 'Deniz Yarbay', 'Deniz Kuvvetleri Komutanlığı');
INSERT INTO `proje`.`askeri_personel` (`PersonelID`, `Rütbe`, `Birlik`) VALUES ('57', 'Deniz Tuğamiral', '3. Ordu');
INSERT INTO `proje`.`askeri_personel` (`PersonelID`, `Rütbe`, `Birlik`) VALUES ('58', 'Astsubay Kıdemli Çavuş', '1. Ordu');
INSERT INTO `proje`.`askeri_personel` (`PersonelID`, `Rütbe`, `Birlik`) VALUES ('59', 'Binbaşı', 'Özel Kuvvetler Komutanlığı');
INSERT INTO `proje`.`askeri_personel` (`PersonelID`, `Rütbe`, `Birlik`) VALUES ('60', 'Teğmen', 'Deniz Kuvvetleri Komutanlığı');
INSERT INTO `proje`.`askeri_personel` (`PersonelID`, `Rütbe`, `Birlik`) VALUES ('61', 'Üsteğmen', 'Jandarma Genel Komutanlığı');
INSERT INTO `proje`.`askeri_personel` (`PersonelID`, `Rütbe`, `Birlik`) VALUES ('62', 'Deniz Uzman Çavuş', 'Kara Kuvvetleri Komutanlığı');
INSERT INTO `proje`.`askeri_personel` (`PersonelID`, `Rütbe`, `Birlik`) VALUES ('63', 'Deniz Astsubay Kademeli Başçavuş', 'Sahil Güvenlik Komutanlığı');
INSERT INTO `proje`.`askeri_personel` (`PersonelID`, `Rütbe`, `Birlik`) VALUES ('64', 'Deniz Kıdemli Çavuş', 'Jandarma Genel Komutanlığı');
INSERT INTO `proje`.`askeri_personel` (`PersonelID`, `Rütbe`, `Birlik`) VALUES ('65', 'Deniz Binbaşı', 'Sahil Güvenlik Komutanlığı');
INSERT INTO `proje`.`askeri_personel` (`PersonelID`, `Rütbe`, `Birlik`) VALUES ('66', 'Erbaş', 'Kara Kuvvetleri Komutanlığı');
INSERT INTO `proje`.`askeri_personel` (`PersonelID`, `Rütbe`, `Birlik`) VALUES ('67', 'Astsubay Kıdemli Çavuş', 'Özel Kuvvetler Komutanlığı');
INSERT INTO `proje`.`askeri_personel` (`PersonelID`, `Rütbe`, `Birlik`) VALUES ('68', 'Korgeneral', 'Hava Kuvvetleri Komutanlığı');
INSERT INTO `proje`.`askeri_personel` (`PersonelID`, `Rütbe`, `Birlik`) VALUES ('69', 'Deniz Teğmen', '2. Ordu');
INSERT INTO `proje`.`askeri_personel` (`PersonelID`, `Rütbe`, `Birlik`) VALUES ('70', 'Deniz Mareşali', 'Ege Ordusu');
INSERT INTO `proje`.`askeri_personel` (`PersonelID`, `Rütbe`, `Birlik`) VALUES ('71', 'Deniz Oramiral', '1. Ordu');
INSERT INTO `proje`.`askeri_personel` (`PersonelID`, `Rütbe`, `Birlik`) VALUES ('72', 'Deniz Er', 'Deniz Kuvvetleri Komutanlığı');
INSERT INTO `proje`.`askeri_personel` (`PersonelID`, `Rütbe`, `Birlik`) VALUES ('73', 'Astsubay Kıdemli Çavuş', 'Jandarma Genel Komutanlığı');
INSERT INTO `proje`.`askeri_personel` (`PersonelID`, `Rütbe`, `Birlik`) VALUES ('74', 'Çavuş', 'Ege Ordusu');
INSERT INTO `proje`.`askeri_personel` (`PersonelID`, `Rütbe`, `Birlik`) VALUES ('75', 'Deniz Astsubay Kıdemli Başçavuş', 'Deniz Kuvvetleri Komutanlığı');
INSERT INTO `proje`.`askeri_personel` (`PersonelID`, `Rütbe`, `Birlik`) VALUES ('76', 'Yedek Teğmen', '1. Ordu');
INSERT INTO `proje`.`askeri_personel` (`PersonelID`, `Rütbe`, `Birlik`) VALUES ('77', 'Deniz Üsteğmen', '3. Ordu');
INSERT INTO `proje`.`askeri_personel` (`PersonelID`, `Rütbe`, `Birlik`) VALUES ('78', 'Deniz Kıdemli Çavuş', '1. Ordu');
INSERT INTO `proje`.`askeri_personel` (`PersonelID`, `Rütbe`, `Birlik`) VALUES ('79', 'Deniz Astsubay Kıdemli Başçavuş', 'Hava Kuvvetleri Komutanlığı');
INSERT INTO `proje`.`askeri_personel` (`PersonelID`, `Rütbe`, `Birlik`) VALUES ('80', 'Tuğgeneral', 'Jandarma Genel Komutanlığı');
INSERT INTO `proje`.`askeri_personel` (`PersonelID`, `Rütbe`, `Birlik`) VALUES ('81', 'Deniz Astsubay Üstçavuş', 'Sahil Güvenlik Komutanlığı');
INSERT INTO `proje`.`askeri_personel` (`PersonelID`, `Rütbe`, `Birlik`) VALUES ('82', 'Deniz Binbaşı', 'Hava Kuvvetleri Komutanlığı');
INSERT INTO `proje`.`askeri_personel` (`PersonelID`, `Rütbe`, `Birlik`) VALUES ('83', 'Deniz Astsubay Kıdemli Başçavuş', '1. Ordu');
INSERT INTO `proje`.`askeri_personel` (`PersonelID`, `Rütbe`, `Birlik`) VALUES ('84', 'Deniz Er', 'Deniz Kuvvetleri Komutanlığı');
INSERT INTO `proje`.`askeri_personel` (`PersonelID`, `Rütbe`, `Birlik`) VALUES ('85', 'Pilot Yüzbaşı', 'Kara Kuvvetleri Komutanlığı');
INSERT INTO `proje`.`askeri_personel` (`PersonelID`, `Rütbe`, `Birlik`) VALUES ('86', 'Yedek Yarbay', 'Jandarma Genel Komutanlığı');
INSERT INTO `proje`.`askeri_personel` (`PersonelID`, `Rütbe`, `Birlik`) VALUES ('87', 'Deniz Üsteğmen', '3. Ordu');
INSERT INTO `proje`.`askeri_personel` (`PersonelID`, `Rütbe`, `Birlik`) VALUES ('88', 'Uzman Çavuş', 'Jandarma Genel Komutanlığı');
INSERT INTO `proje`.`askeri_personel` (`PersonelID`, `Rütbe`, `Birlik`) VALUES ('89', 'Deniz Astsubay Kıdemli Üstçavuş', 'Ege Ordusu');
INSERT INTO `proje`.`askeri_personel` (`PersonelID`, `Rütbe`, `Birlik`) VALUES ('90', 'Deniz Tümamiral', 'Deniz Kuvvetleri Komutanlığı');
INSERT INTO `proje`.`askeri_personel` (`PersonelID`, `Rütbe`, `Birlik`) VALUES ('91', 'Deniz Teğmen', 'Özel Kuvvetler Komutanlığı');
INSERT INTO `proje`.`askeri_personel` (`PersonelID`, `Rütbe`, `Birlik`) VALUES ('92', 'Mareşal', 'Ege Ordusu');
INSERT INTO `proje`.`askeri_personel` (`PersonelID`, `Rütbe`, `Birlik`) VALUES ('93', 'Deniz Onbaşı', 'Özel Kuvvetler Komutanlığı');
INSERT INTO `proje`.`askeri_personel` (`PersonelID`, `Rütbe`, `Birlik`) VALUES ('94', 'Yedek Albay', 'Sahil Güvenlik Komutanlığı');
INSERT INTO `proje`.`askeri_personel` (`PersonelID`, `Rütbe`, `Birlik`) VALUES ('95', 'Mareşal', '3. Ordu');
INSERT INTO `proje`.`askeri_personel` (`PersonelID`, `Rütbe`, `Birlik`) VALUES ('96', 'Çavuş', 'Ege Ordusu');
INSERT INTO `proje`.`askeri_personel` (`PersonelID`, `Rütbe`, `Birlik`) VALUES ('97', 'Yedek Korgeneral', 'Hava Kuvvetleri Komutanlığı');
INSERT INTO `proje`.`askeri_personel` (`PersonelID`, `Rütbe`, `Birlik`) VALUES ('98', 'Pilot Korgeneral', '1. Ordu');
INSERT INTO `proje`.`askeri_personel` (`PersonelID`, `Rütbe`, `Birlik`) VALUES ('99', 'Deniz Uzman Çavuş', 'Kara Kuvvetleri Komutanlığı');
INSERT INTO `proje`.`askeri_personel` (`PersonelID`, `Rütbe`, `Birlik`) VALUES ('100', 'Deniz Tuğamiral', 'Kara Kuvvetleri Komutanlığı');
INSERT INTO `proje`.`askeri_personel` (`PersonelID`, `Rütbe`, `Birlik`) VALUES ('101', 'Deniz Yüzbaşı', 'Ege Ordusu');
INSERT INTO `proje`.`askeri_personel` (`PersonelID`, `Rütbe`, `Birlik`) VALUES ('102', 'Deniz Tümamiral', '2. Ordu');
INSERT INTO `proje`.`askeri_personel` (`PersonelID`, `Rütbe`, `Birlik`) VALUES ('103', 'Binbaşı', 'Kara Kuvvetleri Komutanlığı');
INSERT INTO `proje`.`askeri_personel` (`PersonelID`, `Rütbe`, `Birlik`) VALUES ('104', 'Korgeneral', 'Jandarma Genel Komutanlığı');
INSERT INTO `proje`.`askeri_personel` (`PersonelID`, `Rütbe`, `Birlik`) VALUES ('105', 'Kıdemli Çavuş', 'Jandarma Genel Komutanlığı');
INSERT INTO `proje`.`askeri_personel` (`PersonelID`, `Rütbe`, `Birlik`) VALUES ('106', 'Deniz Tuğamiral', '3. Ordu');
INSERT INTO `proje`.`askeri_personel` (`PersonelID`, `Rütbe`, `Birlik`) VALUES ('107', 'Deniz Yarbay', 'Kara Kuvvetleri Komutanlığı');
INSERT INTO `proje`.`askeri_personel` (`PersonelID`, `Rütbe`, `Birlik`) VALUES ('108', 'Yedek Tümgeneral', '3. Ordu');
INSERT INTO `proje`.`askeri_personel` (`PersonelID`, `Rütbe`, `Birlik`) VALUES ('109', 'Deniz Koramiral', '3. Ordu');
INSERT INTO `proje`.`askeri_personel` (`PersonelID`, `Rütbe`, `Birlik`) VALUES ('110', 'Deniz Astsubay Çavuş', 'Özel Kuvvetler Komutanlığı');
INSERT INTO `proje`.`askeri_personel` (`PersonelID`, `Rütbe`, `Birlik`) VALUES ('111', 'Tuğgeneral', 'Deniz Kuvvetleri Komutanlığı');
INSERT INTO `proje`.`askeri_personel` (`PersonelID`, `Rütbe`, `Birlik`) VALUES ('112', 'Uzman Çavuş', 'Deniz Kuvvetleri Komutanlığı');
INSERT INTO `proje`.`askeri_personel` (`PersonelID`, `Rütbe`, `Birlik`) VALUES ('113', 'Teğmen', 'Deniz Kuvvetleri Komutanlığı');
INSERT INTO `proje`.`askeri_personel` (`PersonelID`, `Rütbe`, `Birlik`) VALUES ('114', 'Deniz Tümamiral', 'Sahil Güvenlik Komutanlığı');
INSERT INTO `proje`.`askeri_personel` (`PersonelID`, `Rütbe`, `Birlik`) VALUES ('115', 'Deniz Üsteğmen', '3. Ordu');
INSERT INTO `proje`.`askeri_personel` (`PersonelID`, `Rütbe`, `Birlik`) VALUES ('116', 'Deniz Üsteğmen', '2. Ordu');
INSERT INTO `proje`.`askeri_personel` (`PersonelID`, `Rütbe`, `Birlik`) VALUES ('117', 'Deniz Üsteğmen', '1. Ordu');
INSERT INTO `proje`.`askeri_personel` (`PersonelID`, `Rütbe`, `Birlik`) VALUES ('118', 'Pilot Korgeneral', 'Özel Kuvvetler Komutanlığı');
INSERT INTO `proje`.`askeri_personel` (`PersonelID`, `Rütbe`, `Birlik`) VALUES ('119', 'Yedek Tuğgeneral', 'Jandarma Genel Komutanlığı');
INSERT INTO `proje`.`askeri_personel` (`PersonelID`, `Rütbe`, `Birlik`) VALUES ('120', 'Deniz Koramiral', 'Hava Kuvvetleri Komutanlığı');
INSERT INTO `proje`.`askeri_personel` (`PersonelID`, `Rütbe`, `Birlik`) VALUES ('121', 'Deniz Er', 'Özel Kuvvetler Komutanlığı');
INSERT INTO `proje`.`askeri_personel` (`PersonelID`, `Rütbe`, `Birlik`) VALUES ('122', 'Deniz Astsubay Çavuş', '2. Ordu');
INSERT INTO `proje`.`askeri_personel` (`PersonelID`, `Rütbe`, `Birlik`) VALUES ('123', 'Deniz Onbaşı', 'Özel Kuvvetler Komutanlığı');
INSERT INTO `proje`.`askeri_personel` (`PersonelID`, `Rütbe`, `Birlik`) VALUES ('124', 'Deniz Astsubay Kıdemli Üstçavuş', '3. Ordu');
INSERT INTO `proje`.`askeri_personel` (`PersonelID`, `Rütbe`, `Birlik`) VALUES ('125', 'Yedek Yüzbaşı', 'Hava Kuvvetleri Komutanlığı');
INSERT INTO `proje`.`askeri_personel` (`PersonelID`, `Rütbe`, `Birlik`) VALUES ('126', 'Deniz Astsubay Kıdemli Çavuş', 'Ege Ordusu');
INSERT INTO `proje`.`askeri_personel` (`PersonelID`, `Rütbe`, `Birlik`) VALUES ('127', 'Kıdemli Amiral', 'Ege Ordusu');
INSERT INTO `proje`.`askeri_personel` (`PersonelID`, `Rütbe`, `Birlik`) VALUES ('128', 'Yedek Albay', 'Sahil Güvenlik Komutanlığı');
INSERT INTO `proje`.`askeri_personel` (`PersonelID`, `Rütbe`, `Birlik`) VALUES ('129', 'Astsubay Üstçavuş', '1. Ordu');
INSERT INTO `proje`.`askeri_personel` (`PersonelID`, `Rütbe`, `Birlik`) VALUES ('130', 'Deniz Astsubay Kıdemli Başçavuş', '1. Ordu');
INSERT INTO `proje`.`askeri_personel` (`PersonelID`, `Rütbe`, `Birlik`) VALUES ('131', 'Amiral', '1. Ordu');
INSERT INTO `proje`.`askeri_personel` (`PersonelID`, `Rütbe`, `Birlik`) VALUES ('132', 'Deniz Tuğamiral', 'Özel Kuvvetler Komutanlığı');
INSERT INTO `proje`.`askeri_personel` (`PersonelID`, `Rütbe`, `Birlik`) VALUES ('133', 'Yedek Yüzbaşı', 'Ege Ordusu');
INSERT INTO `proje`.`askeri_personel` (`PersonelID`, `Rütbe`, `Birlik`) VALUES ('134', 'Yedek Yüzbaşı', 'Kara Kuvvetleri Komutanlığı');
INSERT INTO `proje`.`askeri_personel` (`PersonelID`, `Rütbe`, `Birlik`) VALUES ('135', 'Tuğgeneral', 'Ege Ordusu');
INSERT INTO `proje`.`askeri_personel` (`PersonelID`, `Rütbe`, `Birlik`) VALUES ('136', 'Kıdemli Yüzbaşı', 'Sahil Güvenlik Komutanlığı');
INSERT INTO `proje`.`askeri_personel` (`PersonelID`, `Rütbe`, `Birlik`) VALUES ('137', 'Tuğamiral', 'Ege Ordusu');
INSERT INTO `proje`.`askeri_personel` (`PersonelID`, `Rütbe`, `Birlik`) VALUES ('138', 'Astsubay Çavuş', 'Özel Kuvvetler Komutanlığı');
INSERT INTO `proje`.`askeri_personel` (`PersonelID`, `Rütbe`, `Birlik`) VALUES ('139', 'Astsubay Kıdemli Üstçavuş', '2. Ordu');
INSERT INTO `proje`.`askeri_personel` (`PersonelID`, `Rütbe`, `Birlik`) VALUES ('140', 'Deniz Yarbay', '1. Ordu');
INSERT INTO `proje`.`askeri_personel` (`PersonelID`, `Rütbe`, `Birlik`) VALUES ('141', 'Binbaşı', '1. Ordu');
INSERT INTO `proje`.`askeri_personel` (`PersonelID`, `Rütbe`, `Birlik`) VALUES ('142', 'Yedek Üsteğmen', '3. Ordu');
INSERT INTO `proje`.`askeri_personel` (`PersonelID`, `Rütbe`, `Birlik`) VALUES ('143', 'Küçük Amiral', 'Ege Ordusu');
INSERT INTO `proje`.`askeri_personel` (`PersonelID`, `Rütbe`, `Birlik`) VALUES ('144', 'Yedek Teğmen', 'Özel Kuvvetler Komutanlığı');
INSERT INTO `proje`.`askeri_personel` (`PersonelID`, `Rütbe`, `Birlik`) VALUES ('145', 'Kıdemli Yüzbaşı', 'Deniz Kuvvetleri Komutanlığı');
INSERT INTO `proje`.`askeri_personel` (`PersonelID`, `Rütbe`, `Birlik`) VALUES ('146', 'Kıdemli Amiral', '1. Ordu');
INSERT INTO `proje`.`askeri_personel` (`PersonelID`, `Rütbe`, `Birlik`) VALUES ('147', 'Kıdemli Albay', 'Hava Kuvvetleri Komutanlığı');
INSERT INTO `proje`.`askeri_personel` (`PersonelID`, `Rütbe`, `Birlik`) VALUES ('148', 'Uzman Onbaşı', 'Özel Kuvvetler Komutanlığı');
INSERT INTO `proje`.`askeri_personel` (`PersonelID`, `Rütbe`, `Birlik`) VALUES ('149', 'Küçük Amiral', '3. Ordu');
INSERT INTO `proje`.`askeri_personel` (`PersonelID`, `Rütbe`, `Birlik`) VALUES ('150', 'Deniz Astsubay Kıdemli Başçavuş', '3. Ordu');
INSERT INTO `proje`.`askeri_personel` (`PersonelID`, `Rütbe`, `Birlik`) VALUES ('151', 'Astsubay Kademeli Başçavuş', 'Deniz Kuvvetleri Komutanlığı');
INSERT INTO `proje`.`askeri_personel` (`PersonelID`, `Rütbe`, `Birlik`) VALUES ('152', 'Deniz Binbaşı', '1. Ordu');
INSERT INTO `proje`.`askeri_personel` (`PersonelID`, `Rütbe`, `Birlik`) VALUES ('153', 'Korgeneral', 'Kara Kuvvetleri Komutanlığı');
INSERT INTO `proje`.`askeri_personel` (`PersonelID`, `Rütbe`, `Birlik`) VALUES ('154', 'Deniz Astsubay Kıdemli Üstçavuş', 'Sahil Güvenlik Komutanlığı');
INSERT INTO `proje`.`askeri_personel` (`PersonelID`, `Rütbe`, `Birlik`) VALUES ('155', 'Deniz Albay', '3. Ordu');
INSERT INTO `proje`.`askeri_personel` (`PersonelID`, `Rütbe`, `Birlik`) VALUES ('156', 'Deniz Yarbay', '2. Ordu');
INSERT INTO `proje`.`askeri_personel` (`PersonelID`, `Rütbe`, `Birlik`) VALUES ('157', 'Deniz Onbaşı', 'Deniz Kuvvetleri Komutanlığı');
INSERT INTO `proje`.`askeri_personel` (`PersonelID`, `Rütbe`, `Birlik`) VALUES ('158', 'Pilot Orgeneral', '1. Ordu');
INSERT INTO `proje`.`askeri_personel` (`PersonelID`, `Rütbe`, `Birlik`) VALUES ('159', 'Yedek Yüzbaşı', '1. Ordu');
INSERT INTO `proje`.`askeri_personel` (`PersonelID`, `Rütbe`, `Birlik`) VALUES ('160', 'Koramiral', 'Sahil Güvenlik Komutanlığı');
INSERT INTO `proje`.`askeri_personel` (`PersonelID`, `Rütbe`, `Birlik`) VALUES ('161', 'Deniz Astsubay Kıdemli Çavuş', '3. Ordu');
INSERT INTO `proje`.`askeri_personel` (`PersonelID`, `Rütbe`, `Birlik`) VALUES ('162', 'Pilot Binbaşı', 'Sahil Güvenlik Komutanlığı');
INSERT INTO `proje`.`askeri_personel` (`PersonelID`, `Rütbe`, `Birlik`) VALUES ('163', 'Kıdemli Albay', 'Deniz Kuvvetleri Komutanlığı');
INSERT INTO `proje`.`askeri_personel` (`PersonelID`, `Rütbe`, `Birlik`) VALUES ('164', 'Deniz Üsteğmen', 'Sahil Güvenlik Komutanlığı');
INSERT INTO `proje`.`askeri_personel` (`PersonelID`, `Rütbe`, `Birlik`) VALUES ('165', 'Üsteğmen', 'Özel Kuvvetler Komutanlığı');
INSERT INTO `proje`.`askeri_personel` (`PersonelID`, `Rütbe`, `Birlik`) VALUES ('166', 'Deniz Astsubay Üstçavuş', 'Jandarma Genel Komutanlığı');
INSERT INTO `proje`.`askeri_personel` (`PersonelID`, `Rütbe`, `Birlik`) VALUES ('167', 'Teğmen', 'Ege Ordusu');
INSERT INTO `proje`.`askeri_personel` (`PersonelID`, `Rütbe`, `Birlik`) VALUES ('168', 'Deniz Astsubay Başçavuş', 'Kara Kuvvetleri Komutanlığı');
INSERT INTO `proje`.`askeri_personel` (`PersonelID`, `Rütbe`, `Birlik`) VALUES ('169', 'Tuğgeneral', 'Jandarma Genel Komutanlığı');
INSERT INTO `proje`.`askeri_personel` (`PersonelID`, `Rütbe`, `Birlik`) VALUES ('170', 'Kıdemli Çavuş', '1. Ordu');
INSERT INTO `proje`.`askeri_personel` (`PersonelID`, `Rütbe`, `Birlik`) VALUES ('171', 'Deniz Onbaşı', 'Özel Kuvvetler Komutanlığı');
INSERT INTO `proje`.`askeri_personel` (`PersonelID`, `Rütbe`, `Birlik`) VALUES ('172', 'Kıdemli Albay', '1. Ordu');
INSERT INTO `proje`.`askeri_personel` (`PersonelID`, `Rütbe`, `Birlik`) VALUES ('173', 'Tuğgeneral', 'Kara Kuvvetleri Komutanlığı');
INSERT INTO `proje`.`askeri_personel` (`PersonelID`, `Rütbe`, `Birlik`) VALUES ('174', 'Yedek Yarbay', '2. Ordu');
INSERT INTO `proje`.`askeri_personel` (`PersonelID`, `Rütbe`, `Birlik`) VALUES ('175', 'Koramiral', 'Ege Ordusu');
INSERT INTO `proje`.`askeri_personel` (`PersonelID`, `Rütbe`, `Birlik`) VALUES ('176', 'Yedek Korgeneral', 'Ege Ordusu');
INSERT INTO `proje`.`askeri_personel` (`PersonelID`, `Rütbe`, `Birlik`) VALUES ('177', 'Yedek Subay', '1. Ordu');
INSERT INTO `proje`.`askeri_personel` (`PersonelID`, `Rütbe`, `Birlik`) VALUES ('178', 'Deniz Astsubay Üstçavuş', 'Özel Kuvvetler Komutanlığı');
INSERT INTO `proje`.`askeri_personel` (`PersonelID`, `Rütbe`, `Birlik`) VALUES ('179', 'Deniz Er', 'Kara Kuvvetleri Komutanlığı');
INSERT INTO `proje`.`askeri_personel` (`PersonelID`, `Rütbe`, `Birlik`) VALUES ('180', 'Onbaşı', '2. Ordu');
INSERT INTO `proje`.`askeri_personel` (`PersonelID`, `Rütbe`, `Birlik`) VALUES ('181', 'Deniz Er', '1. Ordu');
INSERT INTO `proje`.`askeri_personel` (`PersonelID`, `Rütbe`, `Birlik`) VALUES ('182', 'Deniz Koramiral', '1. Ordu');
INSERT INTO `proje`.`askeri_personel` (`PersonelID`, `Rütbe`, `Birlik`) VALUES ('183', 'Asteğmen', 'Deniz Kuvvetleri Komutanlığı');
INSERT INTO `proje`.`askeri_personel` (`PersonelID`, `Rütbe`, `Birlik`) VALUES ('184', 'Deniz Binbaşı', '2. Ordu');
INSERT INTO `proje`.`askeri_personel` (`PersonelID`, `Rütbe`, `Birlik`) VALUES ('185', 'Deniz Tuğamiral', 'Sahil Güvenlik Komutanlığı');
INSERT INTO `proje`.`askeri_personel` (`PersonelID`, `Rütbe`, `Birlik`) VALUES ('186', 'Deniz Astsubay Kıdemli Başçavuş', '2. Ordu');
INSERT INTO `proje`.`askeri_personel` (`PersonelID`, `Rütbe`, `Birlik`) VALUES ('187', 'Deniz Astsubay Çavuş', 'Ege Ordusu');
INSERT INTO `proje`.`askeri_personel` (`PersonelID`, `Rütbe`, `Birlik`) VALUES ('188', 'Pilot Tümgeneral', 'Özel Kuvvetler Komutanlığı');
INSERT INTO `proje`.`askeri_personel` (`PersonelID`, `Rütbe`, `Birlik`) VALUES ('189', 'Deniz Koramiral', 'Deniz Kuvvetleri Komutanlığı');
INSERT INTO `proje`.`askeri_personel` (`PersonelID`, `Rütbe`, `Birlik`) VALUES ('190', 'Deniz Albay', 'Kara Kuvvetleri Komutanlığı');
INSERT INTO `proje`.`askeri_personel` (`PersonelID`, `Rütbe`, `Birlik`) VALUES ('191', 'Deniz Üsteğmen', '1. Ordu');
INSERT INTO `proje`.`askeri_personel` (`PersonelID`, `Rütbe`, `Birlik`) VALUES ('192', 'Deniz Tümamiral', 'Özel Kuvvetler Komutanlığı');
INSERT INTO `proje`.`askeri_personel` (`PersonelID`, `Rütbe`, `Birlik`) VALUES ('193', 'Deniz Koramiral', '3. Ordu');
INSERT INTO `proje`.`askeri_personel` (`PersonelID`, `Rütbe`, `Birlik`) VALUES ('194', 'Pilot Albay', 'Deniz Kuvvetleri Komutanlığı');
INSERT INTO `proje`.`askeri_personel` (`PersonelID`, `Rütbe`, `Birlik`) VALUES ('195', 'Deniz Kıdemli Çavuş', 'Hava Kuvvetleri Komutanlığı');
INSERT INTO `proje`.`askeri_personel` (`PersonelID`, `Rütbe`, `Birlik`) VALUES ('196', 'Deniz Kıdemli Çavuş', 'Jandarma Genel Komutanlığı');
INSERT INTO `proje`.`askeri_personel` (`PersonelID`, `Rütbe`, `Birlik`) VALUES ('197', 'Astsubay Kıdemli Başçavuş', '3. Ordu');
INSERT INTO `proje`.`askeri_personel` (`PersonelID`, `Rütbe`, `Birlik`) VALUES ('198', 'Yedek Subay', 'Kara Kuvvetleri Komutanlığı');
INSERT INTO `proje`.`askeri_personel` (`PersonelID`, `Rütbe`, `Birlik`) VALUES ('199', 'Binbaşı', 'Hava Kuvvetleri Komutanlığı');
INSERT INTO `proje`.`askeri_personel` (`PersonelID`, `Rütbe`, `Birlik`) VALUES ('200', 'Pilot Tümgeneral', '1. Ordu');
INSERT INTO `proje`.`askeri_personel` (`PersonelID`, `Rütbe`, `Birlik`) VALUES ('201', 'Deniz Çavuş', 'Sahil Güvenlik Komutanlığı');
INSERT INTO `proje`.`askeri_personel` (`PersonelID`, `Rütbe`, `Birlik`) VALUES ('202', 'Pilot Tuğgeneral', '3. Ordu');
INSERT INTO `proje`.`askeri_personel` (`PersonelID`, `Rütbe`, `Birlik`) VALUES ('203', 'Tümgeneral', '2. Ordu');
INSERT INTO `proje`.`askeri_personel` (`PersonelID`, `Rütbe`, `Birlik`) VALUES ('204', 'Deniz Üsteğmen', 'Jandarma Genel Komutanlığı');
INSERT INTO `proje`.`askeri_personel` (`PersonelID`, `Rütbe`, `Birlik`) VALUES ('205', 'Deniz Yüzbaşı', 'Deniz Kuvvetleri Komutanlığı');
INSERT INTO `proje`.`askeri_personel` (`PersonelID`, `Rütbe`, `Birlik`) VALUES ('206', 'Deniz Koramiral', 'Ege Ordusu');
INSERT INTO `proje`.`askeri_personel` (`PersonelID`, `Rütbe`, `Birlik`) VALUES ('207', 'Deniz Kıdemli Çavuş', 'Hava Kuvvetleri Komutanlığı');
INSERT INTO `proje`.`askeri_personel` (`PersonelID`, `Rütbe`, `Birlik`) VALUES ('208', 'Deniz Kıdemli Çavuş', 'Ege Ordusu');
INSERT INTO `proje`.`askeri_personel` (`PersonelID`, `Rütbe`, `Birlik`) VALUES ('209', 'Deniz Üsteğmen', 'Hava Kuvvetleri Komutanlığı');
INSERT INTO `proje`.`askeri_personel` (`PersonelID`, `Rütbe`, `Birlik`) VALUES ('210', 'Amiral', 'Ege Ordusu');
INSERT INTO `proje`.`askeri_personel` (`PersonelID`, `Rütbe`, `Birlik`) VALUES ('211', 'Yedek Teğmen', 'Hava Kuvvetleri Komutanlığı');
INSERT INTO `proje`.`askeri_personel` (`PersonelID`, `Rütbe`, `Birlik`) VALUES ('212', 'Deniz Albay', 'Jandarma Genel Komutanlığı');
INSERT INTO `proje`.`askeri_personel` (`PersonelID`, `Rütbe`, `Birlik`) VALUES ('213', 'Deniz Tuğamiral', '2. Ordu');
INSERT INTO `proje`.`askeri_personel` (`PersonelID`, `Rütbe`, `Birlik`) VALUES ('214', 'Uzman Çavuş', '3. Ordu');
INSERT INTO `proje`.`askeri_personel` (`PersonelID`, `Rütbe`, `Birlik`) VALUES ('215', 'Deniz Oramiral', 'Deniz Kuvvetleri Komutanlığı');
INSERT INTO `proje`.`askeri_personel` (`PersonelID`, `Rütbe`, `Birlik`) VALUES ('216', 'Deniz Yarbay', 'Deniz Kuvvetleri Komutanlığı');
INSERT INTO `proje`.`askeri_personel` (`PersonelID`, `Rütbe`, `Birlik`) VALUES ('217', 'Deniz Üsteğmen', '2. Ordu');
INSERT INTO `proje`.`askeri_personel` (`PersonelID`, `Rütbe`, `Birlik`) VALUES ('218', 'Deniz Tuğamiral', 'Hava Kuvvetleri Komutanlığı');
INSERT INTO `proje`.`askeri_personel` (`PersonelID`, `Rütbe`, `Birlik`) VALUES ('219', 'Deniz Astsubay Kademeli Başçavuş', 'Hava Kuvvetleri Komutanlığı');
INSERT INTO `proje`.`askeri_personel` (`PersonelID`, `Rütbe`, `Birlik`) VALUES ('220', 'Üsteğmen', 'Kara Kuvvetleri Komutanlığı');
INSERT INTO `proje`.`askeri_personel` (`PersonelID`, `Rütbe`, `Birlik`) VALUES ('221', 'Yedek Teğmen', 'Jandarma Genel Komutanlığı');
INSERT INTO `proje`.`askeri_personel` (`PersonelID`, `Rütbe`, `Birlik`) VALUES ('222', 'Pilot Yarbay', 'Deniz Kuvvetleri Komutanlığı');
INSERT INTO `proje`.`askeri_personel` (`PersonelID`, `Rütbe`, `Birlik`) VALUES ('223', 'Yarbay', 'Özel Kuvvetler Komutanlığı');
INSERT INTO `proje`.`askeri_personel` (`PersonelID`, `Rütbe`, `Birlik`) VALUES ('224', 'Pilot Yarbay', 'Özel Kuvvetler Komutanlığı');
INSERT INTO `proje`.`askeri_personel` (`PersonelID`, `Rütbe`, `Birlik`) VALUES ('225', 'Albay', '2. Ordu');
INSERT INTO `proje`.`askeri_personel` (`PersonelID`, `Rütbe`, `Birlik`) VALUES ('226', 'Deniz Teğmen', 'Kara Kuvvetleri Komutanlığı');
INSERT INTO `proje`.`askeri_personel` (`PersonelID`, `Rütbe`, `Birlik`) VALUES ('227', 'Deniz Oramiral', 'Jandarma Genel Komutanlığı');
INSERT INTO `proje`.`askeri_personel` (`PersonelID`, `Rütbe`, `Birlik`) VALUES ('228', 'Deniz Yarbay', 'Kara Kuvvetleri Komutanlığı');
INSERT INTO `proje`.`askeri_personel` (`PersonelID`, `Rütbe`, `Birlik`) VALUES ('229', 'Deniz Astsubay Başçavuş', 'Deniz Kuvvetleri Komutanlığı');
INSERT INTO `proje`.`askeri_personel` (`PersonelID`, `Rütbe`, `Birlik`) VALUES ('230', 'Pilot Tuğgeneral', 'Sahil Güvenlik Komutanlığı');
INSERT INTO `proje`.`askeri_personel` (`PersonelID`, `Rütbe`, `Birlik`) VALUES ('231', 'Er', 'Kara Kuvvetleri Komutanlığı');
INSERT INTO `proje`.`askeri_personel` (`PersonelID`, `Rütbe`, `Birlik`) VALUES ('232', 'Pilot Binbaşı', 'Hava Kuvvetleri Komutanlığı');
INSERT INTO `proje`.`askeri_personel` (`PersonelID`, `Rütbe`, `Birlik`) VALUES ('233', 'Deniz Astsubay Üstçavuş', '1. Ordu');
INSERT INTO `proje`.`askeri_personel` (`PersonelID`, `Rütbe`, `Birlik`) VALUES ('234', 'Deniz Koramiral', 'Kara Kuvvetleri Komutanlığı');
INSERT INTO `proje`.`askeri_personel` (`PersonelID`, `Rütbe`, `Birlik`) VALUES ('235', 'Astsubay Kıdemli Üstçavuş', '3. Ordu');
INSERT INTO `proje`.`askeri_personel` (`PersonelID`, `Rütbe`, `Birlik`) VALUES ('236', 'Deniz Er', 'Jandarma Genel Komutanlığı');
INSERT INTO `proje`.`askeri_personel` (`PersonelID`, `Rütbe`, `Birlik`) VALUES ('237', 'Deniz Tümamiral', 'Kara Kuvvetleri Komutanlığı');
INSERT INTO `proje`.`askeri_personel` (`PersonelID`, `Rütbe`, `Birlik`) VALUES ('238', 'Deniz Astsubay Başçavuş', 'Deniz Kuvvetleri Komutanlığı');
INSERT INTO `proje`.`askeri_personel` (`PersonelID`, `Rütbe`, `Birlik`) VALUES ('239', 'Deniz Koramiral', 'Kara Kuvvetleri Komutanlığı');
INSERT INTO `proje`.`askeri_personel` (`PersonelID`, `Rütbe`, `Birlik`) VALUES ('240', 'Deniz Yüzbaşı', 'Kara Kuvvetleri Komutanlığı');
INSERT INTO `proje`.`askeri_personel` (`PersonelID`, `Rütbe`, `Birlik`) VALUES ('241', 'Deniz Astsubay Kıdemli Üstçavuş', 'Ege Ordusu');
INSERT INTO `proje`.`askeri_personel` (`PersonelID`, `Rütbe`, `Birlik`) VALUES ('242', 'Deniz Yarbay', 'Ege Ordusu');
INSERT INTO `proje`.`askeri_personel` (`PersonelID`, `Rütbe`, `Birlik`) VALUES ('243', 'Deniz Yüzbaşı', 'Sahil Güvenlik Komutanlığı');
INSERT INTO `proje`.`askeri_personel` (`PersonelID`, `Rütbe`, `Birlik`) VALUES ('244', 'Orgeneral', 'Kara Kuvvetleri Komutanlığı');
INSERT INTO `proje`.`askeri_personel` (`PersonelID`, `Rütbe`, `Birlik`) VALUES ('245', 'Korgeneral', '3. Ordu');
INSERT INTO `proje`.`askeri_personel` (`PersonelID`, `Rütbe`, `Birlik`) VALUES ('246', 'Pilot Yüzbaşı', '1. Ordu');
INSERT INTO `proje`.`askeri_personel` (`PersonelID`, `Rütbe`, `Birlik`) VALUES ('247', 'Deniz Astsubay Kıdemli Çavuş', 'Özel Kuvvetler Komutanlığı');
INSERT INTO `proje`.`askeri_personel` (`PersonelID`, `Rütbe`, `Birlik`) VALUES ('248', 'Deniz Astsubay Kıdemli Başçavuş', 'Kara Kuvvetleri Komutanlığı');
INSERT INTO `proje`.`askeri_personel` (`PersonelID`, `Rütbe`, `Birlik`) VALUES ('249', 'Deniz Astsubay Çavuş', 'Jandarma Genel Komutanlığı');
INSERT INTO `proje`.`askeri_personel` (`PersonelID`, `Rütbe`, `Birlik`) VALUES ('250', 'Amiral', 'Sahil Güvenlik Komutanlığı');
INSERT INTO `proje`.`askeri_personel` (`PersonelID`, `Rütbe`, `Birlik`) VALUES ('251', 'Deniz Uzman Çavuş', 'Hava Kuvvetleri Komutanlığı');
INSERT INTO `proje`.`askeri_personel` (`PersonelID`, `Rütbe`, `Birlik`) VALUES ('252', 'Yedek Tümgeneral', 'Ege Ordusu');
INSERT INTO `proje`.`askeri_personel` (`PersonelID`, `Rütbe`, `Birlik`) VALUES ('253', 'Tümgeneral', 'Hava Kuvvetleri Komutanlığı');
INSERT INTO `proje`.`askeri_personel` (`PersonelID`, `Rütbe`, `Birlik`) VALUES ('254', 'Deniz Yarbay', 'Jandarma Genel Komutanlığı');
INSERT INTO `proje`.`askeri_personel` (`PersonelID`, `Rütbe`, `Birlik`) VALUES ('255', 'Kıdemli Albay', '2. Ordu');
INSERT INTO `proje`.`askeri_personel` (`PersonelID`, `Rütbe`, `Birlik`) VALUES ('256', 'Astsubay Başçavuş', 'Hava Kuvvetleri Komutanlığı');
INSERT INTO `proje`.`askeri_personel` (`PersonelID`, `Rütbe`, `Birlik`) VALUES ('257', 'Kıdemli Amiral', 'Sahil Güvenlik Komutanlığı');
INSERT INTO `proje`.`askeri_personel` (`PersonelID`, `Rütbe`, `Birlik`) VALUES ('258', 'Deniz Uzman Çavuş', 'Hava Kuvvetleri Komutanlığı');
INSERT INTO `proje`.`askeri_personel` (`PersonelID`, `Rütbe`, `Birlik`) VALUES ('259', 'Korgeneral', 'Özel Kuvvetler Komutanlığı');
INSERT INTO `proje`.`askeri_personel` (`PersonelID`, `Rütbe`, `Birlik`) VALUES ('260', 'Pilot Tümgeneral', 'Kara Kuvvetleri Komutanlığı');
INSERT INTO `proje`.`askeri_personel` (`PersonelID`, `Rütbe`, `Birlik`) VALUES ('261', 'Deniz Astsubay Kıdemli Başçavuş', '3. Ordu');
INSERT INTO `proje`.`askeri_personel` (`PersonelID`, `Rütbe`, `Birlik`) VALUES ('262', 'Kıdemli Asteğmen', '2. Ordu');
INSERT INTO `proje`.`askeri_personel` (`PersonelID`, `Rütbe`, `Birlik`) VALUES ('263', 'Yedek Tümgeneral', 'Deniz Kuvvetleri Komutanlığı');
INSERT INTO `proje`.`askeri_personel` (`PersonelID`, `Rütbe`, `Birlik`) VALUES ('264', 'Çavuş', 'Kara Kuvvetleri Komutanlığı');
INSERT INTO `proje`.`askeri_personel` (`PersonelID`, `Rütbe`, `Birlik`) VALUES ('265', 'Deniz Astsubay Kademeli Başçavuş', 'Jandarma Genel Komutanlığı');
INSERT INTO `proje`.`askeri_personel` (`PersonelID`, `Rütbe`, `Birlik`) VALUES ('266', 'Deniz Binbaşı', '2. Ordu');
INSERT INTO `proje`.`askeri_personel` (`PersonelID`, `Rütbe`, `Birlik`) VALUES ('267', 'Deniz Teğmen', '1. Ordu');
INSERT INTO `proje`.`askeri_personel` (`PersonelID`, `Rütbe`, `Birlik`) VALUES ('268', 'Orgeneral', '1. Ordu');
INSERT INTO `proje`.`askeri_personel` (`PersonelID`, `Rütbe`, `Birlik`) VALUES ('269', 'Deniz Yarbay', 'Deniz Kuvvetleri Komutanlığı');
INSERT INTO `proje`.`askeri_personel` (`PersonelID`, `Rütbe`, `Birlik`) VALUES ('270', 'Uzman Çavuş', 'Ege Ordusu');
INSERT INTO `proje`.`askeri_personel` (`PersonelID`, `Rütbe`, `Birlik`) VALUES ('271', 'Deniz Yarbay', 'Kara Kuvvetleri Komutanlığı');
INSERT INTO `proje`.`askeri_personel` (`PersonelID`, `Rütbe`, `Birlik`) VALUES ('272', 'Deniz Oramiral', '1. Ordu');
INSERT INTO `proje`.`askeri_personel` (`PersonelID`, `Rütbe`, `Birlik`) VALUES ('273', 'Deniz Kıdemli Çavuş', 'Hava Kuvvetleri Komutanlığı');
INSERT INTO `proje`.`askeri_personel` (`PersonelID`, `Rütbe`, `Birlik`) VALUES ('274', 'Mareşal', 'Jandarma Genel Komutanlığı');
INSERT INTO `proje`.`askeri_personel` (`PersonelID`, `Rütbe`, `Birlik`) VALUES ('275', 'Pilot Yarbay', '2. Ordu');
INSERT INTO `proje`.`askeri_personel` (`PersonelID`, `Rütbe`, `Birlik`) VALUES ('276', 'Deniz Astsubay Üstçavuş', '2. Ordu');
INSERT INTO `proje`.`askeri_personel` (`PersonelID`, `Rütbe`, `Birlik`) VALUES ('277', 'Astsubay Üstçavuş', 'Jandarma Genel Komutanlığı');
INSERT INTO `proje`.`askeri_personel` (`PersonelID`, `Rütbe`, `Birlik`) VALUES ('278', 'Deniz Albay', 'Kara Kuvvetleri Komutanlığı');
INSERT INTO `proje`.`askeri_personel` (`PersonelID`, `Rütbe`, `Birlik`) VALUES ('279', 'Albay', 'Ege Ordusu');
INSERT INTO `proje`.`askeri_personel` (`PersonelID`, `Rütbe`, `Birlik`) VALUES ('280', 'Pilot Üsteğmen', 'Deniz Kuvvetleri Komutanlığı');
INSERT INTO `proje`.`askeri_personel` (`PersonelID`, `Rütbe`, `Birlik`) VALUES ('281', 'Yedek Yüzbaşı', 'Sahil Güvenlik Komutanlığı');
INSERT INTO `proje`.`askeri_personel` (`PersonelID`, `Rütbe`, `Birlik`) VALUES ('282', 'Korgeneral', 'Özel Kuvvetler Komutanlığı');
INSERT INTO `proje`.`askeri_personel` (`PersonelID`, `Rütbe`, `Birlik`) VALUES ('283', 'Amiral', 'Ege Ordusu');
INSERT INTO `proje`.`askeri_personel` (`PersonelID`, `Rütbe`, `Birlik`) VALUES ('284', 'Yedek Orgeneral', 'Sahil Güvenlik Komutanlığı');
INSERT INTO `proje`.`askeri_personel` (`PersonelID`, `Rütbe`, `Birlik`) VALUES ('285', 'Astsubay Üstçavuş', 'Jandarma Genel Komutanlığı');
INSERT INTO `proje`.`askeri_personel` (`PersonelID`, `Rütbe`, `Birlik`) VALUES ('286', 'Deniz Yüzbaşı', '2. Ordu');
INSERT INTO `proje`.`askeri_personel` (`PersonelID`, `Rütbe`, `Birlik`) VALUES ('287', 'Deniz Yarbay', 'Jandarma Genel Komutanlığı');
INSERT INTO `proje`.`askeri_personel` (`PersonelID`, `Rütbe`, `Birlik`) VALUES ('288', 'Üsteğmen', 'Deniz Kuvvetleri Komutanlığı');
INSERT INTO `proje`.`askeri_personel` (`PersonelID`, `Rütbe`, `Birlik`) VALUES ('289', 'Deniz Astsubay Kıdemli Üstçavuş', 'Hava Kuvvetleri Komutanlığı');
INSERT INTO `proje`.`askeri_personel` (`PersonelID`, `Rütbe`, `Birlik`) VALUES ('290', 'Deniz Astsubay Başçavuş', 'Özel Kuvvetler Komutanlığı');
INSERT INTO `proje`.`askeri_personel` (`PersonelID`, `Rütbe`, `Birlik`) VALUES ('291', 'Yüzbaşı', 'Kara Kuvvetleri Komutanlığı');
INSERT INTO `proje`.`askeri_personel` (`PersonelID`, `Rütbe`, `Birlik`) VALUES ('292', 'Pilot Binbaşı', 'Özel Kuvvetler Komutanlığı');
INSERT INTO `proje`.`askeri_personel` (`PersonelID`, `Rütbe`, `Birlik`) VALUES ('293', 'Yarbay', 'Sahil Güvenlik Komutanlığı');
INSERT INTO `proje`.`askeri_personel` (`PersonelID`, `Rütbe`, `Birlik`) VALUES ('294', 'Yedek Üsteğmen', 'Özel Kuvvetler Komutanlığı');
INSERT INTO `proje`.`askeri_personel` (`PersonelID`, `Rütbe`, `Birlik`) VALUES ('295', 'Uzman Çavuş', '3. Ordu');
INSERT INTO `proje`.`askeri_personel` (`PersonelID`, `Rütbe`, `Birlik`) VALUES ('296', 'Deniz Onbaşı', 'Hava Kuvvetleri Komutanlığı');
INSERT INTO `proje`.`askeri_personel` (`PersonelID`, `Rütbe`, `Birlik`) VALUES ('297', 'Deniz Astsubay Kıdemli Çavuş', 'Ege Ordusu');
INSERT INTO `proje`.`askeri_personel` (`PersonelID`, `Rütbe`, `Birlik`) VALUES ('298', 'Deniz Onbaşı', 'Özel Kuvvetler Komutanlığı');
INSERT INTO `proje`.`askeri_personel` (`PersonelID`, `Rütbe`, `Birlik`) VALUES ('299', 'Yedek Astsubay', 'Jandarma Genel Komutanlığı');
INSERT INTO `proje`.`askeri_personel` (`PersonelID`, `Rütbe`, `Birlik`) VALUES ('300', 'Astsubay Üstçavuş', 'Özel Kuvvetler Komutanlığı');
INSERT INTO `proje`.`askeri_personel` (`PersonelID`, `Rütbe`, `Birlik`) VALUES ('301', 'Yedek Tuğgeneral', 'Özel Kuvvetler Komutanlığı');
INSERT INTO `proje`.`askeri_personel` (`PersonelID`, `Rütbe`, `Birlik`) VALUES ('302', 'Deniz Tümamiral', 'Kara Kuvvetleri Komutanlığı');
INSERT INTO `proje`.`askeri_personel` (`PersonelID`, `Rütbe`, `Birlik`) VALUES ('303', 'Kıdemli Yüzbaşı', '1. Ordu');
INSERT INTO `proje`.`askeri_personel` (`PersonelID`, `Rütbe`, `Birlik`) VALUES ('304', 'Binbaşı', 'Kara Kuvvetleri Komutanlığı');
INSERT INTO `proje`.`askeri_personel` (`PersonelID`, `Rütbe`, `Birlik`) VALUES ('305', 'Erbaş', 'Ege Ordusu');
INSERT INTO `proje`.`askeri_personel` (`PersonelID`, `Rütbe`, `Birlik`) VALUES ('306', 'Pilot Yüzbaşı', 'Jandarma Genel Komutanlığı');
INSERT INTO `proje`.`askeri_personel` (`PersonelID`, `Rütbe`, `Birlik`) VALUES ('307', 'Deniz Uzman Çavuş', 'Kara Kuvvetleri Komutanlığı');
INSERT INTO `proje`.`askeri_personel` (`PersonelID`, `Rütbe`, `Birlik`) VALUES ('308', 'Yedek Yüzbaşı', 'Deniz Kuvvetleri Komutanlığı');
INSERT INTO `proje`.`askeri_personel` (`PersonelID`, `Rütbe`, `Birlik`) VALUES ('309', 'Pilot Teğmen', 'Ege Ordusu');
INSERT INTO `proje`.`askeri_personel` (`PersonelID`, `Rütbe`, `Birlik`) VALUES ('310', 'Kıdemli Yüzbaşı', 'Deniz Kuvvetleri Komutanlığı');
INSERT INTO `proje`.`askeri_personel` (`PersonelID`, `Rütbe`, `Birlik`) VALUES ('311', 'Yedek Tümgeneral', 'Deniz Kuvvetleri Komutanlığı');
INSERT INTO `proje`.`askeri_personel` (`PersonelID`, `Rütbe`, `Birlik`) VALUES ('312', 'Deniz Yüzbaşı', 'Ege Ordusu');
INSERT INTO `proje`.`askeri_personel` (`PersonelID`, `Rütbe`, `Birlik`) VALUES ('313', 'Küçük Amiral', 'Kara Kuvvetleri Komutanlığı');
INSERT INTO `proje`.`askeri_personel` (`PersonelID`, `Rütbe`, `Birlik`) VALUES ('314', 'Yedek Tuğgeneral', 'Kara Kuvvetleri Komutanlığı');
INSERT INTO `proje`.`askeri_personel` (`PersonelID`, `Rütbe`, `Birlik`) VALUES ('315', 'Er', 'Jandarma Genel Komutanlığı');
INSERT INTO `proje`.`askeri_personel` (`PersonelID`, `Rütbe`, `Birlik`) VALUES ('316', 'Orgeneral', 'Ege Ordusu');
INSERT INTO `proje`.`askeri_personel` (`PersonelID`, `Rütbe`, `Birlik`) VALUES ('317', 'Deniz Astsubay Kıdemli Başçavuş', 'Hava Kuvvetleri Komutanlığı');
INSERT INTO `proje`.`askeri_personel` (`PersonelID`, `Rütbe`, `Birlik`) VALUES ('318', 'Küçük Amiral', 'Deniz Kuvvetleri Komutanlığı');
INSERT INTO `proje`.`askeri_personel` (`PersonelID`, `Rütbe`, `Birlik`) VALUES ('319', 'Deniz Astsubay Üstçavuş', 'Deniz Kuvvetleri Komutanlığı');
INSERT INTO `proje`.`askeri_personel` (`PersonelID`, `Rütbe`, `Birlik`) VALUES ('320', 'Pilot Yüzbaşı', 'Deniz Kuvvetleri Komutanlığı');
INSERT INTO `proje`.`askeri_personel` (`PersonelID`, `Rütbe`, `Birlik`) VALUES ('321', 'Yedek Tuğgeneral', 'Sahil Güvenlik Komutanlığı');
INSERT INTO `proje`.`askeri_personel` (`PersonelID`, `Rütbe`, `Birlik`) VALUES ('322', 'Deniz Astsubay Kıdemli Üstçavuş', 'Ege Ordusu');
INSERT INTO `proje`.`askeri_personel` (`PersonelID`, `Rütbe`, `Birlik`) VALUES ('323', 'Pilot Binbaşı', '3. Ordu');
INSERT INTO `proje`.`askeri_personel` (`PersonelID`, `Rütbe`, `Birlik`) VALUES ('324', 'Yedek Korgeneral', 'Ege Ordusu');
INSERT INTO `proje`.`askeri_personel` (`PersonelID`, `Rütbe`, `Birlik`) VALUES ('325', 'Deniz Astsubay Kademeli Başçavuş', 'Hava Kuvvetleri Komutanlığı');
INSERT INTO `proje`.`askeri_personel` (`PersonelID`, `Rütbe`, `Birlik`) VALUES ('326', 'Deniz Mareşali', 'Özel Kuvvetler Komutanlığı');
INSERT INTO `proje`.`askeri_personel` (`PersonelID`, `Rütbe`, `Birlik`) VALUES ('327', 'Deniz Yarbay', '2. Ordu');
INSERT INTO `proje`.`askeri_personel` (`PersonelID`, `Rütbe`, `Birlik`) VALUES ('328', 'Astsubay Üstçavuş', 'Jandarma Genel Komutanlığı');
INSERT INTO `proje`.`askeri_personel` (`PersonelID`, `Rütbe`, `Birlik`) VALUES ('329', 'Pilot Yüzbaşı', 'Deniz Kuvvetleri Komutanlığı');
INSERT INTO `proje`.`askeri_personel` (`PersonelID`, `Rütbe`, `Birlik`) VALUES ('330', 'Pilot Tümgeneral', 'Özel Kuvvetler Komutanlığı');
INSERT INTO `proje`.`askeri_personel` (`PersonelID`, `Rütbe`, `Birlik`) VALUES ('331', 'Kıdemli Albay', 'Hava Kuvvetleri Komutanlığı');
INSERT INTO `proje`.`askeri_personel` (`PersonelID`, `Rütbe`, `Birlik`) VALUES ('332', 'Deniz Yarbay', 'Sahil Güvenlik Komutanlığı');
INSERT INTO `proje`.`askeri_personel` (`PersonelID`, `Rütbe`, `Birlik`) VALUES ('333', 'Koramiral', 'Kara Kuvvetleri Komutanlığı');
INSERT INTO `proje`.`askeri_personel` (`PersonelID`, `Rütbe`, `Birlik`) VALUES ('334', 'Kıdemli Binbaşı', '2. Ordu');
INSERT INTO `proje`.`askeri_personel` (`PersonelID`, `Rütbe`, `Birlik`) VALUES ('335', 'Kıdemli Çavuş', '1. Ordu');
INSERT INTO `proje`.`askeri_personel` (`PersonelID`, `Rütbe`, `Birlik`) VALUES ('336', 'Deniz Astsubay Başçavuş', '3. Ordu');
INSERT INTO `proje`.`askeri_personel` (`PersonelID`, `Rütbe`, `Birlik`) VALUES ('337', 'Deniz Astsubay Kıdemli Çavuş', 'Ege Ordusu');
INSERT INTO `proje`.`askeri_personel` (`PersonelID`, `Rütbe`, `Birlik`) VALUES ('338', 'Binbaşı', 'Deniz Kuvvetleri Komutanlığı');
INSERT INTO `proje`.`askeri_personel` (`PersonelID`, `Rütbe`, `Birlik`) VALUES ('339', 'Onbaşı', 'Sahil Güvenlik Komutanlığı');
INSERT INTO `proje`.`askeri_personel` (`PersonelID`, `Rütbe`, `Birlik`) VALUES ('340', 'Deniz Astsubay Üstçavuş', 'Kara Kuvvetleri Komutanlığı');
INSERT INTO `proje`.`askeri_personel` (`PersonelID`, `Rütbe`, `Birlik`) VALUES ('341', 'Mareşal', 'Deniz Kuvvetleri Komutanlığı');
INSERT INTO `proje`.`askeri_personel` (`PersonelID`, `Rütbe`, `Birlik`) VALUES ('342', 'Deniz Oramiral', 'Özel Kuvvetler Komutanlığı');
INSERT INTO `proje`.`askeri_personel` (`PersonelID`, `Rütbe`, `Birlik`) VALUES ('343', 'Deniz Üsteğmen', 'Ege Ordusu');
INSERT INTO `proje`.`askeri_personel` (`PersonelID`, `Rütbe`, `Birlik`) VALUES ('344', 'Deniz Teğmen', 'Özel Kuvvetler Komutanlığı');
INSERT INTO `proje`.`askeri_personel` (`PersonelID`, `Rütbe`, `Birlik`) VALUES ('345', 'Yedek Astsubay', 'Özel Kuvvetler Komutanlığı');
INSERT INTO `proje`.`askeri_personel` (`PersonelID`, `Rütbe`, `Birlik`) VALUES ('346', 'Deniz Albay', '1. Ordu');
INSERT INTO `proje`.`askeri_personel` (`PersonelID`, `Rütbe`, `Birlik`) VALUES ('347', 'Kıdemli Binbaşı', 'Özel Kuvvetler Komutanlığı');
INSERT INTO `proje`.`askeri_personel` (`PersonelID`, `Rütbe`, `Birlik`) VALUES ('348', 'Deniz Astsubay Kademeli Başçavuş', '1. Ordu');
INSERT INTO `proje`.`askeri_personel` (`PersonelID`, `Rütbe`, `Birlik`) VALUES ('349', 'Deniz Kıdemli Çavuş', 'Deniz Kuvvetleri Komutanlığı');
INSERT INTO `proje`.`askeri_personel` (`PersonelID`, `Rütbe`, `Birlik`) VALUES ('350', 'Mareşal', 'Hava Kuvvetleri Komutanlığı');
INSERT INTO `proje`.`askeri_personel` (`PersonelID`, `Rütbe`, `Birlik`) VALUES ('351', 'Deniz Onbaşı', '3. Ordu');
INSERT INTO `proje`.`askeri_personel` (`PersonelID`, `Rütbe`, `Birlik`) VALUES ('352', 'Orgeneral', 'Deniz Kuvvetleri Komutanlığı');
INSERT INTO `proje`.`askeri_personel` (`PersonelID`, `Rütbe`, `Birlik`) VALUES ('353', 'Kıdemli Albay', 'Deniz Kuvvetleri Komutanlığı');
INSERT INTO `proje`.`askeri_personel` (`PersonelID`, `Rütbe`, `Birlik`) VALUES ('354', 'Astsubay Başçavuş', '2. Ordu');
INSERT INTO `proje`.`askeri_personel` (`PersonelID`, `Rütbe`, `Birlik`) VALUES ('355', 'Deniz Astsubay Kıdemli Başçavuş', 'Ege Ordusu');
INSERT INTO `proje`.`askeri_personel` (`PersonelID`, `Rütbe`, `Birlik`) VALUES ('356', 'Pilot Yüzbaşı', '2. Ordu');
INSERT INTO `proje`.`askeri_personel` (`PersonelID`, `Rütbe`, `Birlik`) VALUES ('357', 'Yüzbaşı', '1. Ordu');
INSERT INTO `proje`.`askeri_personel` (`PersonelID`, `Rütbe`, `Birlik`) VALUES ('358', 'Yarbay', 'Sahil Güvenlik Komutanlığı');
INSERT INTO `proje`.`askeri_personel` (`PersonelID`, `Rütbe`, `Birlik`) VALUES ('359', 'Deniz Teğmen', 'Özel Kuvvetler Komutanlığı');
INSERT INTO `proje`.`askeri_personel` (`PersonelID`, `Rütbe`, `Birlik`) VALUES ('360', 'Deniz Yarbay', 'Jandarma Genel Komutanlığı');
INSERT INTO `proje`.`askeri_personel` (`PersonelID`, `Rütbe`, `Birlik`) VALUES ('361', 'Uzman Onbaşı', 'Özel Kuvvetler Komutanlığı');
INSERT INTO `proje`.`askeri_personel` (`PersonelID`, `Rütbe`, `Birlik`) VALUES ('362', 'Astsubay Üstçavuş', 'Jandarma Genel Komutanlığı');
INSERT INTO `proje`.`askeri_personel` (`PersonelID`, `Rütbe`, `Birlik`) VALUES ('363', 'Deniz Er', '1. Ordu');
INSERT INTO `proje`.`askeri_personel` (`PersonelID`, `Rütbe`, `Birlik`) VALUES ('364', 'Deniz Astsubay Üstçavuş', '3. Ordu');
INSERT INTO `proje`.`askeri_personel` (`PersonelID`, `Rütbe`, `Birlik`) VALUES ('365', 'Pilot Korgeneral', 'Özel Kuvvetler Komutanlığı');
INSERT INTO `proje`.`askeri_personel` (`PersonelID`, `Rütbe`, `Birlik`) VALUES ('366', 'Er', '2. Ordu');
INSERT INTO `proje`.`askeri_personel` (`PersonelID`, `Rütbe`, `Birlik`) VALUES ('367', 'Üsteğmen', 'Ege Ordusu');
INSERT INTO `proje`.`askeri_personel` (`PersonelID`, `Rütbe`, `Birlik`) VALUES ('368', 'Deniz Yarbay', 'Özel Kuvvetler Komutanlığı');
INSERT INTO `proje`.`askeri_personel` (`PersonelID`, `Rütbe`, `Birlik`) VALUES ('369', 'Teğmen', '3. Ordu');
INSERT INTO `proje`.`askeri_personel` (`PersonelID`, `Rütbe`, `Birlik`) VALUES ('370', 'Tuğgeneral', 'Özel Kuvvetler Komutanlığı');
INSERT INTO `proje`.`askeri_personel` (`PersonelID`, `Rütbe`, `Birlik`) VALUES ('371', 'Pilot Binbaşı', '2. Ordu');
INSERT INTO `proje`.`askeri_personel` (`PersonelID`, `Rütbe`, `Birlik`) VALUES ('372', 'Tümgeneral', '2. Ordu');
INSERT INTO `proje`.`askeri_personel` (`PersonelID`, `Rütbe`, `Birlik`) VALUES ('373', 'Deniz Yüzbaşı', 'Hava Kuvvetleri Komutanlığı');
INSERT INTO `proje`.`askeri_personel` (`PersonelID`, `Rütbe`, `Birlik`) VALUES ('374', 'Oramiral', 'Ege Ordusu');
INSERT INTO `proje`.`askeri_personel` (`PersonelID`, `Rütbe`, `Birlik`) VALUES ('375', 'Deniz Tümamiral', 'Hava Kuvvetleri Komutanlığı');
INSERT INTO `proje`.`askeri_personel` (`PersonelID`, `Rütbe`, `Birlik`) VALUES ('376', 'Deniz Astsubay Kıdemli Başçavuş', 'Deniz Kuvvetleri Komutanlığı');
INSERT INTO `proje`.`askeri_personel` (`PersonelID`, `Rütbe`, `Birlik`) VALUES ('377', 'Pilot Yarbay', 'Hava Kuvvetleri Komutanlığı');
INSERT INTO `proje`.`askeri_personel` (`PersonelID`, `Rütbe`, `Birlik`) VALUES ('378', 'Yedek Albay', 'Jandarma Genel Komutanlığı');
INSERT INTO `proje`.`askeri_personel` (`PersonelID`, `Rütbe`, `Birlik`) VALUES ('379', 'Yedek Yarbay', 'Hava Kuvvetleri Komutanlığı');
INSERT INTO `proje`.`askeri_personel` (`PersonelID`, `Rütbe`, `Birlik`) VALUES ('380', 'Orgeneral', 'Özel Kuvvetler Komutanlığı');
INSERT INTO `proje`.`askeri_personel` (`PersonelID`, `Rütbe`, `Birlik`) VALUES ('381', 'Pilot Tuğgeneral', '1. Ordu');
INSERT INTO `proje`.`askeri_personel` (`PersonelID`, `Rütbe`, `Birlik`) VALUES ('382', 'Uzman Çavuş', 'Hava Kuvvetleri Komutanlığı');
INSERT INTO `proje`.`askeri_personel` (`PersonelID`, `Rütbe`, `Birlik`) VALUES ('383', 'Deniz Astsubay Başçavuş', 'Özel Kuvvetler Komutanlığı');
INSERT INTO `proje`.`askeri_personel` (`PersonelID`, `Rütbe`, `Birlik`) VALUES ('384', 'Deniz Astsubay Çavuş', '2. Ordu');
INSERT INTO `proje`.`askeri_personel` (`PersonelID`, `Rütbe`, `Birlik`) VALUES ('385', 'Deniz Binbaşı', 'Hava Kuvvetleri Komutanlığı');
INSERT INTO `proje`.`askeri_personel` (`PersonelID`, `Rütbe`, `Birlik`) VALUES ('386', 'Yüzbaşı', '2. Ordu');
INSERT INTO `proje`.`askeri_personel` (`PersonelID`, `Rütbe`, `Birlik`) VALUES ('387', 'Astsubay Kıdemli Üstçavuş', '3. Ordu');
INSERT INTO `proje`.`askeri_personel` (`PersonelID`, `Rütbe`, `Birlik`) VALUES ('388', 'Astsubay Kıdemli Başçavuş', 'Deniz Kuvvetleri Komutanlığı');
INSERT INTO `proje`.`askeri_personel` (`PersonelID`, `Rütbe`, `Birlik`) VALUES ('389', 'Pilot Üsteğmen', 'Kara Kuvvetleri Komutanlığı');
INSERT INTO `proje`.`askeri_personel` (`PersonelID`, `Rütbe`, `Birlik`) VALUES ('390', 'Kıdemli Albay', '2. Ordu');
INSERT INTO `proje`.`askeri_personel` (`PersonelID`, `Rütbe`, `Birlik`) VALUES ('391', 'Pilot Tuğgeneral', 'Hava Kuvvetleri Komutanlığı');
INSERT INTO `proje`.`askeri_personel` (`PersonelID`, `Rütbe`, `Birlik`) VALUES ('392', 'Yedek Binbaşı', 'Kara Kuvvetleri Komutanlığı');
INSERT INTO `proje`.`askeri_personel` (`PersonelID`, `Rütbe`, `Birlik`) VALUES ('393', 'Deniz Mareşali', 'Hava Kuvvetleri Komutanlığı');
INSERT INTO `proje`.`askeri_personel` (`PersonelID`, `Rütbe`, `Birlik`) VALUES ('394', 'Deniz Tuğamiral', 'Sahil Güvenlik Komutanlığı');
INSERT INTO `proje`.`askeri_personel` (`PersonelID`, `Rütbe`, `Birlik`) VALUES ('395', 'Deniz Oramiral', 'Ege Ordusu');
INSERT INTO `proje`.`askeri_personel` (`PersonelID`, `Rütbe`, `Birlik`) VALUES ('396', 'Deniz Oramiral', '3. Ordu');
INSERT INTO `proje`.`askeri_personel` (`PersonelID`, `Rütbe`, `Birlik`) VALUES ('397', 'Teğmen', '1. Ordu');
INSERT INTO `proje`.`askeri_personel` (`PersonelID`, `Rütbe`, `Birlik`) VALUES ('398', 'Astsubay Kıdemli Başçavuş', '1. Ordu');
INSERT INTO `proje`.`askeri_personel` (`PersonelID`, `Rütbe`, `Birlik`) VALUES ('399', 'Yedek Orgeneral', '1. Ordu');
INSERT INTO `proje`.`askeri_personel` (`PersonelID`, `Rütbe`, `Birlik`) VALUES ('400', 'Asteğmen', '3. Ordu');
INSERT INTO `proje`.`askeri_personel` (`PersonelID`, `Rütbe`, `Birlik`) VALUES ('401', 'Pilot Korgeneral', '1. Ordu');
INSERT INTO `proje`.`askeri_personel` (`PersonelID`, `Rütbe`, `Birlik`) VALUES ('402', 'Astsubay Kıdemli Üstçavuş', 'Jandarma Genel Komutanlığı');
INSERT INTO `proje`.`askeri_personel` (`PersonelID`, `Rütbe`, `Birlik`) VALUES ('403', 'Deniz Binbaşı', '3. Ordu');
INSERT INTO `proje`.`askeri_personel` (`PersonelID`, `Rütbe`, `Birlik`) VALUES ('404', 'Pilot Yarbay', '2. Ordu');
INSERT INTO `proje`.`askeri_personel` (`PersonelID`, `Rütbe`, `Birlik`) VALUES ('405', 'Deniz Koramiral', '3. Ordu');
INSERT INTO `proje`.`askeri_personel` (`PersonelID`, `Rütbe`, `Birlik`) VALUES ('406', 'Deniz Astsubay Kademeli Başçavuş', '1. Ordu');
INSERT INTO `proje`.`askeri_personel` (`PersonelID`, `Rütbe`, `Birlik`) VALUES ('407', 'Pilot Yüzbaşı', '3. Ordu');
INSERT INTO `proje`.`askeri_personel` (`PersonelID`, `Rütbe`, `Birlik`) VALUES ('408', 'Tuğamiral', 'Deniz Kuvvetleri Komutanlığı');
INSERT INTO `proje`.`askeri_personel` (`PersonelID`, `Rütbe`, `Birlik`) VALUES ('409', 'Deniz Astsubay Kademeli Başçavuş', 'Deniz Kuvvetleri Komutanlığı');
INSERT INTO `proje`.`askeri_personel` (`PersonelID`, `Rütbe`, `Birlik`) VALUES ('410', 'Oramiral', '1. Ordu');
INSERT INTO `proje`.`askeri_personel` (`PersonelID`, `Rütbe`, `Birlik`) VALUES ('411', 'Deniz Yüzbaşı', 'Jandarma Genel Komutanlığı');
INSERT INTO `proje`.`askeri_personel` (`PersonelID`, `Rütbe`, `Birlik`) VALUES ('412', 'Deniz Çavuş', '3. Ordu');
INSERT INTO `proje`.`askeri_personel` (`PersonelID`, `Rütbe`, `Birlik`) VALUES ('413', 'Deniz Binbaşı', 'Ege Ordusu');
INSERT INTO `proje`.`askeri_personel` (`PersonelID`, `Rütbe`, `Birlik`) VALUES ('414', 'Deniz Astsubay Kademeli Başçavuş', 'Kara Kuvvetleri Komutanlığı');
INSERT INTO `proje`.`askeri_personel` (`PersonelID`, `Rütbe`, `Birlik`) VALUES ('415', 'Deniz Kıdemli Çavuş', 'Sahil Güvenlik Komutanlığı');
INSERT INTO `proje`.`askeri_personel` (`PersonelID`, `Rütbe`, `Birlik`) VALUES ('416', 'Deniz Oramiral', '1. Ordu');
INSERT INTO `proje`.`askeri_personel` (`PersonelID`, `Rütbe`, `Birlik`) VALUES ('417', 'Deniz Er', 'Sahil Güvenlik Komutanlığı');
INSERT INTO `proje`.`askeri_personel` (`PersonelID`, `Rütbe`, `Birlik`) VALUES ('418', 'Astsubay Kıdemli Üstçavuş', 'Sahil Güvenlik Komutanlığı');
INSERT INTO `proje`.`askeri_personel` (`PersonelID`, `Rütbe`, `Birlik`) VALUES ('419', 'Küçük Amiral', '2. Ordu');
INSERT INTO `proje`.`askeri_personel` (`PersonelID`, `Rütbe`, `Birlik`) VALUES ('420', 'Deniz Tuğamiral', '1. Ordu');
INSERT INTO `proje`.`askeri_personel` (`PersonelID`, `Rütbe`, `Birlik`) VALUES ('421', 'Pilot Albay', 'Özel Kuvvetler Komutanlığı');
INSERT INTO `proje`.`askeri_personel` (`PersonelID`, `Rütbe`, `Birlik`) VALUES ('422', 'Kıdemli Amiral', 'Deniz Kuvvetleri Komutanlığı');
INSERT INTO `proje`.`askeri_personel` (`PersonelID`, `Rütbe`, `Birlik`) VALUES ('423', 'Yedek Tümgeneral', 'Ege Ordusu');
INSERT INTO `proje`.`askeri_personel` (`PersonelID`, `Rütbe`, `Birlik`) VALUES ('424', 'Deniz Yarbay', 'Ege Ordusu');
INSERT INTO `proje`.`askeri_personel` (`PersonelID`, `Rütbe`, `Birlik`) VALUES ('425', 'Deniz Er', 'Hava Kuvvetleri Komutanlığı');
INSERT INTO `proje`.`askeri_personel` (`PersonelID`, `Rütbe`, `Birlik`) VALUES ('426', 'Yedek Albay', '2. Ordu');
INSERT INTO `proje`.`askeri_personel` (`PersonelID`, `Rütbe`, `Birlik`) VALUES ('427', 'Erbaş', 'Özel Kuvvetler Komutanlığı');
INSERT INTO `proje`.`askeri_personel` (`PersonelID`, `Rütbe`, `Birlik`) VALUES ('428', 'Deniz Oramiral', '3. Ordu');
INSERT INTO `proje`.`askeri_personel` (`PersonelID`, `Rütbe`, `Birlik`) VALUES ('429', 'Deniz Yarbay', '2. Ordu');
INSERT INTO `proje`.`askeri_personel` (`PersonelID`, `Rütbe`, `Birlik`) VALUES ('430', 'Deniz Albay', '3. Ordu');
INSERT INTO `proje`.`askeri_personel` (`PersonelID`, `Rütbe`, `Birlik`) VALUES ('431', 'Yedek Yüzbaşı', 'Jandarma Genel Komutanlığı');
INSERT INTO `proje`.`askeri_personel` (`PersonelID`, `Rütbe`, `Birlik`) VALUES ('432', 'Deniz Tuğamiral', 'Özel Kuvvetler Komutanlığı');
INSERT INTO `proje`.`askeri_personel` (`PersonelID`, `Rütbe`, `Birlik`) VALUES ('433', 'Deniz Üsteğmen', 'Özel Kuvvetler Komutanlığı');
INSERT INTO `proje`.`askeri_personel` (`PersonelID`, `Rütbe`, `Birlik`) VALUES ('434', 'Tuğgeneral', '2. Ordu');
INSERT INTO `proje`.`askeri_personel` (`PersonelID`, `Rütbe`, `Birlik`) VALUES ('435', 'Deniz Albay', 'Ege Ordusu');
INSERT INTO `proje`.`askeri_personel` (`PersonelID`, `Rütbe`, `Birlik`) VALUES ('436', 'Oramiral', 'Özel Kuvvetler Komutanlığı');
INSERT INTO `proje`.`askeri_personel` (`PersonelID`, `Rütbe`, `Birlik`) VALUES ('437', 'Teğmen', '3. Ordu');
INSERT INTO `proje`.`askeri_personel` (`PersonelID`, `Rütbe`, `Birlik`) VALUES ('438', 'Deniz Yüzbaşı', '2. Ordu');
INSERT INTO `proje`.`askeri_personel` (`PersonelID`, `Rütbe`, `Birlik`) VALUES ('439', 'Deniz Onbaşı', 'Jandarma Genel Komutanlığı');
INSERT INTO `proje`.`askeri_personel` (`PersonelID`, `Rütbe`, `Birlik`) VALUES ('440', 'Deniz Astsubay Başçavuş', 'Kara Kuvvetleri Komutanlığı');
INSERT INTO `proje`.`askeri_personel` (`PersonelID`, `Rütbe`, `Birlik`) VALUES ('441', 'Yedek Tuğgeneral', 'Kara Kuvvetleri Komutanlığı');
INSERT INTO `proje`.`askeri_personel` (`PersonelID`, `Rütbe`, `Birlik`) VALUES ('442', 'Deniz Astsubay Kıdemli Üstçavuş', 'Kara Kuvvetleri Komutanlığı');
INSERT INTO `proje`.`askeri_personel` (`PersonelID`, `Rütbe`, `Birlik`) VALUES ('443', 'Deniz Koramiral', '2. Ordu');
INSERT INTO `proje`.`askeri_personel` (`PersonelID`, `Rütbe`, `Birlik`) VALUES ('444', 'Deniz Kıdemli Çavuş', '3. Ordu');
INSERT INTO `proje`.`askeri_personel` (`PersonelID`, `Rütbe`, `Birlik`) VALUES ('445', 'Deniz Kıdemli Çavuş', 'Jandarma Genel Komutanlığı');
INSERT INTO `proje`.`askeri_personel` (`PersonelID`, `Rütbe`, `Birlik`) VALUES ('446', 'Deniz Binbaşı', '2. Ordu');
INSERT INTO `proje`.`askeri_personel` (`PersonelID`, `Rütbe`, `Birlik`) VALUES ('447', 'Deniz Yüzbaşı', 'Hava Kuvvetleri Komutanlığı');
INSERT INTO `proje`.`askeri_personel` (`PersonelID`, `Rütbe`, `Birlik`) VALUES ('448', 'Kıdemli Albay', '3. Ordu');
INSERT INTO `proje`.`askeri_personel` (`PersonelID`, `Rütbe`, `Birlik`) VALUES ('449', 'Er', 'Hava Kuvvetleri Komutanlığı');
INSERT INTO `proje`.`askeri_personel` (`PersonelID`, `Rütbe`, `Birlik`) VALUES ('450', 'Deniz Astsubay Üstçavuş', '2. Ordu');
INSERT INTO `proje`.`askeri_personel` (`PersonelID`, `Rütbe`, `Birlik`) VALUES ('451', 'Yedek Yüzbaşı', '2. Ordu');
INSERT INTO `proje`.`askeri_personel` (`PersonelID`, `Rütbe`, `Birlik`) VALUES ('452', 'Deniz Üsteğmen', 'Hava Kuvvetleri Komutanlığı');
INSERT INTO `proje`.`askeri_personel` (`PersonelID`, `Rütbe`, `Birlik`) VALUES ('453', 'Deniz Tuğamiral', 'Hava Kuvvetleri Komutanlığı');
INSERT INTO `proje`.`askeri_personel` (`PersonelID`, `Rütbe`, `Birlik`) VALUES ('454', 'Deniz Onbaşı', '1. Ordu');
INSERT INTO `proje`.`askeri_personel` (`PersonelID`, `Rütbe`, `Birlik`) VALUES ('455', 'Deniz Tümamiral', 'Deniz Kuvvetleri Komutanlığı');
INSERT INTO `proje`.`askeri_personel` (`PersonelID`, `Rütbe`, `Birlik`) VALUES ('456', 'Deniz Yarbay', 'Kara Kuvvetleri Komutanlığı');
INSERT INTO `proje`.`askeri_personel` (`PersonelID`, `Rütbe`, `Birlik`) VALUES ('457', 'Deniz Er', '2. Ordu');
INSERT INTO `proje`.`askeri_personel` (`PersonelID`, `Rütbe`, `Birlik`) VALUES ('458', 'Deniz Astsubay Başçavuş', '2. Ordu');
INSERT INTO `proje`.`askeri_personel` (`PersonelID`, `Rütbe`, `Birlik`) VALUES ('459', 'Tuğgeneral', '2. Ordu');
INSERT INTO `proje`.`askeri_personel` (`PersonelID`, `Rütbe`, `Birlik`) VALUES ('460', 'Çavuş', '1. Ordu');
INSERT INTO `proje`.`askeri_personel` (`PersonelID`, `Rütbe`, `Birlik`) VALUES ('461', 'Tuğgeneral', 'Hava Kuvvetleri Komutanlığı');
INSERT INTO `proje`.`askeri_personel` (`PersonelID`, `Rütbe`, `Birlik`) VALUES ('462', 'Kıdemli Çavuş', 'Hava Kuvvetleri Komutanlığı');
INSERT INTO `proje`.`askeri_personel` (`PersonelID`, `Rütbe`, `Birlik`) VALUES ('463', 'Deniz Kıdemli Çavuş', 'Hava Kuvvetleri Komutanlığı');
INSERT INTO `proje`.`askeri_personel` (`PersonelID`, `Rütbe`, `Birlik`) VALUES ('464', 'Er', 'Sahil Güvenlik Komutanlığı');
INSERT INTO `proje`.`askeri_personel` (`PersonelID`, `Rütbe`, `Birlik`) VALUES ('465', 'Oramiral', 'Hava Kuvvetleri Komutanlığı');
INSERT INTO `proje`.`askeri_personel` (`PersonelID`, `Rütbe`, `Birlik`) VALUES ('466', 'Deniz Astsubay Kıdemli Başçavuş', '2. Ordu');
INSERT INTO `proje`.`askeri_personel` (`PersonelID`, `Rütbe`, `Birlik`) VALUES ('467', 'Yedek Üsteğmen', '2. Ordu');
INSERT INTO `proje`.`askeri_personel` (`PersonelID`, `Rütbe`, `Birlik`) VALUES ('468', 'Yedek Binbaşı', 'Deniz Kuvvetleri Komutanlığı');
INSERT INTO `proje`.`askeri_personel` (`PersonelID`, `Rütbe`, `Birlik`) VALUES ('469', 'Deniz Çavuş', 'Özel Kuvvetler Komutanlığı');
INSERT INTO `proje`.`askeri_personel` (`PersonelID`, `Rütbe`, `Birlik`) VALUES ('470', 'Deniz Tümamiral', 'Jandarma Genel Komutanlığı');
INSERT INTO `proje`.`askeri_personel` (`PersonelID`, `Rütbe`, `Birlik`) VALUES ('471', 'Yedek Üsteğmen', 'Sahil Güvenlik Komutanlığı');
INSERT INTO `proje`.`askeri_personel` (`PersonelID`, `Rütbe`, `Birlik`) VALUES ('472', 'Deniz Mareşali', 'Ege Ordusu');
INSERT INTO `proje`.`askeri_personel` (`PersonelID`, `Rütbe`, `Birlik`) VALUES ('473', 'Astsubay Kıdemli Çavuş', 'Hava Kuvvetleri Komutanlığı');
INSERT INTO `proje`.`askeri_personel` (`PersonelID`, `Rütbe`, `Birlik`) VALUES ('474', 'Deniz Astsubay Kıdemli Çavuş', '3. Ordu');
INSERT INTO `proje`.`askeri_personel` (`PersonelID`, `Rütbe`, `Birlik`) VALUES ('475', 'Deniz Mareşali', 'Ege Ordusu');
INSERT INTO `proje`.`askeri_personel` (`PersonelID`, `Rütbe`, `Birlik`) VALUES ('476', 'Deniz Çavuş', '2. Ordu');
INSERT INTO `proje`.`askeri_personel` (`PersonelID`, `Rütbe`, `Birlik`) VALUES ('477', 'Deniz Kıdemli Çavuş', 'Deniz Kuvvetleri Komutanlığı');
INSERT INTO `proje`.`askeri_personel` (`PersonelID`, `Rütbe`, `Birlik`) VALUES ('478', 'Pilot Albay', '2. Ordu');
INSERT INTO `proje`.`askeri_personel` (`PersonelID`, `Rütbe`, `Birlik`) VALUES ('479', 'Üsteğmen', 'Özel Kuvvetler Komutanlığı');
INSERT INTO `proje`.`askeri_personel` (`PersonelID`, `Rütbe`, `Birlik`) VALUES ('480', 'Pilot Yarbay', 'Özel Kuvvetler Komutanlığı');
INSERT INTO `proje`.`askeri_personel` (`PersonelID`, `Rütbe`, `Birlik`) VALUES ('481', 'Deniz Uzman Çavuş', 'Hava Kuvvetleri Komutanlığı');
INSERT INTO `proje`.`askeri_personel` (`PersonelID`, `Rütbe`, `Birlik`) VALUES ('482', 'Deniz Tuğamiral', 'Sahil Güvenlik Komutanlığı');
INSERT INTO `proje`.`askeri_personel` (`PersonelID`, `Rütbe`, `Birlik`) VALUES ('483', 'Deniz Astsubay Kıdemli Başçavuş', 'Sahil Güvenlik Komutanlığı');
INSERT INTO `proje`.`askeri_personel` (`PersonelID`, `Rütbe`, `Birlik`) VALUES ('484', 'Deniz Teğmen', '1. Ordu');
INSERT INTO `proje`.`askeri_personel` (`PersonelID`, `Rütbe`, `Birlik`) VALUES ('485', 'Koramiral', 'Deniz Kuvvetleri Komutanlığı');
INSERT INTO `proje`.`askeri_personel` (`PersonelID`, `Rütbe`, `Birlik`) VALUES ('486', 'Deniz Uzman Çavuş', 'Deniz Kuvvetleri Komutanlığı');
INSERT INTO `proje`.`askeri_personel` (`PersonelID`, `Rütbe`, `Birlik`) VALUES ('487', 'Deniz Çavuş', 'Özel Kuvvetler Komutanlığı');
INSERT INTO `proje`.`askeri_personel` (`PersonelID`, `Rütbe`, `Birlik`) VALUES ('488', 'Deniz Yarbay', 'Özel Kuvvetler Komutanlığı');
INSERT INTO `proje`.`askeri_personel` (`PersonelID`, `Rütbe`, `Birlik`) VALUES ('489', 'Deniz Onbaşı', '1. Ordu');
INSERT INTO `proje`.`askeri_personel` (`PersonelID`, `Rütbe`, `Birlik`) VALUES ('490', 'Yedek Yüzbaşı', 'Sahil Güvenlik Komutanlığı');
INSERT INTO `proje`.`askeri_personel` (`PersonelID`, `Rütbe`, `Birlik`) VALUES ('491', 'Kıdemli Yüzbaşı', 'Jandarma Genel Komutanlığı');
INSERT INTO `proje`.`askeri_personel` (`PersonelID`, `Rütbe`, `Birlik`) VALUES ('492', 'Deniz Astsubay Kıdemli Çavuş', 'Özel Kuvvetler Komutanlığı');
INSERT INTO `proje`.`askeri_personel` (`PersonelID`, `Rütbe`, `Birlik`) VALUES ('493', 'Deniz Üsteğmen', 'Kara Kuvvetleri Komutanlığı');
INSERT INTO `proje`.`askeri_personel` (`PersonelID`, `Rütbe`, `Birlik`) VALUES ('494', 'Tuğgeneral', 'Hava Kuvvetleri Komutanlığı');
INSERT INTO `proje`.`askeri_personel` (`PersonelID`, `Rütbe`, `Birlik`) VALUES ('495', 'Uzman Onbaşı', 'Deniz Kuvvetleri Komutanlığı');
INSERT INTO `proje`.`askeri_personel` (`PersonelID`, `Rütbe`, `Birlik`) VALUES ('496', 'Orgeneral', 'Sahil Güvenlik Komutanlığı');
INSERT INTO `proje`.`askeri_personel` (`PersonelID`, `Rütbe`, `Birlik`) VALUES ('497', 'Yedek Tuğgeneral', '3. Ordu');
INSERT INTO `proje`.`askeri_personel` (`PersonelID`, `Rütbe`, `Birlik`) VALUES ('498', 'Yedek Üsteğmen', 'Sahil Güvenlik Komutanlığı');
INSERT INTO `proje`.`askeri_personel` (`PersonelID`, `Rütbe`, `Birlik`) VALUES ('499', 'Kıdemli Yüzbaşı', 'Özel Kuvvetler Komutanlığı');
INSERT INTO `proje`.`askeri_personel` (`PersonelID`, `Rütbe`, `Birlik`) VALUES ('500', 'Yedek Astsubay', 'Ege Ordusu');
INSERT INTO `proje`.`askeri_personel` (`PersonelID`, `Rütbe`, `Birlik`) VALUES ('501', 'Astsubay Kademeli Başçavuş', '1. Ordu');
INSERT INTO `proje`.`askeri_personel` (`PersonelID`, `Rütbe`, `Birlik`) VALUES ('502', 'Yedek Teğmen', '1. Ordu');
INSERT INTO `proje`.`askeri_personel` (`PersonelID`, `Rütbe`, `Birlik`) VALUES ('503', 'Deniz Teğmen', 'Kara Kuvvetleri Komutanlığı');
INSERT INTO `proje`.`askeri_personel` (`PersonelID`, `Rütbe`, `Birlik`) VALUES ('504', 'Astsubay Üstçavuş', '2. Ordu');
INSERT INTO `proje`.`askeri_personel` (`PersonelID`, `Rütbe`, `Birlik`) VALUES ('505', 'Tuğamiral', 'Hava Kuvvetleri Komutanlığı');
INSERT INTO `proje`.`askeri_personel` (`PersonelID`, `Rütbe`, `Birlik`) VALUES ('506', 'Pilot Albay', 'Sahil Güvenlik Komutanlığı');
INSERT INTO `proje`.`askeri_personel` (`PersonelID`, `Rütbe`, `Birlik`) VALUES ('507', 'Yedek Yüzbaşı', '1. Ordu');
INSERT INTO `proje`.`askeri_personel` (`PersonelID`, `Rütbe`, `Birlik`) VALUES ('508', 'Pilot Tümgeneral', 'Kara Kuvvetleri Komutanlığı');
INSERT INTO `proje`.`askeri_personel` (`PersonelID`, `Rütbe`, `Birlik`) VALUES ('509', 'Yüzbaşı', 'Kara Kuvvetleri Komutanlığı');
INSERT INTO `proje`.`askeri_personel` (`PersonelID`, `Rütbe`, `Birlik`) VALUES ('510', 'Deniz Onbaşı', 'Deniz Kuvvetleri Komutanlığı');
INSERT INTO `proje`.`askeri_personel` (`PersonelID`, `Rütbe`, `Birlik`) VALUES ('511', 'Deniz Yarbay', 'Hava Kuvvetleri Komutanlığı');
INSERT INTO `proje`.`askeri_personel` (`PersonelID`, `Rütbe`, `Birlik`) VALUES ('512', 'Yedek Yarbay', 'Kara Kuvvetleri Komutanlığı');
INSERT INTO `proje`.`askeri_personel` (`PersonelID`, `Rütbe`, `Birlik`) VALUES ('513', 'Deniz Albay', 'Jandarma Genel Komutanlığı');
INSERT INTO `proje`.`askeri_personel` (`PersonelID`, `Rütbe`, `Birlik`) VALUES ('514', 'Kıdemli Amiral', '2. Ordu');
INSERT INTO `proje`.`askeri_personel` (`PersonelID`, `Rütbe`, `Birlik`) VALUES ('515', 'Pilot Teğmen', 'Deniz Kuvvetleri Komutanlığı');
INSERT INTO `proje`.`askeri_personel` (`PersonelID`, `Rütbe`, `Birlik`) VALUES ('516', 'Pilot Orgeneral', 'Kara Kuvvetleri Komutanlığı');
INSERT INTO `proje`.`askeri_personel` (`PersonelID`, `Rütbe`, `Birlik`) VALUES ('517', 'Erbaş', 'Sahil Güvenlik Komutanlığı');
INSERT INTO `proje`.`askeri_personel` (`PersonelID`, `Rütbe`, `Birlik`) VALUES ('518', 'Yedek Binbaşı', '3. Ordu');
INSERT INTO `proje`.`askeri_personel` (`PersonelID`, `Rütbe`, `Birlik`) VALUES ('519', 'Yedek Üsteğmen', '3. Ordu');
INSERT INTO `proje`.`askeri_personel` (`PersonelID`, `Rütbe`, `Birlik`) VALUES ('520', 'Kıdemli Binbaşı', 'Ege Ordusu');
INSERT INTO `proje`.`askeri_personel` (`PersonelID`, `Rütbe`, `Birlik`) VALUES ('521', 'Yüzbaşı', 'Jandarma Genel Komutanlığı');
INSERT INTO `proje`.`askeri_personel` (`PersonelID`, `Rütbe`, `Birlik`) VALUES ('522', 'Pilot Tuğgeneral', '2. Ordu');
INSERT INTO `proje`.`askeri_personel` (`PersonelID`, `Rütbe`, `Birlik`) VALUES ('523', 'Deniz Yüzbaşı', 'Jandarma Genel Komutanlığı');
INSERT INTO `proje`.`askeri_personel` (`PersonelID`, `Rütbe`, `Birlik`) VALUES ('524', 'Deniz Koramiral', 'Özel Kuvvetler Komutanlığı');
INSERT INTO `proje`.`askeri_personel` (`PersonelID`, `Rütbe`, `Birlik`) VALUES ('525', 'Deniz Onbaşı', '1. Ordu');
INSERT INTO `proje`.`askeri_personel` (`PersonelID`, `Rütbe`, `Birlik`) VALUES ('526', 'Pilot Üsteğmen', '3. Ordu');
INSERT INTO `proje`.`askeri_personel` (`PersonelID`, `Rütbe`, `Birlik`) VALUES ('527', 'Deniz Astsubay Kıdemli Başçavuş', '2. Ordu');
INSERT INTO `proje`.`askeri_personel` (`PersonelID`, `Rütbe`, `Birlik`) VALUES ('528', 'Deniz Astsubay Çavuş', 'Özel Kuvvetler Komutanlığı');
INSERT INTO `proje`.`askeri_personel` (`PersonelID`, `Rütbe`, `Birlik`) VALUES ('529', 'Orgeneral', '3. Ordu');
INSERT INTO `proje`.`askeri_personel` (`PersonelID`, `Rütbe`, `Birlik`) VALUES ('530', 'Yedek Tuğgeneral', 'Jandarma Genel Komutanlığı');
INSERT INTO `proje`.`askeri_personel` (`PersonelID`, `Rütbe`, `Birlik`) VALUES ('531', 'Deniz Oramiral', 'Özel Kuvvetler Komutanlığı');
INSERT INTO `proje`.`askeri_personel` (`PersonelID`, `Rütbe`, `Birlik`) VALUES ('532', 'Pilot Binbaşı', 'Kara Kuvvetleri Komutanlığı');
INSERT INTO `proje`.`askeri_personel` (`PersonelID`, `Rütbe`, `Birlik`) VALUES ('533', 'Deniz Astsubay Kıdemli Başçavuş', '2. Ordu');
INSERT INTO `proje`.`askeri_personel` (`PersonelID`, `Rütbe`, `Birlik`) VALUES ('534', 'Deniz Astsubay Başçavuş', 'Jandarma Genel Komutanlığı');
INSERT INTO `proje`.`askeri_personel` (`PersonelID`, `Rütbe`, `Birlik`) VALUES ('535', 'Pilot Tümgeneral', 'Deniz Kuvvetleri Komutanlığı');
INSERT INTO `proje`.`askeri_personel` (`PersonelID`, `Rütbe`, `Birlik`) VALUES ('536', 'Pilot Yüzbaşı', '3. Ordu');
INSERT INTO `proje`.`askeri_personel` (`PersonelID`, `Rütbe`, `Birlik`) VALUES ('537', 'Kıdemli Binbaşı', '1. Ordu');
INSERT INTO `proje`.`askeri_personel` (`PersonelID`, `Rütbe`, `Birlik`) VALUES ('538', 'Yedek Albay', 'Deniz Kuvvetleri Komutanlığı');
INSERT INTO `proje`.`askeri_personel` (`PersonelID`, `Rütbe`, `Birlik`) VALUES ('539', 'Deniz Astsubay Kademeli Başçavuş', 'Deniz Kuvvetleri Komutanlığı');
INSERT INTO `proje`.`askeri_personel` (`PersonelID`, `Rütbe`, `Birlik`) VALUES ('540', 'Pilot Yarbay', 'Hava Kuvvetleri Komutanlığı');
INSERT INTO `proje`.`askeri_personel` (`PersonelID`, `Rütbe`, `Birlik`) VALUES ('541', 'Deniz Astsubay Üstçavuş', 'Ege Ordusu');
INSERT INTO `proje`.`askeri_personel` (`PersonelID`, `Rütbe`, `Birlik`) VALUES ('542', 'Astsubay Üstçavuş', 'Jandarma Genel Komutanlığı');
INSERT INTO `proje`.`askeri_personel` (`PersonelID`, `Rütbe`, `Birlik`) VALUES ('543', 'Pilot Yarbay', 'Deniz Kuvvetleri Komutanlığı');
INSERT INTO `proje`.`askeri_personel` (`PersonelID`, `Rütbe`, `Birlik`) VALUES ('544', 'Yedek Binbaşı', 'Ege Ordusu');
INSERT INTO `proje`.`askeri_personel` (`PersonelID`, `Rütbe`, `Birlik`) VALUES ('545', 'Tuğgeneral', 'Ege Ordusu');
INSERT INTO `proje`.`askeri_personel` (`PersonelID`, `Rütbe`, `Birlik`) VALUES ('546', 'Tuğgeneral', '3. Ordu');
INSERT INTO `proje`.`askeri_personel` (`PersonelID`, `Rütbe`, `Birlik`) VALUES ('547', 'Kıdemli Binbaşı', '2. Ordu');
INSERT INTO `proje`.`askeri_personel` (`PersonelID`, `Rütbe`, `Birlik`) VALUES ('548', 'Küçük Amiral', 'Sahil Güvenlik Komutanlığı');
INSERT INTO `proje`.`askeri_personel` (`PersonelID`, `Rütbe`, `Birlik`) VALUES ('549', 'Pilot Binbaşı', '1. Ordu');
INSERT INTO `proje`.`askeri_personel` (`PersonelID`, `Rütbe`, `Birlik`) VALUES ('550', 'Astsubay Başçavuş', 'Jandarma Genel Komutanlığı');
INSERT INTO `proje`.`askeri_personel` (`PersonelID`, `Rütbe`, `Birlik`) VALUES ('551', 'Yedek Orgeneral', '1. Ordu');
INSERT INTO `proje`.`askeri_personel` (`PersonelID`, `Rütbe`, `Birlik`) VALUES ('552', 'Deniz Astsubay Çavuş', 'Sahil Güvenlik Komutanlığı');
INSERT INTO `proje`.`askeri_personel` (`PersonelID`, `Rütbe`, `Birlik`) VALUES ('553', 'Deniz Astsubay Kıdemli Üstçavuş', '1. Ordu');
INSERT INTO `proje`.`askeri_personel` (`PersonelID`, `Rütbe`, `Birlik`) VALUES ('554', 'Deniz Tümamiral', 'Hava Kuvvetleri Komutanlığı');
INSERT INTO `proje`.`askeri_personel` (`PersonelID`, `Rütbe`, `Birlik`) VALUES ('555', 'Deniz Albay', 'Ege Ordusu');
INSERT INTO `proje`.`askeri_personel` (`PersonelID`, `Rütbe`, `Birlik`) VALUES ('556', 'Deniz Teğmen', 'Deniz Kuvvetleri Komutanlığı');
INSERT INTO `proje`.`askeri_personel` (`PersonelID`, `Rütbe`, `Birlik`) VALUES ('557', 'Deniz Mareşali', 'Jandarma Genel Komutanlığı');
INSERT INTO `proje`.`askeri_personel` (`PersonelID`, `Rütbe`, `Birlik`) VALUES ('558', 'Yedek Albay', 'Deniz Kuvvetleri Komutanlığı');
INSERT INTO `proje`.`askeri_personel` (`PersonelID`, `Rütbe`, `Birlik`) VALUES ('559', 'Deniz Astsubay Başçavuş', '2. Ordu');
INSERT INTO `proje`.`askeri_personel` (`PersonelID`, `Rütbe`, `Birlik`) VALUES ('560', 'Deniz Albay', 'Hava Kuvvetleri Komutanlığı');
INSERT INTO `proje`.`askeri_personel` (`PersonelID`, `Rütbe`, `Birlik`) VALUES ('561', 'Deniz Er', '2. Ordu');
INSERT INTO `proje`.`askeri_personel` (`PersonelID`, `Rütbe`, `Birlik`) VALUES ('562', 'Kıdemli Çavuş', 'Sahil Güvenlik Komutanlığı');
INSERT INTO `proje`.`askeri_personel` (`PersonelID`, `Rütbe`, `Birlik`) VALUES ('563', 'Kıdemli Yüzbaşı', 'Özel Kuvvetler Komutanlığı');
INSERT INTO `proje`.`askeri_personel` (`PersonelID`, `Rütbe`, `Birlik`) VALUES ('564', 'Deniz Astsubay Üstçavuş', 'Jandarma Genel Komutanlığı');
INSERT INTO `proje`.`askeri_personel` (`PersonelID`, `Rütbe`, `Birlik`) VALUES ('565', 'Astsubay Başçavuş', 'Sahil Güvenlik Komutanlığı');
INSERT INTO `proje`.`askeri_personel` (`PersonelID`, `Rütbe`, `Birlik`) VALUES ('566', 'Deniz Mareşali', 'Kara Kuvvetleri Komutanlığı');
INSERT INTO `proje`.`askeri_personel` (`PersonelID`, `Rütbe`, `Birlik`) VALUES ('567', 'Deniz Albay', 'Hava Kuvvetleri Komutanlığı');
INSERT INTO `proje`.`askeri_personel` (`PersonelID`, `Rütbe`, `Birlik`) VALUES ('568', 'Deniz Astsubay Çavuş', 'Kara Kuvvetleri Komutanlığı');
INSERT INTO `proje`.`askeri_personel` (`PersonelID`, `Rütbe`, `Birlik`) VALUES ('569', 'Albay', 'Kara Kuvvetleri Komutanlığı');
INSERT INTO `proje`.`askeri_personel` (`PersonelID`, `Rütbe`, `Birlik`) VALUES ('570', 'Tuğgeneral', 'Özel Kuvvetler Komutanlığı');
INSERT INTO `proje`.`askeri_personel` (`PersonelID`, `Rütbe`, `Birlik`) VALUES ('571', 'Yedek Üsteğmen', 'Deniz Kuvvetleri Komutanlığı');
INSERT INTO `proje`.`askeri_personel` (`PersonelID`, `Rütbe`, `Birlik`) VALUES ('572', 'Deniz Onbaşı', 'Kara Kuvvetleri Komutanlığı');
INSERT INTO `proje`.`askeri_personel` (`PersonelID`, `Rütbe`, `Birlik`) VALUES ('573', 'Kıdemli Yüzbaşı', 'Kara Kuvvetleri Komutanlığı');
INSERT INTO `proje`.`askeri_personel` (`PersonelID`, `Rütbe`, `Birlik`) VALUES ('574', 'Korgeneral', '1. Ordu');
INSERT INTO `proje`.`askeri_personel` (`PersonelID`, `Rütbe`, `Birlik`) VALUES ('575', 'Astsubay Kademeli Başçavuş', '2. Ordu');
INSERT INTO `proje`.`askeri_personel` (`PersonelID`, `Rütbe`, `Birlik`) VALUES ('576', 'Deniz Albay', 'Deniz Kuvvetleri Komutanlığı');
INSERT INTO `proje`.`askeri_personel` (`PersonelID`, `Rütbe`, `Birlik`) VALUES ('577', 'Yedek Tuğgeneral', '2. Ordu');
INSERT INTO `proje`.`askeri_personel` (`PersonelID`, `Rütbe`, `Birlik`) VALUES ('578', 'Asteğmen', '1. Ordu');
INSERT INTO `proje`.`askeri_personel` (`PersonelID`, `Rütbe`, `Birlik`) VALUES ('579', 'Deniz Yarbay', 'Sahil Güvenlik Komutanlığı');
INSERT INTO `proje`.`askeri_personel` (`PersonelID`, `Rütbe`, `Birlik`) VALUES ('580', 'Deniz Astsubay Kıdemli Üstçavuş', 'Jandarma Genel Komutanlığı');
INSERT INTO `proje`.`askeri_personel` (`PersonelID`, `Rütbe`, `Birlik`) VALUES ('581', 'Pilot Tuğgeneral', 'Hava Kuvvetleri Komutanlığı');
INSERT INTO `proje`.`askeri_personel` (`PersonelID`, `Rütbe`, `Birlik`) VALUES ('582', 'Deniz Astsubay Kademeli Başçavuş', 'Jandarma Genel Komutanlığı');
INSERT INTO `proje`.`askeri_personel` (`PersonelID`, `Rütbe`, `Birlik`) VALUES ('583', 'Deniz Koramiral', 'Ege Ordusu');
INSERT INTO `proje`.`askeri_personel` (`PersonelID`, `Rütbe`, `Birlik`) VALUES ('584', 'Yedek Tuğgeneral', 'Kara Kuvvetleri Komutanlığı');
INSERT INTO `proje`.`askeri_personel` (`PersonelID`, `Rütbe`, `Birlik`) VALUES ('585', 'Oramiral', '3. Ordu');
INSERT INTO `proje`.`askeri_personel` (`PersonelID`, `Rütbe`, `Birlik`) VALUES ('586', 'Deniz Üsteğmen', 'Kara Kuvvetleri Komutanlığı');
INSERT INTO `proje`.`askeri_personel` (`PersonelID`, `Rütbe`, `Birlik`) VALUES ('587', 'Yüzbaşı', 'Özel Kuvvetler Komutanlığı');
INSERT INTO `proje`.`askeri_personel` (`PersonelID`, `Rütbe`, `Birlik`) VALUES ('588', 'Oramiral', 'Sahil Güvenlik Komutanlığı');
INSERT INTO `proje`.`askeri_personel` (`PersonelID`, `Rütbe`, `Birlik`) VALUES ('589', 'Korgeneral', '2. Ordu');
INSERT INTO `proje`.`askeri_personel` (`PersonelID`, `Rütbe`, `Birlik`) VALUES ('590', 'Asteğmen', 'Jandarma Genel Komutanlığı');
INSERT INTO `proje`.`askeri_personel` (`PersonelID`, `Rütbe`, `Birlik`) VALUES ('591', 'Tuğgeneral', 'Ege Ordusu');
INSERT INTO `proje`.`askeri_personel` (`PersonelID`, `Rütbe`, `Birlik`) VALUES ('592', 'Deniz Teğmen', '1. Ordu');
INSERT INTO `proje`.`askeri_personel` (`PersonelID`, `Rütbe`, `Birlik`) VALUES ('593', 'Asteğmen', 'Deniz Kuvvetleri Komutanlığı');
INSERT INTO `proje`.`askeri_personel` (`PersonelID`, `Rütbe`, `Birlik`) VALUES ('594', 'Pilot Tuğgeneral', '2. Ordu');
INSERT INTO `proje`.`askeri_personel` (`PersonelID`, `Rütbe`, `Birlik`) VALUES ('595', 'Deniz Tümamiral', 'Özel Kuvvetler Komutanlığı');
INSERT INTO `proje`.`askeri_personel` (`PersonelID`, `Rütbe`, `Birlik`) VALUES ('596', 'Deniz Yarbay', '3. Ordu');
INSERT INTO `proje`.`askeri_personel` (`PersonelID`, `Rütbe`, `Birlik`) VALUES ('597', 'Oramiral', 'Deniz Kuvvetleri Komutanlığı');
INSERT INTO `proje`.`askeri_personel` (`PersonelID`, `Rütbe`, `Birlik`) VALUES ('598', 'Deniz Astsubay Kıdemli Başçavuş', 'Jandarma Genel Komutanlığı');
INSERT INTO `proje`.`askeri_personel` (`PersonelID`, `Rütbe`, `Birlik`) VALUES ('599', 'Yüzbaşı', 'Jandarma Genel Komutanlığı');
INSERT INTO `proje`.`askeri_personel` (`PersonelID`, `Rütbe`, `Birlik`) VALUES ('600', 'Deniz Yüzbaşı', 'Kara Kuvvetleri Komutanlığı');
INSERT INTO `proje`.`askeri_personel` (`PersonelID`, `Rütbe`, `Birlik`) VALUES ('601', 'Yedek Tuğgeneral', '1. Ordu');
INSERT INTO `proje`.`askeri_personel` (`PersonelID`, `Rütbe`, `Birlik`) VALUES ('602', 'Yedek Teğmen', 'Jandarma Genel Komutanlığı');
INSERT INTO `proje`.`askeri_personel` (`PersonelID`, `Rütbe`, `Birlik`) VALUES ('603', 'Tuğamiral', 'Sahil Güvenlik Komutanlığı');
INSERT INTO `proje`.`askeri_personel` (`PersonelID`, `Rütbe`, `Birlik`) VALUES ('604', 'Mareşal', 'Özel Kuvvetler Komutanlığı');
INSERT INTO `proje`.`askeri_personel` (`PersonelID`, `Rütbe`, `Birlik`) VALUES ('605', 'Deniz Kıdemli Çavuş', 'Ege Ordusu');
INSERT INTO `proje`.`askeri_personel` (`PersonelID`, `Rütbe`, `Birlik`) VALUES ('606', 'Binbaşı', 'Deniz Kuvvetleri Komutanlığı');
INSERT INTO `proje`.`askeri_personel` (`PersonelID`, `Rütbe`, `Birlik`) VALUES ('607', 'Deniz Binbaşı', 'Jandarma Genel Komutanlığı');
INSERT INTO `proje`.`askeri_personel` (`PersonelID`, `Rütbe`, `Birlik`) VALUES ('608', 'Deniz Tümamiral', 'Kara Kuvvetleri Komutanlığı');
INSERT INTO `proje`.`askeri_personel` (`PersonelID`, `Rütbe`, `Birlik`) VALUES ('609', 'Koramiral', 'Jandarma Genel Komutanlığı');
INSERT INTO `proje`.`askeri_personel` (`PersonelID`, `Rütbe`, `Birlik`) VALUES ('610', 'Pilot Binbaşı', 'Hava Kuvvetleri Komutanlığı');
INSERT INTO `proje`.`askeri_personel` (`PersonelID`, `Rütbe`, `Birlik`) VALUES ('611', 'Deniz Astsubay Kıdemli Çavuş', 'Deniz Kuvvetleri Komutanlığı');
INSERT INTO `proje`.`askeri_personel` (`PersonelID`, `Rütbe`, `Birlik`) VALUES ('612', 'Deniz Koramiral', '2. Ordu');
INSERT INTO `proje`.`askeri_personel` (`PersonelID`, `Rütbe`, `Birlik`) VALUES ('613', 'Pilot Tümgeneral', 'Ege Ordusu');
INSERT INTO `proje`.`askeri_personel` (`PersonelID`, `Rütbe`, `Birlik`) VALUES ('614', 'Deniz Oramiral', 'Hava Kuvvetleri Komutanlığı');
INSERT INTO `proje`.`askeri_personel` (`PersonelID`, `Rütbe`, `Birlik`) VALUES ('615', 'Yedek Korgeneral', 'Kara Kuvvetleri Komutanlığı');
INSERT INTO `proje`.`askeri_personel` (`PersonelID`, `Rütbe`, `Birlik`) VALUES ('616', 'Kıdemli Amiral', '1. Ordu');
INSERT INTO `proje`.`askeri_personel` (`PersonelID`, `Rütbe`, `Birlik`) VALUES ('617', 'Deniz Binbaşı', 'Jandarma Genel Komutanlığı');
INSERT INTO `proje`.`askeri_personel` (`PersonelID`, `Rütbe`, `Birlik`) VALUES ('618', 'Deniz Astsubay Kademeli Başçavuş', 'Sahil Güvenlik Komutanlığı');
INSERT INTO `proje`.`askeri_personel` (`PersonelID`, `Rütbe`, `Birlik`) VALUES ('619', 'Oramiral', 'Ege Ordusu');
INSERT INTO `proje`.`askeri_personel` (`PersonelID`, `Rütbe`, `Birlik`) VALUES ('620', 'Amiral', 'Ege Ordusu');
INSERT INTO `proje`.`askeri_personel` (`PersonelID`, `Rütbe`, `Birlik`) VALUES ('621', 'Deniz Yüzbaşı', 'Ege Ordusu');
INSERT INTO `proje`.`askeri_personel` (`PersonelID`, `Rütbe`, `Birlik`) VALUES ('622', 'Kıdemli Albay', 'Jandarma Genel Komutanlığı');
INSERT INTO `proje`.`askeri_personel` (`PersonelID`, `Rütbe`, `Birlik`) VALUES ('623', 'Astsubay Kıdemli Üstçavuş', '3. Ordu');
INSERT INTO `proje`.`askeri_personel` (`PersonelID`, `Rütbe`, `Birlik`) VALUES ('624', 'Deniz Teğmen', 'Kara Kuvvetleri Komutanlığı');
INSERT INTO `proje`.`askeri_personel` (`PersonelID`, `Rütbe`, `Birlik`) VALUES ('625', 'Teğmen', 'Jandarma Genel Komutanlığı');
INSERT INTO `proje`.`askeri_personel` (`PersonelID`, `Rütbe`, `Birlik`) VALUES ('626', 'Astsubay Kıdemli Başçavuş', 'Hava Kuvvetleri Komutanlığı');
INSERT INTO `proje`.`askeri_personel` (`PersonelID`, `Rütbe`, `Birlik`) VALUES ('627', 'Er', '1. Ordu');
INSERT INTO `proje`.`askeri_personel` (`PersonelID`, `Rütbe`, `Birlik`) VALUES ('628', 'Deniz Üsteğmen', 'Kara Kuvvetleri Komutanlığı');
INSERT INTO `proje`.`askeri_personel` (`PersonelID`, `Rütbe`, `Birlik`) VALUES ('629', 'Deniz Albay', 'Deniz Kuvvetleri Komutanlığı');
INSERT INTO `proje`.`askeri_personel` (`PersonelID`, `Rütbe`, `Birlik`) VALUES ('630', 'Pilot Orgeneral', '3. Ordu');
INSERT INTO `proje`.`askeri_personel` (`PersonelID`, `Rütbe`, `Birlik`) VALUES ('631', 'Yedek Üsteğmen', '1. Ordu');
INSERT INTO `proje`.`askeri_personel` (`PersonelID`, `Rütbe`, `Birlik`) VALUES ('632', 'Çavuş', 'Jandarma Genel Komutanlığı');
INSERT INTO `proje`.`askeri_personel` (`PersonelID`, `Rütbe`, `Birlik`) VALUES ('633', 'Pilot Yüzbaşı', 'Jandarma Genel Komutanlığı');
INSERT INTO `proje`.`askeri_personel` (`PersonelID`, `Rütbe`, `Birlik`) VALUES ('634', 'Onbaşı', 'Kara Kuvvetleri Komutanlığı');
INSERT INTO `proje`.`askeri_personel` (`PersonelID`, `Rütbe`, `Birlik`) VALUES ('635', 'Uzman Onbaşı', '2. Ordu');
INSERT INTO `proje`.`askeri_personel` (`PersonelID`, `Rütbe`, `Birlik`) VALUES ('636', 'Kıdemli Albay', '3. Ordu');
INSERT INTO `proje`.`askeri_personel` (`PersonelID`, `Rütbe`, `Birlik`) VALUES ('637', 'Kıdemli Asteğmen', '2. Ordu');
INSERT INTO `proje`.`askeri_personel` (`PersonelID`, `Rütbe`, `Birlik`) VALUES ('638', 'Deniz Yarbay', 'Kara Kuvvetleri Komutanlığı');
INSERT INTO `proje`.`askeri_personel` (`PersonelID`, `Rütbe`, `Birlik`) VALUES ('639', 'Deniz Astsubay Kıdemli Üstçavuş', 'Deniz Kuvvetleri Komutanlığı');
INSERT INTO `proje`.`askeri_personel` (`PersonelID`, `Rütbe`, `Birlik`) VALUES ('640', 'Deniz Uzman Çavuş', 'Kara Kuvvetleri Komutanlığı');
INSERT INTO `proje`.`askeri_personel` (`PersonelID`, `Rütbe`, `Birlik`) VALUES ('641', 'Yedek Yarbay', 'Sahil Güvenlik Komutanlığı');
INSERT INTO `proje`.`askeri_personel` (`PersonelID`, `Rütbe`, `Birlik`) VALUES ('642', 'Pilot Yüzbaşı', 'Özel Kuvvetler Komutanlığı');
INSERT INTO `proje`.`askeri_personel` (`PersonelID`, `Rütbe`, `Birlik`) VALUES ('643', 'Deniz Astsubay Kıdemli Başçavuş', 'Jandarma Genel Komutanlığı');
INSERT INTO `proje`.`askeri_personel` (`PersonelID`, `Rütbe`, `Birlik`) VALUES ('644', 'Deniz Astsubay Kıdemli Çavuş', 'Sahil Güvenlik Komutanlığı');
INSERT INTO `proje`.`askeri_personel` (`PersonelID`, `Rütbe`, `Birlik`) VALUES ('645', 'Deniz Tuğamiral', 'Kara Kuvvetleri Komutanlığı');
INSERT INTO `proje`.`askeri_personel` (`PersonelID`, `Rütbe`, `Birlik`) VALUES ('646', 'Deniz Koramiral', '1. Ordu');
INSERT INTO `proje`.`askeri_personel` (`PersonelID`, `Rütbe`, `Birlik`) VALUES ('647', 'Üsteğmen', 'Ege Ordusu');
INSERT INTO `proje`.`askeri_personel` (`PersonelID`, `Rütbe`, `Birlik`) VALUES ('648', 'Deniz Astsubay Kıdemli Çavuş', 'Ege Ordusu');
INSERT INTO `proje`.`askeri_personel` (`PersonelID`, `Rütbe`, `Birlik`) VALUES ('649', 'Yedek Tuğgeneral', '3. Ordu');
INSERT INTO `proje`.`askeri_personel` (`PersonelID`, `Rütbe`, `Birlik`) VALUES ('650', 'Küçük Amiral', 'Jandarma Genel Komutanlığı');
INSERT INTO `proje`.`askeri_personel` (`PersonelID`, `Rütbe`, `Birlik`) VALUES ('651', 'Yedek Binbaşı', '3. Ordu');
INSERT INTO `proje`.`askeri_personel` (`PersonelID`, `Rütbe`, `Birlik`) VALUES ('652', 'Deniz Oramiral', 'Hava Kuvvetleri Komutanlığı');
INSERT INTO `proje`.`askeri_personel` (`PersonelID`, `Rütbe`, `Birlik`) VALUES ('653', 'Yedek Astsubay', '1. Ordu');
INSERT INTO `proje`.`askeri_personel` (`PersonelID`, `Rütbe`, `Birlik`) VALUES ('654', 'Deniz Tuğamiral', '1. Ordu');
INSERT INTO `proje`.`askeri_personel` (`PersonelID`, `Rütbe`, `Birlik`) VALUES ('655', 'Kıdemli Asteğmen', 'Kara Kuvvetleri Komutanlığı');
INSERT INTO `proje`.`askeri_personel` (`PersonelID`, `Rütbe`, `Birlik`) VALUES ('656', 'Uzman Onbaşı', 'Sahil Güvenlik Komutanlığı');
INSERT INTO `proje`.`askeri_personel` (`PersonelID`, `Rütbe`, `Birlik`) VALUES ('657', 'Deniz Binbaşı', 'Jandarma Genel Komutanlığı');
INSERT INTO `proje`.`askeri_personel` (`PersonelID`, `Rütbe`, `Birlik`) VALUES ('658', 'Deniz Astsubay Kıdemli Üstçavuş', 'Hava Kuvvetleri Komutanlığı');
INSERT INTO `proje`.`askeri_personel` (`PersonelID`, `Rütbe`, `Birlik`) VALUES ('659', 'Deniz Çavuş', 'Jandarma Genel Komutanlığı');
INSERT INTO `proje`.`askeri_personel` (`PersonelID`, `Rütbe`, `Birlik`) VALUES ('660', 'Deniz Astsubay Çavuş', '3. Ordu');
INSERT INTO `proje`.`askeri_personel` (`PersonelID`, `Rütbe`, `Birlik`) VALUES ('661', 'Yedek Yüzbaşı', '1. Ordu');
INSERT INTO `proje`.`askeri_personel` (`PersonelID`, `Rütbe`, `Birlik`) VALUES ('662', 'Deniz Oramiral', 'Hava Kuvvetleri Komutanlığı');
INSERT INTO `proje`.`askeri_personel` (`PersonelID`, `Rütbe`, `Birlik`) VALUES ('663', 'Yedek Tümgeneral', '1. Ordu');
INSERT INTO `proje`.`askeri_personel` (`PersonelID`, `Rütbe`, `Birlik`) VALUES ('664', 'Mareşal', 'Deniz Kuvvetleri Komutanlığı');
INSERT INTO `proje`.`askeri_personel` (`PersonelID`, `Rütbe`, `Birlik`) VALUES ('665', 'Deniz Astsubay Kıdemli Başçavuş', '1. Ordu');
INSERT INTO `proje`.`askeri_personel` (`PersonelID`, `Rütbe`, `Birlik`) VALUES ('666', 'Erbaş', 'Jandarma Genel Komutanlığı');
INSERT INTO `proje`.`askeri_personel` (`PersonelID`, `Rütbe`, `Birlik`) VALUES ('667', 'Deniz Tuğamiral', '1. Ordu');
INSERT INTO `proje`.`askeri_personel` (`PersonelID`, `Rütbe`, `Birlik`) VALUES ('668', 'Yedek Üsteğmen', 'Ege Ordusu');
INSERT INTO `proje`.`askeri_personel` (`PersonelID`, `Rütbe`, `Birlik`) VALUES ('669', 'Tümgeneral', 'Özel Kuvvetler Komutanlığı');
INSERT INTO `proje`.`askeri_personel` (`PersonelID`, `Rütbe`, `Birlik`) VALUES ('670', 'Pilot Üsteğmen', '1. Ordu');
INSERT INTO `proje`.`askeri_personel` (`PersonelID`, `Rütbe`, `Birlik`) VALUES ('671', 'Deniz Astsubay Çavuş', '2. Ordu');
INSERT INTO `proje`.`askeri_personel` (`PersonelID`, `Rütbe`, `Birlik`) VALUES ('672', 'Yarbay', 'Kara Kuvvetleri Komutanlığı');
INSERT INTO `proje`.`askeri_personel` (`PersonelID`, `Rütbe`, `Birlik`) VALUES ('673', 'Yedek Üsteğmen', 'Deniz Kuvvetleri Komutanlığı');
INSERT INTO `proje`.`askeri_personel` (`PersonelID`, `Rütbe`, `Birlik`) VALUES ('674', 'Deniz Yarbay', 'Jandarma Genel Komutanlığı');
INSERT INTO `proje`.`askeri_personel` (`PersonelID`, `Rütbe`, `Birlik`) VALUES ('675', 'Astsubay Kıdemli Çavuş', 'Özel Kuvvetler Komutanlığı');
INSERT INTO `proje`.`askeri_personel` (`PersonelID`, `Rütbe`, `Birlik`) VALUES ('676', 'Deniz Tümamiral', 'Sahil Güvenlik Komutanlığı');
INSERT INTO `proje`.`askeri_personel` (`PersonelID`, `Rütbe`, `Birlik`) VALUES ('677', 'Yedek Tümgeneral', 'Deniz Kuvvetleri Komutanlığı');
INSERT INTO `proje`.`askeri_personel` (`PersonelID`, `Rütbe`, `Birlik`) VALUES ('678', 'Deniz Astsubay Çavuş', '3. Ordu');
INSERT INTO `proje`.`askeri_personel` (`PersonelID`, `Rütbe`, `Birlik`) VALUES ('679', 'Teğmen', 'Özel Kuvvetler Komutanlığı');
INSERT INTO `proje`.`askeri_personel` (`PersonelID`, `Rütbe`, `Birlik`) VALUES ('680', 'Yedek Yüzbaşı', '3. Ordu');
INSERT INTO `proje`.`askeri_personel` (`PersonelID`, `Rütbe`, `Birlik`) VALUES ('681', 'Pilot Yarbay', 'Deniz Kuvvetleri Komutanlığı');
INSERT INTO `proje`.`askeri_personel` (`PersonelID`, `Rütbe`, `Birlik`) VALUES ('682', 'Yedek Yarbay', 'Kara Kuvvetleri Komutanlığı');
INSERT INTO `proje`.`askeri_personel` (`PersonelID`, `Rütbe`, `Birlik`) VALUES ('683', 'Yarbay', 'Deniz Kuvvetleri Komutanlığı');
INSERT INTO `proje`.`askeri_personel` (`PersonelID`, `Rütbe`, `Birlik`) VALUES ('684', 'Deniz Koramiral', 'Sahil Güvenlik Komutanlığı');
INSERT INTO `proje`.`askeri_personel` (`PersonelID`, `Rütbe`, `Birlik`) VALUES ('685', 'Pilot Tümgeneral', 'Hava Kuvvetleri Komutanlığı');
INSERT INTO `proje`.`askeri_personel` (`PersonelID`, `Rütbe`, `Birlik`) VALUES ('686', 'Deniz Astsubay Kıdemli Başçavuş', '1. Ordu');
INSERT INTO `proje`.`askeri_personel` (`PersonelID`, `Rütbe`, `Birlik`) VALUES ('687', 'Asteğmen', '3. Ordu');
INSERT INTO `proje`.`askeri_personel` (`PersonelID`, `Rütbe`, `Birlik`) VALUES ('688', 'Tümgeneral', 'Özel Kuvvetler Komutanlığı');
INSERT INTO `proje`.`askeri_personel` (`PersonelID`, `Rütbe`, `Birlik`) VALUES ('689', 'Tümgeneral', 'Özel Kuvvetler Komutanlığı');
INSERT INTO `proje`.`askeri_personel` (`PersonelID`, `Rütbe`, `Birlik`) VALUES ('690', 'Deniz Astsubay Üstçavuş', 'Hava Kuvvetleri Komutanlığı');
INSERT INTO `proje`.`askeri_personel` (`PersonelID`, `Rütbe`, `Birlik`) VALUES ('691', 'Pilot Üsteğmen', 'Sahil Güvenlik Komutanlığı');
INSERT INTO `proje`.`askeri_personel` (`PersonelID`, `Rütbe`, `Birlik`) VALUES ('692', 'Er', '1. Ordu');
INSERT INTO `proje`.`askeri_personel` (`PersonelID`, `Rütbe`, `Birlik`) VALUES ('693', 'Pilot Tuğgeneral', 'Jandarma Genel Komutanlığı');
INSERT INTO `proje`.`askeri_personel` (`PersonelID`, `Rütbe`, `Birlik`) VALUES ('694', 'Yedek Yarbay', 'Deniz Kuvvetleri Komutanlığı');
INSERT INTO `proje`.`askeri_personel` (`PersonelID`, `Rütbe`, `Birlik`) VALUES ('695', 'Deniz Binbaşı', '2. Ordu');
INSERT INTO `proje`.`askeri_personel` (`PersonelID`, `Rütbe`, `Birlik`) VALUES ('696', 'Astsubay Çavuş', '2. Ordu');
INSERT INTO `proje`.`askeri_personel` (`PersonelID`, `Rütbe`, `Birlik`) VALUES ('697', 'Pilot Albay', 'Jandarma Genel Komutanlığı');
INSERT INTO `proje`.`askeri_personel` (`PersonelID`, `Rütbe`, `Birlik`) VALUES ('698', 'Asteğmen', 'Özel Kuvvetler Komutanlığı');
INSERT INTO `proje`.`askeri_personel` (`PersonelID`, `Rütbe`, `Birlik`) VALUES ('699', 'Kıdemli Çavuş', 'Hava Kuvvetleri Komutanlığı');
INSERT INTO `proje`.`askeri_personel` (`PersonelID`, `Rütbe`, `Birlik`) VALUES ('700', 'Deniz Üsteğmen', 'Sahil Güvenlik Komutanlığı');
INSERT INTO `proje`.`askeri_personel` (`PersonelID`, `Rütbe`, `Birlik`) VALUES ('701', 'Deniz Onbaşı', 'Kara Kuvvetleri Komutanlığı');
INSERT INTO `proje`.`askeri_personel` (`PersonelID`, `Rütbe`, `Birlik`) VALUES ('702', 'Deniz Onbaşı', 'Ege Ordusu');
INSERT INTO `proje`.`askeri_personel` (`PersonelID`, `Rütbe`, `Birlik`) VALUES ('703', 'Deniz Binbaşı', '3. Ordu');
INSERT INTO `proje`.`askeri_personel` (`PersonelID`, `Rütbe`, `Birlik`) VALUES ('704', 'Deniz Üsteğmen', 'Kara Kuvvetleri Komutanlığı');
INSERT INTO `proje`.`askeri_personel` (`PersonelID`, `Rütbe`, `Birlik`) VALUES ('705', 'Pilot Binbaşı', 'Hava Kuvvetleri Komutanlığı');
INSERT INTO `proje`.`askeri_personel` (`PersonelID`, `Rütbe`, `Birlik`) VALUES ('706', 'Orgeneral', 'Özel Kuvvetler Komutanlığı');
INSERT INTO `proje`.`askeri_personel` (`PersonelID`, `Rütbe`, `Birlik`) VALUES ('707', 'Deniz Çavuş', 'Jandarma Genel Komutanlığı');
INSERT INTO `proje`.`askeri_personel` (`PersonelID`, `Rütbe`, `Birlik`) VALUES ('708', 'Yarbay', '3. Ordu');
INSERT INTO `proje`.`askeri_personel` (`PersonelID`, `Rütbe`, `Birlik`) VALUES ('709', 'Er', '3. Ordu');
INSERT INTO `proje`.`askeri_personel` (`PersonelID`, `Rütbe`, `Birlik`) VALUES ('710', 'Deniz Albay', '2. Ordu');
INSERT INTO `proje`.`askeri_personel` (`PersonelID`, `Rütbe`, `Birlik`) VALUES ('711', 'Deniz Tümamiral', 'Ege Ordusu');
INSERT INTO `proje`.`askeri_personel` (`PersonelID`, `Rütbe`, `Birlik`) VALUES ('712', 'Deniz Tuğamiral', 'Deniz Kuvvetleri Komutanlığı');
INSERT INTO `proje`.`askeri_personel` (`PersonelID`, `Rütbe`, `Birlik`) VALUES ('713', 'Pilot Albay', 'Hava Kuvvetleri Komutanlığı');
INSERT INTO `proje`.`askeri_personel` (`PersonelID`, `Rütbe`, `Birlik`) VALUES ('714', 'Oramiral', 'Sahil Güvenlik Komutanlığı');
INSERT INTO `proje`.`askeri_personel` (`PersonelID`, `Rütbe`, `Birlik`) VALUES ('715', 'Deniz Teğmen', 'Jandarma Genel Komutanlığı');
INSERT INTO `proje`.`askeri_personel` (`PersonelID`, `Rütbe`, `Birlik`) VALUES ('716', 'Deniz Uzman Çavuş', '2. Ordu');
INSERT INTO `proje`.`askeri_personel` (`PersonelID`, `Rütbe`, `Birlik`) VALUES ('717', 'Deniz Kıdemli Çavuş', '1. Ordu');
INSERT INTO `proje`.`askeri_personel` (`PersonelID`, `Rütbe`, `Birlik`) VALUES ('718', 'Deniz Mareşali', '1. Ordu');
INSERT INTO `proje`.`askeri_personel` (`PersonelID`, `Rütbe`, `Birlik`) VALUES ('719', 'Pilot Tümgeneral', 'Hava Kuvvetleri Komutanlığı');
INSERT INTO `proje`.`askeri_personel` (`PersonelID`, `Rütbe`, `Birlik`) VALUES ('720', 'Astsubay Kıdemli Üstçavuş', 'Özel Kuvvetler Komutanlığı');
INSERT INTO `proje`.`askeri_personel` (`PersonelID`, `Rütbe`, `Birlik`) VALUES ('721', 'Deniz Astsubay Kıdemli Başçavuş', 'Hava Kuvvetleri Komutanlığı');
INSERT INTO `proje`.`askeri_personel` (`PersonelID`, `Rütbe`, `Birlik`) VALUES ('722', 'Yedek Yarbay', '2. Ordu');
INSERT INTO `proje`.`askeri_personel` (`PersonelID`, `Rütbe`, `Birlik`) VALUES ('723', 'Yedek Yarbay', 'Jandarma Genel Komutanlığı');
INSERT INTO `proje`.`askeri_personel` (`PersonelID`, `Rütbe`, `Birlik`) VALUES ('724', 'Yedek Tümgeneral', 'Hava Kuvvetleri Komutanlığı');
INSERT INTO `proje`.`askeri_personel` (`PersonelID`, `Rütbe`, `Birlik`) VALUES ('725', 'Deniz Teğmen', '1. Ordu');
INSERT INTO `proje`.`askeri_personel` (`PersonelID`, `Rütbe`, `Birlik`) VALUES ('726', 'Kıdemli Albay', 'Ege Ordusu');
INSERT INTO `proje`.`askeri_personel` (`PersonelID`, `Rütbe`, `Birlik`) VALUES ('727', 'Asteğmen', 'Kara Kuvvetleri Komutanlığı');
INSERT INTO `proje`.`askeri_personel` (`PersonelID`, `Rütbe`, `Birlik`) VALUES ('728', 'Pilot Tuğgeneral', 'Ege Ordusu');
INSERT INTO `proje`.`askeri_personel` (`PersonelID`, `Rütbe`, `Birlik`) VALUES ('729', 'Astsubay Kıdemli Üstçavuş', 'Jandarma Genel Komutanlığı');
INSERT INTO `proje`.`askeri_personel` (`PersonelID`, `Rütbe`, `Birlik`) VALUES ('730', 'Deniz Astsubay Başçavuş', 'Özel Kuvvetler Komutanlığı');
INSERT INTO `proje`.`askeri_personel` (`PersonelID`, `Rütbe`, `Birlik`) VALUES ('731', 'Astsubay Çavuş', 'Jandarma Genel Komutanlığı');
INSERT INTO `proje`.`askeri_personel` (`PersonelID`, `Rütbe`, `Birlik`) VALUES ('732', 'Kıdemli Albay', 'Deniz Kuvvetleri Komutanlığı');
INSERT INTO `proje`.`askeri_personel` (`PersonelID`, `Rütbe`, `Birlik`) VALUES ('733', 'Deniz Kıdemli Çavuş', 'Deniz Kuvvetleri Komutanlığı');
INSERT INTO `proje`.`askeri_personel` (`PersonelID`, `Rütbe`, `Birlik`) VALUES ('734', 'Deniz Kıdemli Çavuş', 'Ege Ordusu');
INSERT INTO `proje`.`askeri_personel` (`PersonelID`, `Rütbe`, `Birlik`) VALUES ('735', 'Yarbay', 'Deniz Kuvvetleri Komutanlığı');
INSERT INTO `proje`.`askeri_personel` (`PersonelID`, `Rütbe`, `Birlik`) VALUES ('736', 'Erbaş', '2. Ordu');
INSERT INTO `proje`.`askeri_personel` (`PersonelID`, `Rütbe`, `Birlik`) VALUES ('737', 'Yedek Teğmen', 'Deniz Kuvvetleri Komutanlığı');
INSERT INTO `proje`.`askeri_personel` (`PersonelID`, `Rütbe`, `Birlik`) VALUES ('738', 'Deniz Tuğamiral', 'Deniz Kuvvetleri Komutanlığı');
INSERT INTO `proje`.`askeri_personel` (`PersonelID`, `Rütbe`, `Birlik`) VALUES ('739', 'Deniz Mareşali', 'Ege Ordusu');
INSERT INTO `proje`.`askeri_personel` (`PersonelID`, `Rütbe`, `Birlik`) VALUES ('740', 'Deniz Kıdemli Çavuş', 'Sahil Güvenlik Komutanlığı');
INSERT INTO `proje`.`askeri_personel` (`PersonelID`, `Rütbe`, `Birlik`) VALUES ('741', 'Deniz Uzman Çavuş', 'Hava Kuvvetleri Komutanlığı');
INSERT INTO `proje`.`askeri_personel` (`PersonelID`, `Rütbe`, `Birlik`) VALUES ('742', 'Binbaşı', 'Jandarma Genel Komutanlığı');
INSERT INTO `proje`.`askeri_personel` (`PersonelID`, `Rütbe`, `Birlik`) VALUES ('743', 'Deniz Onbaşı', '3. Ordu');
INSERT INTO `proje`.`askeri_personel` (`PersonelID`, `Rütbe`, `Birlik`) VALUES ('744', 'Deniz Astsubay Çavuş', 'Hava Kuvvetleri Komutanlığı');
INSERT INTO `proje`.`askeri_personel` (`PersonelID`, `Rütbe`, `Birlik`) VALUES ('745', 'Yedek Subay', 'Sahil Güvenlik Komutanlığı');
INSERT INTO `proje`.`askeri_personel` (`PersonelID`, `Rütbe`, `Birlik`) VALUES ('746', 'Deniz Astsubay Kıdemli Üstçavuş', '1. Ordu');
INSERT INTO `proje`.`askeri_personel` (`PersonelID`, `Rütbe`, `Birlik`) VALUES ('747', 'Deniz Binbaşı', 'Özel Kuvvetler Komutanlığı');
INSERT INTO `proje`.`askeri_personel` (`PersonelID`, `Rütbe`, `Birlik`) VALUES ('748', 'Deniz Oramiral', 'Kara Kuvvetleri Komutanlığı');
INSERT INTO `proje`.`askeri_personel` (`PersonelID`, `Rütbe`, `Birlik`) VALUES ('749', 'Deniz Astsubay Kademeli Başçavuş', 'Sahil Güvenlik Komutanlığı');
INSERT INTO `proje`.`askeri_personel` (`PersonelID`, `Rütbe`, `Birlik`) VALUES ('750', 'Oramiral', 'Özel Kuvvetler Komutanlığı');
INSERT INTO `proje`.`askeri_personel` (`PersonelID`, `Rütbe`, `Birlik`) VALUES ('751', 'Uzman Çavuş', 'Deniz Kuvvetleri Komutanlığı');
INSERT INTO `proje`.`askeri_personel` (`PersonelID`, `Rütbe`, `Birlik`) VALUES ('752', 'Yedek Yüzbaşı', 'Kara Kuvvetleri Komutanlığı');
INSERT INTO `proje`.`askeri_personel` (`PersonelID`, `Rütbe`, `Birlik`) VALUES ('753', 'Deniz Üsteğmen', 'Ege Ordusu');
INSERT INTO `proje`.`askeri_personel` (`PersonelID`, `Rütbe`, `Birlik`) VALUES ('754', 'Deniz Tümamiral', '1. Ordu');
INSERT INTO `proje`.`askeri_personel` (`PersonelID`, `Rütbe`, `Birlik`) VALUES ('755', 'Kıdemli Albay', 'Özel Kuvvetler Komutanlığı');
INSERT INTO `proje`.`askeri_personel` (`PersonelID`, `Rütbe`, `Birlik`) VALUES ('756', 'Deniz Albay', '2. Ordu');
INSERT INTO `proje`.`askeri_personel` (`PersonelID`, `Rütbe`, `Birlik`) VALUES ('757', 'Koramiral', 'Hava Kuvvetleri Komutanlığı');
INSERT INTO `proje`.`askeri_personel` (`PersonelID`, `Rütbe`, `Birlik`) VALUES ('758', 'Deniz Er', 'Hava Kuvvetleri Komutanlığı');
INSERT INTO `proje`.`askeri_personel` (`PersonelID`, `Rütbe`, `Birlik`) VALUES ('759', 'Küçük Amiral', 'Jandarma Genel Komutanlığı');
INSERT INTO `proje`.`askeri_personel` (`PersonelID`, `Rütbe`, `Birlik`) VALUES ('760', 'Astsubay Çavuş', 'Özel Kuvvetler Komutanlığı');
INSERT INTO `proje`.`askeri_personel` (`PersonelID`, `Rütbe`, `Birlik`) VALUES ('761', 'Yüzbaşı', 'Deniz Kuvvetleri Komutanlığı');
INSERT INTO `proje`.`askeri_personel` (`PersonelID`, `Rütbe`, `Birlik`) VALUES ('762', 'Pilot Teğmen', '2. Ordu');
INSERT INTO `proje`.`askeri_personel` (`PersonelID`, `Rütbe`, `Birlik`) VALUES ('763', 'Kıdemli Asteğmen', '3. Ordu');
INSERT INTO `proje`.`askeri_personel` (`PersonelID`, `Rütbe`, `Birlik`) VALUES ('764', 'Mareşal', '1. Ordu');
INSERT INTO `proje`.`askeri_personel` (`PersonelID`, `Rütbe`, `Birlik`) VALUES ('765', 'Deniz Çavuş', '1. Ordu');
INSERT INTO `proje`.`askeri_personel` (`PersonelID`, `Rütbe`, `Birlik`) VALUES ('766', 'Pilot Teğmen', '2. Ordu');
INSERT INTO `proje`.`askeri_personel` (`PersonelID`, `Rütbe`, `Birlik`) VALUES ('767', 'Yüzbaşı', 'Ege Ordusu');
INSERT INTO `proje`.`askeri_personel` (`PersonelID`, `Rütbe`, `Birlik`) VALUES ('768', 'Astsubay Kıdemli Çavuş', 'Jandarma Genel Komutanlığı');
INSERT INTO `proje`.`askeri_personel` (`PersonelID`, `Rütbe`, `Birlik`) VALUES ('769', 'Deniz Tümamiral', '3. Ordu');
INSERT INTO `proje`.`askeri_personel` (`PersonelID`, `Rütbe`, `Birlik`) VALUES ('770', 'Deniz Astsubay Üstçavuş', '3. Ordu');
INSERT INTO `proje`.`askeri_personel` (`PersonelID`, `Rütbe`, `Birlik`) VALUES ('771', 'Astsubay Üstçavuş', 'Ege Ordusu');
INSERT INTO `proje`.`askeri_personel` (`PersonelID`, `Rütbe`, `Birlik`) VALUES ('772', 'Pilot Tuğgeneral', 'Hava Kuvvetleri Komutanlığı');
INSERT INTO `proje`.`askeri_personel` (`PersonelID`, `Rütbe`, `Birlik`) VALUES ('773', 'Deniz Mareşali', 'Sahil Güvenlik Komutanlığı');
INSERT INTO `proje`.`askeri_personel` (`PersonelID`, `Rütbe`, `Birlik`) VALUES ('774', 'Deniz Astsubay Başçavuş', 'Ege Ordusu');
INSERT INTO `proje`.`askeri_personel` (`PersonelID`, `Rütbe`, `Birlik`) VALUES ('775', 'Yedek Teğmen', 'Sahil Güvenlik Komutanlığı');
INSERT INTO `proje`.`askeri_personel` (`PersonelID`, `Rütbe`, `Birlik`) VALUES ('776', 'Er', '3. Ordu');
INSERT INTO `proje`.`askeri_personel` (`PersonelID`, `Rütbe`, `Birlik`) VALUES ('777', 'Yedek Teğmen', 'Hava Kuvvetleri Komutanlığı');
INSERT INTO `proje`.`askeri_personel` (`PersonelID`, `Rütbe`, `Birlik`) VALUES ('778', 'Deniz Binbaşı', 'Deniz Kuvvetleri Komutanlığı');
INSERT INTO `proje`.`askeri_personel` (`PersonelID`, `Rütbe`, `Birlik`) VALUES ('779', 'Uzman Çavuş', 'Özel Kuvvetler Komutanlığı');
INSERT INTO `proje`.`askeri_personel` (`PersonelID`, `Rütbe`, `Birlik`) VALUES ('780', 'Deniz Astsubay Kademeli Başçavuş', 'Hava Kuvvetleri Komutanlığı');
INSERT INTO `proje`.`askeri_personel` (`PersonelID`, `Rütbe`, `Birlik`) VALUES ('781', 'Astsubay Üstçavuş', 'Sahil Güvenlik Komutanlığı');
INSERT INTO `proje`.`askeri_personel` (`PersonelID`, `Rütbe`, `Birlik`) VALUES ('782', 'Yedek Teğmen', 'Hava Kuvvetleri Komutanlığı');
INSERT INTO `proje`.`askeri_personel` (`PersonelID`, `Rütbe`, `Birlik`) VALUES ('783', 'Pilot Tuğgeneral', '2. Ordu');
INSERT INTO `proje`.`askeri_personel` (`PersonelID`, `Rütbe`, `Birlik`) VALUES ('784', 'Pilot Orgeneral', 'Ege Ordusu');
INSERT INTO `proje`.`askeri_personel` (`PersonelID`, `Rütbe`, `Birlik`) VALUES ('785', 'Kıdemli Asteğmen', '3. Ordu');
INSERT INTO `proje`.`askeri_personel` (`PersonelID`, `Rütbe`, `Birlik`) VALUES ('786', 'Deniz Çavuş', 'Ege Ordusu');
INSERT INTO `proje`.`askeri_personel` (`PersonelID`, `Rütbe`, `Birlik`) VALUES ('787', 'Deniz Koramiral', '2. Ordu');
INSERT INTO `proje`.`askeri_personel` (`PersonelID`, `Rütbe`, `Birlik`) VALUES ('788', 'Kıdemli Binbaşı', 'Deniz Kuvvetleri Komutanlığı');
INSERT INTO `proje`.`askeri_personel` (`PersonelID`, `Rütbe`, `Birlik`) VALUES ('789', 'Deniz Kıdemli Çavuş', '2. Ordu');
INSERT INTO `proje`.`askeri_personel` (`PersonelID`, `Rütbe`, `Birlik`) VALUES ('790', 'Amiral', '2. Ordu');
INSERT INTO `proje`.`askeri_personel` (`PersonelID`, `Rütbe`, `Birlik`) VALUES ('791', 'Tuğgeneral', 'Kara Kuvvetleri Komutanlığı');
INSERT INTO `proje`.`askeri_personel` (`PersonelID`, `Rütbe`, `Birlik`) VALUES ('792', 'Deniz Astsubay Başçavuş', 'Sahil Güvenlik Komutanlığı');
INSERT INTO `proje`.`askeri_personel` (`PersonelID`, `Rütbe`, `Birlik`) VALUES ('793', 'Deniz Çavuş', '1. Ordu');
INSERT INTO `proje`.`askeri_personel` (`PersonelID`, `Rütbe`, `Birlik`) VALUES ('794', 'Tuğamiral', 'Deniz Kuvvetleri Komutanlığı');
INSERT INTO `proje`.`askeri_personel` (`PersonelID`, `Rütbe`, `Birlik`) VALUES ('795', 'Koramiral', 'Kara Kuvvetleri Komutanlığı');
INSERT INTO `proje`.`askeri_personel` (`PersonelID`, `Rütbe`, `Birlik`) VALUES ('796', 'Amiral', 'Kara Kuvvetleri Komutanlığı');
INSERT INTO `proje`.`askeri_personel` (`PersonelID`, `Rütbe`, `Birlik`) VALUES ('797', 'Yedek Tuğgeneral', 'Sahil Güvenlik Komutanlığı');
INSERT INTO `proje`.`askeri_personel` (`PersonelID`, `Rütbe`, `Birlik`) VALUES ('798', 'Er', '2. Ordu');
INSERT INTO `proje`.`askeri_personel` (`PersonelID`, `Rütbe`, `Birlik`) VALUES ('799', 'Deniz Kıdemli Çavuş', '1. Ordu');
INSERT INTO `proje`.`askeri_personel` (`PersonelID`, `Rütbe`, `Birlik`) VALUES ('800', 'Kıdemli Yüzbaşı', 'Ege Ordusu');
INSERT INTO `proje`.`askeri_personel` (`PersonelID`, `Rütbe`, `Birlik`) VALUES ('801', 'Deniz Çavuş', 'Özel Kuvvetler Komutanlığı');
INSERT INTO `proje`.`askeri_personel` (`PersonelID`, `Rütbe`, `Birlik`) VALUES ('802', 'Deniz Astsubay Üstçavuş', '3. Ordu');
INSERT INTO `proje`.`askeri_personel` (`PersonelID`, `Rütbe`, `Birlik`) VALUES ('803', 'Yedek Yarbay', 'Hava Kuvvetleri Komutanlığı');
INSERT INTO `proje`.`askeri_personel` (`PersonelID`, `Rütbe`, `Birlik`) VALUES ('804', 'Deniz Tümamiral', 'Deniz Kuvvetleri Komutanlığı');
INSERT INTO `proje`.`askeri_personel` (`PersonelID`, `Rütbe`, `Birlik`) VALUES ('805', 'Yedek Korgeneral', 'Kara Kuvvetleri Komutanlığı');
INSERT INTO `proje`.`askeri_personel` (`PersonelID`, `Rütbe`, `Birlik`) VALUES ('806', 'Deniz Binbaşı', 'Özel Kuvvetler Komutanlığı');
INSERT INTO `proje`.`askeri_personel` (`PersonelID`, `Rütbe`, `Birlik`) VALUES ('807', 'Erbaş', 'Ege Ordusu');
INSERT INTO `proje`.`askeri_personel` (`PersonelID`, `Rütbe`, `Birlik`) VALUES ('808', 'Amiral', 'Hava Kuvvetleri Komutanlığı');
INSERT INTO `proje`.`askeri_personel` (`PersonelID`, `Rütbe`, `Birlik`) VALUES ('809', 'Deniz Tuğamiral', 'Kara Kuvvetleri Komutanlığı');
INSERT INTO `proje`.`askeri_personel` (`PersonelID`, `Rütbe`, `Birlik`) VALUES ('810', 'Deniz Astsubay Başçavuş', 'Jandarma Genel Komutanlığı');
INSERT INTO `proje`.`askeri_personel` (`PersonelID`, `Rütbe`, `Birlik`) VALUES ('811', 'Yedek Tümgeneral', '2. Ordu');
INSERT INTO `proje`.`askeri_personel` (`PersonelID`, `Rütbe`, `Birlik`) VALUES ('812', 'Astsubay Çavuş', 'Hava Kuvvetleri Komutanlığı');
INSERT INTO `proje`.`askeri_personel` (`PersonelID`, `Rütbe`, `Birlik`) VALUES ('813', 'Yüzbaşı', '1. Ordu');
INSERT INTO `proje`.`askeri_personel` (`PersonelID`, `Rütbe`, `Birlik`) VALUES ('814', 'Orgeneral', 'Jandarma Genel Komutanlığı');
INSERT INTO `proje`.`askeri_personel` (`PersonelID`, `Rütbe`, `Birlik`) VALUES ('815', 'Yedek Üsteğmen', 'Jandarma Genel Komutanlığı');
INSERT INTO `proje`.`askeri_personel` (`PersonelID`, `Rütbe`, `Birlik`) VALUES ('816', 'Deniz Astsubay Kıdemli Üstçavuş', 'Deniz Kuvvetleri Komutanlığı');
INSERT INTO `proje`.`askeri_personel` (`PersonelID`, `Rütbe`, `Birlik`) VALUES ('817', 'Küçük Amiral', 'Hava Kuvvetleri Komutanlığı');
INSERT INTO `proje`.`askeri_personel` (`PersonelID`, `Rütbe`, `Birlik`) VALUES ('818', 'Deniz Yarbay', 'Jandarma Genel Komutanlığı');
INSERT INTO `proje`.`askeri_personel` (`PersonelID`, `Rütbe`, `Birlik`) VALUES ('819', 'Deniz Oramiral', 'Kara Kuvvetleri Komutanlığı');
INSERT INTO `proje`.`askeri_personel` (`PersonelID`, `Rütbe`, `Birlik`) VALUES ('820', 'Deniz Koramiral', 'Özel Kuvvetler Komutanlığı');
INSERT INTO `proje`.`askeri_personel` (`PersonelID`, `Rütbe`, `Birlik`) VALUES ('821', 'Astsubay Kademeli Başçavuş', '3. Ordu');
INSERT INTO `proje`.`askeri_personel` (`PersonelID`, `Rütbe`, `Birlik`) VALUES ('822', 'Deniz Üsteğmen', 'Ege Ordusu');
INSERT INTO `proje`.`askeri_personel` (`PersonelID`, `Rütbe`, `Birlik`) VALUES ('823', 'Yedek Binbaşı', 'Kara Kuvvetleri Komutanlığı');
INSERT INTO `proje`.`askeri_personel` (`PersonelID`, `Rütbe`, `Birlik`) VALUES ('824', 'Deniz Yüzbaşı', 'Hava Kuvvetleri Komutanlığı');
INSERT INTO `proje`.`askeri_personel` (`PersonelID`, `Rütbe`, `Birlik`) VALUES ('825', 'Deniz Yarbay', 'Jandarma Genel Komutanlığı');
INSERT INTO `proje`.`askeri_personel` (`PersonelID`, `Rütbe`, `Birlik`) VALUES ('826', 'Oramiral', 'Sahil Güvenlik Komutanlığı');
INSERT INTO `proje`.`askeri_personel` (`PersonelID`, `Rütbe`, `Birlik`) VALUES ('827', 'Yedek Astsubay', 'Deniz Kuvvetleri Komutanlığı');
INSERT INTO `proje`.`askeri_personel` (`PersonelID`, `Rütbe`, `Birlik`) VALUES ('828', 'Deniz Yüzbaşı', 'Jandarma Genel Komutanlığı');
INSERT INTO `proje`.`askeri_personel` (`PersonelID`, `Rütbe`, `Birlik`) VALUES ('829', 'Kıdemli Asteğmen', 'Deniz Kuvvetleri Komutanlığı');
INSERT INTO `proje`.`askeri_personel` (`PersonelID`, `Rütbe`, `Birlik`) VALUES ('830', 'Pilot Albay', '3. Ordu');
INSERT INTO `proje`.`askeri_personel` (`PersonelID`, `Rütbe`, `Birlik`) VALUES ('831', 'Astsubay Başçavuş', 'Hava Kuvvetleri Komutanlığı');
INSERT INTO `proje`.`askeri_personel` (`PersonelID`, `Rütbe`, `Birlik`) VALUES ('832', 'Deniz Oramiral', '1. Ordu');
INSERT INTO `proje`.`askeri_personel` (`PersonelID`, `Rütbe`, `Birlik`) VALUES ('833', 'Yedek Yarbay', 'Sahil Güvenlik Komutanlığı');
INSERT INTO `proje`.`askeri_personel` (`PersonelID`, `Rütbe`, `Birlik`) VALUES ('834', 'Pilot Korgeneral', '2. Ordu');
INSERT INTO `proje`.`askeri_personel` (`PersonelID`, `Rütbe`, `Birlik`) VALUES ('835', 'Kıdemli Amiral', 'Ege Ordusu');
INSERT INTO `proje`.`askeri_personel` (`PersonelID`, `Rütbe`, `Birlik`) VALUES ('836', 'Deniz Koramiral', '2. Ordu');
INSERT INTO `proje`.`askeri_personel` (`PersonelID`, `Rütbe`, `Birlik`) VALUES ('837', 'Astsubay Kıdemli Çavuş', 'Hava Kuvvetleri Komutanlığı');
INSERT INTO `proje`.`askeri_personel` (`PersonelID`, `Rütbe`, `Birlik`) VALUES ('838', 'Uzman Onbaşı', 'Ege Ordusu');
INSERT INTO `proje`.`askeri_personel` (`PersonelID`, `Rütbe`, `Birlik`) VALUES ('839', 'Pilot Yarbay', 'Ege Ordusu');
INSERT INTO `proje`.`askeri_personel` (`PersonelID`, `Rütbe`, `Birlik`) VALUES ('840', 'Yedek Astsubay', 'Özel Kuvvetler Komutanlığı');
INSERT INTO `proje`.`askeri_personel` (`PersonelID`, `Rütbe`, `Birlik`) VALUES ('841', 'Deniz Çavuş', 'Hava Kuvvetleri Komutanlığı');
INSERT INTO `proje`.`askeri_personel` (`PersonelID`, `Rütbe`, `Birlik`) VALUES ('842', 'Deniz Astsubay Kademeli Başçavuş', 'Hava Kuvvetleri Komutanlığı');
INSERT INTO `proje`.`askeri_personel` (`PersonelID`, `Rütbe`, `Birlik`) VALUES ('843', 'Deniz Astsubay Çavuş', 'Ege Ordusu');
INSERT INTO `proje`.`askeri_personel` (`PersonelID`, `Rütbe`, `Birlik`) VALUES ('844', 'Astsubay Üstçavuş', 'Sahil Güvenlik Komutanlığı');
INSERT INTO `proje`.`askeri_personel` (`PersonelID`, `Rütbe`, `Birlik`) VALUES ('845', 'Pilot Binbaşı', '1. Ordu');
INSERT INTO `proje`.`askeri_personel` (`PersonelID`, `Rütbe`, `Birlik`) VALUES ('846', 'Deniz Oramiral', 'Sahil Güvenlik Komutanlığı');
INSERT INTO `proje`.`askeri_personel` (`PersonelID`, `Rütbe`, `Birlik`) VALUES ('847', 'Deniz Koramiral', '1. Ordu');
INSERT INTO `proje`.`askeri_personel` (`PersonelID`, `Rütbe`, `Birlik`) VALUES ('848', 'Deniz Astsubay Üstçavuş', 'Deniz Kuvvetleri Komutanlığı');
INSERT INTO `proje`.`askeri_personel` (`PersonelID`, `Rütbe`, `Birlik`) VALUES ('849', 'Deniz Oramiral', 'Jandarma Genel Komutanlığı');
INSERT INTO `proje`.`askeri_personel` (`PersonelID`, `Rütbe`, `Birlik`) VALUES ('850', 'Astsubay Kıdemli Başçavuş', '1. Ordu');
INSERT INTO `proje`.`askeri_personel` (`PersonelID`, `Rütbe`, `Birlik`) VALUES ('851', 'Deniz Koramiral', '3. Ordu');
INSERT INTO `proje`.`askeri_personel` (`PersonelID`, `Rütbe`, `Birlik`) VALUES ('852', 'Deniz Çavuş', 'Ege Ordusu');
INSERT INTO `proje`.`askeri_personel` (`PersonelID`, `Rütbe`, `Birlik`) VALUES ('853', 'Tümgeneral', 'Deniz Kuvvetleri Komutanlığı');
INSERT INTO `proje`.`askeri_personel` (`PersonelID`, `Rütbe`, `Birlik`) VALUES ('854', 'Yedek Tümgeneral', 'Hava Kuvvetleri Komutanlığı');
INSERT INTO `proje`.`askeri_personel` (`PersonelID`, `Rütbe`, `Birlik`) VALUES ('855', 'Deniz Tuğamiral', 'Sahil Güvenlik Komutanlığı');
INSERT INTO `proje`.`askeri_personel` (`PersonelID`, `Rütbe`, `Birlik`) VALUES ('856', 'Deniz Çavuş', 'Hava Kuvvetleri Komutanlığı');
INSERT INTO `proje`.`askeri_personel` (`PersonelID`, `Rütbe`, `Birlik`) VALUES ('857', 'Tuğgeneral', 'Özel Kuvvetler Komutanlığı');
INSERT INTO `proje`.`askeri_personel` (`PersonelID`, `Rütbe`, `Birlik`) VALUES ('858', 'Deniz Astsubay Kıdemli Çavuş', 'Hava Kuvvetleri Komutanlığı');
INSERT INTO `proje`.`askeri_personel` (`PersonelID`, `Rütbe`, `Birlik`) VALUES ('859', 'Asteğmen', 'Kara Kuvvetleri Komutanlığı');
INSERT INTO `proje`.`askeri_personel` (`PersonelID`, `Rütbe`, `Birlik`) VALUES ('860', 'Erbaş', 'Ege Ordusu');
INSERT INTO `proje`.`askeri_personel` (`PersonelID`, `Rütbe`, `Birlik`) VALUES ('861', 'Kıdemli Albay', 'Sahil Güvenlik Komutanlığı');
INSERT INTO `proje`.`askeri_personel` (`PersonelID`, `Rütbe`, `Birlik`) VALUES ('862', 'Deniz Çavuş', 'Ege Ordusu');
INSERT INTO `proje`.`askeri_personel` (`PersonelID`, `Rütbe`, `Birlik`) VALUES ('863', 'Kıdemli Asteğmen', '1. Ordu');
INSERT INTO `proje`.`askeri_personel` (`PersonelID`, `Rütbe`, `Birlik`) VALUES ('864', 'Tuğamiral', '3. Ordu');
INSERT INTO `proje`.`askeri_personel` (`PersonelID`, `Rütbe`, `Birlik`) VALUES ('865', 'Deniz Tümamiral', 'Kara Kuvvetleri Komutanlığı');
INSERT INTO `proje`.`askeri_personel` (`PersonelID`, `Rütbe`, `Birlik`) VALUES ('866', 'Astsubay Başçavuş', 'Ege Ordusu');
INSERT INTO `proje`.`askeri_personel` (`PersonelID`, `Rütbe`, `Birlik`) VALUES ('867', 'Erbaş', '2. Ordu');
INSERT INTO `proje`.`askeri_personel` (`PersonelID`, `Rütbe`, `Birlik`) VALUES ('868', 'Deniz Astsubay Çavuş', '1. Ordu');
INSERT INTO `proje`.`askeri_personel` (`PersonelID`, `Rütbe`, `Birlik`) VALUES ('869', 'Deniz Tümamiral', 'Hava Kuvvetleri Komutanlığı');
INSERT INTO `proje`.`askeri_personel` (`PersonelID`, `Rütbe`, `Birlik`) VALUES ('870', 'Astsubay Kademeli Başçavuş', 'Kara Kuvvetleri Komutanlığı');
INSERT INTO `proje`.`askeri_personel` (`PersonelID`, `Rütbe`, `Birlik`) VALUES ('871', 'Deniz Astsubay Kıdemli Başçavuş', 'Özel Kuvvetler Komutanlığı');
INSERT INTO `proje`.`askeri_personel` (`PersonelID`, `Rütbe`, `Birlik`) VALUES ('872', 'Deniz Kıdemli Çavuş', 'Ege Ordusu');
INSERT INTO `proje`.`askeri_personel` (`PersonelID`, `Rütbe`, `Birlik`) VALUES ('873', 'Mareşal', 'Hava Kuvvetleri Komutanlığı');
INSERT INTO `proje`.`askeri_personel` (`PersonelID`, `Rütbe`, `Birlik`) VALUES ('874', 'Deniz Koramiral', 'Hava Kuvvetleri Komutanlığı');
INSERT INTO `proje`.`askeri_personel` (`PersonelID`, `Rütbe`, `Birlik`) VALUES ('875', 'Uzman Onbaşı', 'Ege Ordusu');
INSERT INTO `proje`.`askeri_personel` (`PersonelID`, `Rütbe`, `Birlik`) VALUES ('876', 'Yedek Subay', '3. Ordu');
INSERT INTO `proje`.`askeri_personel` (`PersonelID`, `Rütbe`, `Birlik`) VALUES ('877', 'Deniz Uzman Çavuş', '3. Ordu');
INSERT INTO `proje`.`askeri_personel` (`PersonelID`, `Rütbe`, `Birlik`) VALUES ('878', 'Yedek Tuğgeneral', 'Sahil Güvenlik Komutanlığı');
INSERT INTO `proje`.`askeri_personel` (`PersonelID`, `Rütbe`, `Birlik`) VALUES ('879', 'Yedek Yüzbaşı', '2. Ordu');
INSERT INTO `proje`.`askeri_personel` (`PersonelID`, `Rütbe`, `Birlik`) VALUES ('880', 'Yarbay', '1. Ordu');
INSERT INTO `proje`.`askeri_personel` (`PersonelID`, `Rütbe`, `Birlik`) VALUES ('881', 'Deniz Üsteğmen', '3. Ordu');
INSERT INTO `proje`.`askeri_personel` (`PersonelID`, `Rütbe`, `Birlik`) VALUES ('882', 'Deniz Albay', 'Deniz Kuvvetleri Komutanlığı');
INSERT INTO `proje`.`askeri_personel` (`PersonelID`, `Rütbe`, `Birlik`) VALUES ('883', 'Deniz Koramiral', 'Sahil Güvenlik Komutanlığı');
INSERT INTO `proje`.`askeri_personel` (`PersonelID`, `Rütbe`, `Birlik`) VALUES ('884', 'Deniz Çavuş', 'Kara Kuvvetleri Komutanlığı');
INSERT INTO `proje`.`askeri_personel` (`PersonelID`, `Rütbe`, `Birlik`) VALUES ('885', 'Deniz Astsubay Kıdemli Üstçavuş', 'Hava Kuvvetleri Komutanlığı');
INSERT INTO `proje`.`askeri_personel` (`PersonelID`, `Rütbe`, `Birlik`) VALUES ('886', 'Orgeneral', 'Kara Kuvvetleri Komutanlığı');
INSERT INTO `proje`.`askeri_personel` (`PersonelID`, `Rütbe`, `Birlik`) VALUES ('887', 'Albay', 'Ege Ordusu');
INSERT INTO `proje`.`askeri_personel` (`PersonelID`, `Rütbe`, `Birlik`) VALUES ('888', 'Yedek Teğmen', '2. Ordu');
INSERT INTO `proje`.`askeri_personel` (`PersonelID`, `Rütbe`, `Birlik`) VALUES ('889', 'Deniz Astsubay Kıdemli Üstçavuş', 'Deniz Kuvvetleri Komutanlığı');
INSERT INTO `proje`.`askeri_personel` (`PersonelID`, `Rütbe`, `Birlik`) VALUES ('890', 'Yedek Albay', '2. Ordu');
INSERT INTO `proje`.`askeri_personel` (`PersonelID`, `Rütbe`, `Birlik`) VALUES ('891', 'Deniz Yüzbaşı', '1. Ordu');
INSERT INTO `proje`.`askeri_personel` (`PersonelID`, `Rütbe`, `Birlik`) VALUES ('892', 'Deniz Er', 'Ege Ordusu');
INSERT INTO `proje`.`askeri_personel` (`PersonelID`, `Rütbe`, `Birlik`) VALUES ('893', 'Deniz Binbaşı', '2. Ordu');
INSERT INTO `proje`.`askeri_personel` (`PersonelID`, `Rütbe`, `Birlik`) VALUES ('894', 'Kıdemli Amiral', 'Sahil Güvenlik Komutanlığı');
INSERT INTO `proje`.`askeri_personel` (`PersonelID`, `Rütbe`, `Birlik`) VALUES ('895', 'Deniz Mareşali', '1. Ordu');
INSERT INTO `proje`.`askeri_personel` (`PersonelID`, `Rütbe`, `Birlik`) VALUES ('896', 'Deniz Koramiral', '3. Ordu');
INSERT INTO `proje`.`askeri_personel` (`PersonelID`, `Rütbe`, `Birlik`) VALUES ('897', 'Uzman Çavuş', 'Kara Kuvvetleri Komutanlığı');
INSERT INTO `proje`.`askeri_personel` (`PersonelID`, `Rütbe`, `Birlik`) VALUES ('898', 'Yedek Albay', 'Hava Kuvvetleri Komutanlığı');
INSERT INTO `proje`.`askeri_personel` (`PersonelID`, `Rütbe`, `Birlik`) VALUES ('899', 'Deniz Astsubay Başçavuş', 'Ege Ordusu');
INSERT INTO `proje`.`askeri_personel` (`PersonelID`, `Rütbe`, `Birlik`) VALUES ('900', 'Deniz Oramiral', 'Özel Kuvvetler Komutanlığı');
INSERT INTO `proje`.`askeri_personel` (`PersonelID`, `Rütbe`, `Birlik`) VALUES ('901', 'Deniz Üsteğmen', 'Deniz Kuvvetleri Komutanlığı');
INSERT INTO `proje`.`askeri_personel` (`PersonelID`, `Rütbe`, `Birlik`) VALUES ('902', 'Pilot Yüzbaşı', '1. Ordu');
INSERT INTO `proje`.`askeri_personel` (`PersonelID`, `Rütbe`, `Birlik`) VALUES ('903', 'Deniz Binbaşı', 'Deniz Kuvvetleri Komutanlığı');
INSERT INTO `proje`.`askeri_personel` (`PersonelID`, `Rütbe`, `Birlik`) VALUES ('904', 'Pilot Binbaşı', 'Sahil Güvenlik Komutanlığı');
INSERT INTO `proje`.`askeri_personel` (`PersonelID`, `Rütbe`, `Birlik`) VALUES ('905', 'Onbaşı', 'Özel Kuvvetler Komutanlığı');
INSERT INTO `proje`.`askeri_personel` (`PersonelID`, `Rütbe`, `Birlik`) VALUES ('906', 'Yarbay', 'Ege Ordusu');
INSERT INTO `proje`.`askeri_personel` (`PersonelID`, `Rütbe`, `Birlik`) VALUES ('907', 'Deniz Astsubay Kıdemli Üstçavuş', 'Kara Kuvvetleri Komutanlığı');
INSERT INTO `proje`.`askeri_personel` (`PersonelID`, `Rütbe`, `Birlik`) VALUES ('908', 'Deniz Er', '1. Ordu');
INSERT INTO `proje`.`askeri_personel` (`PersonelID`, `Rütbe`, `Birlik`) VALUES ('909', 'Kıdemli Albay', 'Özel Kuvvetler Komutanlığı');
INSERT INTO `proje`.`askeri_personel` (`PersonelID`, `Rütbe`, `Birlik`) VALUES ('910', 'Deniz Astsubay Başçavuş', 'Hava Kuvvetleri Komutanlığı');
INSERT INTO `proje`.`askeri_personel` (`PersonelID`, `Rütbe`, `Birlik`) VALUES ('911', 'Deniz Albay', 'Deniz Kuvvetleri Komutanlığı');
INSERT INTO `proje`.`askeri_personel` (`PersonelID`, `Rütbe`, `Birlik`) VALUES ('912', 'Yedek Albay', 'Hava Kuvvetleri Komutanlığı');
INSERT INTO `proje`.`askeri_personel` (`PersonelID`, `Rütbe`, `Birlik`) VALUES ('913', 'Deniz Yarbay', 'Sahil Güvenlik Komutanlığı');
INSERT INTO `proje`.`askeri_personel` (`PersonelID`, `Rütbe`, `Birlik`) VALUES ('914', 'Yedek Tümgeneral', 'Jandarma Genel Komutanlığı');
INSERT INTO `proje`.`askeri_personel` (`PersonelID`, `Rütbe`, `Birlik`) VALUES ('915', 'Yedek Yüzbaşı', 'Deniz Kuvvetleri Komutanlığı');
INSERT INTO `proje`.`askeri_personel` (`PersonelID`, `Rütbe`, `Birlik`) VALUES ('916', 'Deniz Kıdemli Çavuş', '2. Ordu');
INSERT INTO `proje`.`askeri_personel` (`PersonelID`, `Rütbe`, `Birlik`) VALUES ('917', 'Deniz Binbaşı', 'Hava Kuvvetleri Komutanlığı');
INSERT INTO `proje`.`askeri_personel` (`PersonelID`, `Rütbe`, `Birlik`) VALUES ('918', 'Asteğmen', 'Ege Ordusu');
INSERT INTO `proje`.`askeri_personel` (`PersonelID`, `Rütbe`, `Birlik`) VALUES ('919', 'Deniz Kıdemli Çavuş', 'Hava Kuvvetleri Komutanlığı');
INSERT INTO `proje`.`askeri_personel` (`PersonelID`, `Rütbe`, `Birlik`) VALUES ('920', 'Çavuş', '2. Ordu');
INSERT INTO `proje`.`askeri_personel` (`PersonelID`, `Rütbe`, `Birlik`) VALUES ('921', 'Deniz Er', 'Deniz Kuvvetleri Komutanlığı');
INSERT INTO `proje`.`askeri_personel` (`PersonelID`, `Rütbe`, `Birlik`) VALUES ('922', 'Deniz Albay', 'Deniz Kuvvetleri Komutanlığı');
INSERT INTO `proje`.`askeri_personel` (`PersonelID`, `Rütbe`, `Birlik`) VALUES ('923', 'Deniz Astsubay Kıdemli Başçavuş', '3. Ordu');
INSERT INTO `proje`.`askeri_personel` (`PersonelID`, `Rütbe`, `Birlik`) VALUES ('924', 'Yedek Orgeneral', 'Kara Kuvvetleri Komutanlığı');
INSERT INTO `proje`.`askeri_personel` (`PersonelID`, `Rütbe`, `Birlik`) VALUES ('925', 'Erbaş', '2. Ordu');
INSERT INTO `proje`.`askeri_personel` (`PersonelID`, `Rütbe`, `Birlik`) VALUES ('926', 'Yedek Tümgeneral', '2. Ordu');
INSERT INTO `proje`.`askeri_personel` (`PersonelID`, `Rütbe`, `Birlik`) VALUES ('927', 'Yedek Astsubay', 'Hava Kuvvetleri Komutanlığı');
INSERT INTO `proje`.`askeri_personel` (`PersonelID`, `Rütbe`, `Birlik`) VALUES ('928', 'Asteğmen', 'Kara Kuvvetleri Komutanlığı');
INSERT INTO `proje`.`askeri_personel` (`PersonelID`, `Rütbe`, `Birlik`) VALUES ('929', 'Yüzbaşı', 'Deniz Kuvvetleri Komutanlığı');
INSERT INTO `proje`.`askeri_personel` (`PersonelID`, `Rütbe`, `Birlik`) VALUES ('930', 'Yüzbaşı', 'Özel Kuvvetler Komutanlığı');
INSERT INTO `proje`.`askeri_personel` (`PersonelID`, `Rütbe`, `Birlik`) VALUES ('931', 'Deniz Binbaşı', 'Özel Kuvvetler Komutanlığı');
INSERT INTO `proje`.`askeri_personel` (`PersonelID`, `Rütbe`, `Birlik`) VALUES ('932', 'Deniz Tümamiral', 'Hava Kuvvetleri Komutanlığı');
INSERT INTO `proje`.`askeri_personel` (`PersonelID`, `Rütbe`, `Birlik`) VALUES ('933', 'Pilot Korgeneral', '1. Ordu');
INSERT INTO `proje`.`askeri_personel` (`PersonelID`, `Rütbe`, `Birlik`) VALUES ('934', 'Astsubay Kıdemli Üstçavuş', 'Kara Kuvvetleri Komutanlığı');
INSERT INTO `proje`.`askeri_personel` (`PersonelID`, `Rütbe`, `Birlik`) VALUES ('935', 'Deniz Tuğamiral', '2. Ordu');
INSERT INTO `proje`.`askeri_personel` (`PersonelID`, `Rütbe`, `Birlik`) VALUES ('936', 'Oramiral', 'Ege Ordusu');
INSERT INTO `proje`.`askeri_personel` (`PersonelID`, `Rütbe`, `Birlik`) VALUES ('937', 'Tuğgeneral', 'Deniz Kuvvetleri Komutanlığı');
INSERT INTO `proje`.`askeri_personel` (`PersonelID`, `Rütbe`, `Birlik`) VALUES ('938', 'Kıdemli Amiral', 'Sahil Güvenlik Komutanlığı');
INSERT INTO `proje`.`askeri_personel` (`PersonelID`, `Rütbe`, `Birlik`) VALUES ('939', 'Deniz Astsubay Üstçavuş', 'Kara Kuvvetleri Komutanlığı');
INSERT INTO `proje`.`askeri_personel` (`PersonelID`, `Rütbe`, `Birlik`) VALUES ('940', 'Deniz Astsubay Kademeli Başçavuş', 'Özel Kuvvetler Komutanlığı');
INSERT INTO `proje`.`askeri_personel` (`PersonelID`, `Rütbe`, `Birlik`) VALUES ('941', 'Korgeneral', 'Deniz Kuvvetleri Komutanlığı');
INSERT INTO `proje`.`askeri_personel` (`PersonelID`, `Rütbe`, `Birlik`) VALUES ('942', 'Yedek Üsteğmen', 'Kara Kuvvetleri Komutanlığı');
INSERT INTO `proje`.`askeri_personel` (`PersonelID`, `Rütbe`, `Birlik`) VALUES ('943', 'Deniz Astsubay Kıdemli Çavuş', 'Jandarma Genel Komutanlığı');
INSERT INTO `proje`.`askeri_personel` (`PersonelID`, `Rütbe`, `Birlik`) VALUES ('944', 'Deniz Oramiral', '3. Ordu');
INSERT INTO `proje`.`askeri_personel` (`PersonelID`, `Rütbe`, `Birlik`) VALUES ('945', 'Çavuş', 'Jandarma Genel Komutanlığı');
INSERT INTO `proje`.`askeri_personel` (`PersonelID`, `Rütbe`, `Birlik`) VALUES ('946', 'Yarbay', '3. Ordu');
INSERT INTO `proje`.`askeri_personel` (`PersonelID`, `Rütbe`, `Birlik`) VALUES ('947', 'Er', 'Jandarma Genel Komutanlığı');
INSERT INTO `proje`.`askeri_personel` (`PersonelID`, `Rütbe`, `Birlik`) VALUES ('948', 'Kıdemli Amiral', 'Deniz Kuvvetleri Komutanlığı');
INSERT INTO `proje`.`askeri_personel` (`PersonelID`, `Rütbe`, `Birlik`) VALUES ('949', 'Üsteğmen', 'Deniz Kuvvetleri Komutanlığı');
INSERT INTO `proje`.`askeri_personel` (`PersonelID`, `Rütbe`, `Birlik`) VALUES ('950', 'Pilot Korgeneral', 'Hava Kuvvetleri Komutanlığı');
INSERT INTO `proje`.`askeri_personel` (`PersonelID`, `Rütbe`, `Birlik`) VALUES ('951', 'Uzman Çavuş', 'Hava Kuvvetleri Komutanlığı');
INSERT INTO `proje`.`askeri_personel` (`PersonelID`, `Rütbe`, `Birlik`) VALUES ('952', 'Çavuş', 'Ege Ordusu');
INSERT INTO `proje`.`askeri_personel` (`PersonelID`, `Rütbe`, `Birlik`) VALUES ('953', 'Deniz Oramiral', 'Ege Ordusu');
INSERT INTO `proje`.`askeri_personel` (`PersonelID`, `Rütbe`, `Birlik`) VALUES ('954', 'Deniz Astsubay Kademeli Başçavuş', 'Deniz Kuvvetleri Komutanlığı');
INSERT INTO `proje`.`askeri_personel` (`PersonelID`, `Rütbe`, `Birlik`) VALUES ('955', 'Pilot Yarbay', 'Kara Kuvvetleri Komutanlığı');
INSERT INTO `proje`.`askeri_personel` (`PersonelID`, `Rütbe`, `Birlik`) VALUES ('956', 'Yedek Astsubay', '3. Ordu');
INSERT INTO `proje`.`askeri_personel` (`PersonelID`, `Rütbe`, `Birlik`) VALUES ('957', 'Yedek Subay', '1. Ordu');
INSERT INTO `proje`.`askeri_personel` (`PersonelID`, `Rütbe`, `Birlik`) VALUES ('958', 'Yedek Orgeneral', '3. Ordu');
INSERT INTO `proje`.`askeri_personel` (`PersonelID`, `Rütbe`, `Birlik`) VALUES ('959', 'Yedek Üsteğmen', 'Hava Kuvvetleri Komutanlığı');
INSERT INTO `proje`.`askeri_personel` (`PersonelID`, `Rütbe`, `Birlik`) VALUES ('960', 'Deniz Tuğamiral', 'Jandarma Genel Komutanlığı');
INSERT INTO `proje`.`askeri_personel` (`PersonelID`, `Rütbe`, `Birlik`) VALUES ('961', 'Deniz Oramiral', '2. Ordu');
INSERT INTO `proje`.`askeri_personel` (`PersonelID`, `Rütbe`, `Birlik`) VALUES ('962', 'Deniz Yarbay', 'Deniz Kuvvetleri Komutanlığı');
INSERT INTO `proje`.`askeri_personel` (`PersonelID`, `Rütbe`, `Birlik`) VALUES ('963', 'Kıdemli Binbaşı', 'Sahil Güvenlik Komutanlığı');
INSERT INTO `proje`.`askeri_personel` (`PersonelID`, `Rütbe`, `Birlik`) VALUES ('964', 'Yüzbaşı', 'Ege Ordusu');
INSERT INTO `proje`.`askeri_personel` (`PersonelID`, `Rütbe`, `Birlik`) VALUES ('965', 'Astsubay Kademeli Başçavuş', '2. Ordu');
INSERT INTO `proje`.`askeri_personel` (`PersonelID`, `Rütbe`, `Birlik`) VALUES ('966', 'Yarbay', 'Hava Kuvvetleri Komutanlığı');
INSERT INTO `proje`.`askeri_personel` (`PersonelID`, `Rütbe`, `Birlik`) VALUES ('967', 'Yedek Astsubay', '1. Ordu');
INSERT INTO `proje`.`askeri_personel` (`PersonelID`, `Rütbe`, `Birlik`) VALUES ('968', 'Deniz Astsubay Üstçavuş', 'Özel Kuvvetler Komutanlığı');
INSERT INTO `proje`.`askeri_personel` (`PersonelID`, `Rütbe`, `Birlik`) VALUES ('969', 'Deniz Uzman Çavuş', 'Kara Kuvvetleri Komutanlığı');
INSERT INTO `proje`.`askeri_personel` (`PersonelID`, `Rütbe`, `Birlik`) VALUES ('970', 'Pilot Tuğgeneral', 'Jandarma Genel Komutanlığı');
INSERT INTO `proje`.`askeri_personel` (`PersonelID`, `Rütbe`, `Birlik`) VALUES ('971', 'Deniz Tuğamiral', 'Deniz Kuvvetleri Komutanlığı');
INSERT INTO `proje`.`askeri_personel` (`PersonelID`, `Rütbe`, `Birlik`) VALUES ('972', 'Deniz Astsubay Üstçavuş', 'Hava Kuvvetleri Komutanlığı');
INSERT INTO `proje`.`askeri_personel` (`PersonelID`, `Rütbe`, `Birlik`) VALUES ('973', 'Deniz Yarbay', '2. Ordu');
INSERT INTO `proje`.`askeri_personel` (`PersonelID`, `Rütbe`, `Birlik`) VALUES ('974', 'Deniz Mareşali', 'Özel Kuvvetler Komutanlığı');
INSERT INTO `proje`.`askeri_personel` (`PersonelID`, `Rütbe`, `Birlik`) VALUES ('975', 'Uzman Çavuş', 'Kara Kuvvetleri Komutanlığı');
INSERT INTO `proje`.`askeri_personel` (`PersonelID`, `Rütbe`, `Birlik`) VALUES ('976', 'Deniz Yüzbaşı', 'Hava Kuvvetleri Komutanlığı');
INSERT INTO `proje`.`askeri_personel` (`PersonelID`, `Rütbe`, `Birlik`) VALUES ('977', 'Astsubay Kademeli Başçavuş', '2. Ordu');
INSERT INTO `proje`.`askeri_personel` (`PersonelID`, `Rütbe`, `Birlik`) VALUES ('978', 'Deniz Onbaşı', '1. Ordu');
INSERT INTO `proje`.`askeri_personel` (`PersonelID`, `Rütbe`, `Birlik`) VALUES ('979', 'Yedek Astsubay', 'Hava Kuvvetleri Komutanlığı');
INSERT INTO `proje`.`askeri_personel` (`PersonelID`, `Rütbe`, `Birlik`) VALUES ('980', 'Pilot Tümgeneral', 'Deniz Kuvvetleri Komutanlığı');
INSERT INTO `proje`.`askeri_personel` (`PersonelID`, `Rütbe`, `Birlik`) VALUES ('981', 'Astsubay Üstçavuş', '2. Ordu');
INSERT INTO `proje`.`askeri_personel` (`PersonelID`, `Rütbe`, `Birlik`) VALUES ('982', 'Deniz Albay', 'Sahil Güvenlik Komutanlığı');
INSERT INTO `proje`.`askeri_personel` (`PersonelID`, `Rütbe`, `Birlik`) VALUES ('983', 'Erbaş', 'Hava Kuvvetleri Komutanlığı');
INSERT INTO `proje`.`askeri_personel` (`PersonelID`, `Rütbe`, `Birlik`) VALUES ('984', 'Astsubay Kıdemli Çavuş', 'Deniz Kuvvetleri Komutanlığı');
INSERT INTO `proje`.`askeri_personel` (`PersonelID`, `Rütbe`, `Birlik`) VALUES ('985', 'Astsubay Kıdemli Üstçavuş', 'Ege Ordusu');
INSERT INTO `proje`.`askeri_personel` (`PersonelID`, `Rütbe`, `Birlik`) VALUES ('986', 'Deniz Astsubay Kıdemli Başçavuş', 'Jandarma Genel Komutanlığı');
INSERT INTO `proje`.`askeri_personel` (`PersonelID`, `Rütbe`, `Birlik`) VALUES ('987', 'Deniz Çavuş', 'Özel Kuvvetler Komutanlığı');
INSERT INTO `proje`.`askeri_personel` (`PersonelID`, `Rütbe`, `Birlik`) VALUES ('988', 'Uzman Onbaşı', 'Sahil Güvenlik Komutanlığı');
INSERT INTO `proje`.`askeri_personel` (`PersonelID`, `Rütbe`, `Birlik`) VALUES ('989', 'Oramiral', 'Özel Kuvvetler Komutanlığı');
INSERT INTO `proje`.`askeri_personel` (`PersonelID`, `Rütbe`, `Birlik`) VALUES ('990', 'Deniz Kıdemli Çavuş', 'Hava Kuvvetleri Komutanlığı');
INSERT INTO `proje`.`askeri_personel` (`PersonelID`, `Rütbe`, `Birlik`) VALUES ('991', 'Deniz Albay', 'Sahil Güvenlik Komutanlığı');
INSERT INTO `proje`.`askeri_personel` (`PersonelID`, `Rütbe`, `Birlik`) VALUES ('992', 'Deniz Çavuş', 'Kara Kuvvetleri Komutanlığı');
INSERT INTO `proje`.`askeri_personel` (`PersonelID`, `Rütbe`, `Birlik`) VALUES ('993', 'Deniz Üsteğmen', '3. Ordu');
INSERT INTO `proje`.`askeri_personel` (`PersonelID`, `Rütbe`, `Birlik`) VALUES ('994', 'Pilot Orgeneral', 'Özel Kuvvetler Komutanlığı');
INSERT INTO `proje`.`askeri_personel` (`PersonelID`, `Rütbe`, `Birlik`) VALUES ('995', 'Deniz Astsubay Üstçavuş', 'Ege Ordusu');
INSERT INTO `proje`.`askeri_personel` (`PersonelID`, `Rütbe`, `Birlik`) VALUES ('996', 'Pilot Tuğgeneral', '1. Ordu');
INSERT INTO `proje`.`askeri_personel` (`PersonelID`, `Rütbe`, `Birlik`) VALUES ('997', 'Yedek Tuğgeneral', 'Özel Kuvvetler Komutanlığı');
INSERT INTO `proje`.`askeri_personel` (`PersonelID`, `Rütbe`, `Birlik`) VALUES ('998', 'Deniz Üsteğmen', 'Sahil Güvenlik Komutanlığı');
INSERT INTO `proje`.`askeri_personel` (`PersonelID`, `Rütbe`, `Birlik`) VALUES ('999', 'Deniz Astsubay Kıdemli Üstçavuş', '1. Ordu');
INSERT INTO `proje`.`askeri_personel` (`PersonelID`, `Rütbe`, `Birlik`) VALUES ('1000', 'Yedek Subay', '3. Ordu');


INSERT INTO `proje`.`depo` (`DepoID`, `Konum`) VALUES ('1', 'Antalya/Muratpaşa');
INSERT INTO `proje`.`depo` (`DepoID`, `Konum`) VALUES ('2', 'Malatya/Battalgazi');
INSERT INTO `proje`.`depo` (`DepoID`, `Konum`) VALUES ('3', 'Konya/Meram');
INSERT INTO `proje`.`depo` (`DepoID`, `Konum`) VALUES ('4', 'Aydın/Efeler');
INSERT INTO `proje`.`depo` (`DepoID`, `Konum`) VALUES ('5', 'Aydın/Efeler');
INSERT INTO `proje`.`depo` (`DepoID`, `Konum`) VALUES ('6', 'Denizli/Merkezefendi');
INSERT INTO `proje`.`depo` (`DepoID`, `Konum`) VALUES ('7', 'Eskişehir/Odunpazarı');
INSERT INTO `proje`.`depo` (`DepoID`, `Konum`) VALUES ('8', 'Aydın/Efeler');
INSERT INTO `proje`.`depo` (`DepoID`, `Konum`) VALUES ('9', 'Manisa/Şehzadeler');
INSERT INTO `proje`.`depo` (`DepoID`, `Konum`) VALUES ('10', 'Malatya/Battalgazi');
INSERT INTO `proje`.`depo` (`DepoID`, `Konum`) VALUES ('11', 'Tekirdağ/Süleymanpaşa');
INSERT INTO `proje`.`depo` (`DepoID`, `Konum`) VALUES ('12', 'Bursa/Osmangazi');
INSERT INTO `proje`.`depo` (`DepoID`, `Konum`) VALUES ('13', 'Antalya/Muratpaşa');
INSERT INTO `proje`.`depo` (`DepoID`, `Konum`) VALUES ('14', 'Denizli/Merkezefendi');
INSERT INTO `proje`.`depo` (`DepoID`, `Konum`) VALUES ('15', 'Aydın/Efeler');
INSERT INTO `proje`.`depo` (`DepoID`, `Konum`) VALUES ('16', 'Manisa/Şehzadeler');
INSERT INTO `proje`.`depo` (`DepoID`, `Konum`) VALUES ('17', 'Samsun/Atakum');
INSERT INTO `proje`.`depo` (`DepoID`, `Konum`) VALUES ('18', 'İstanbul/Kadıköy');
INSERT INTO `proje`.`depo` (`DepoID`, `Konum`) VALUES ('19', 'Manisa/Şehzadeler');
INSERT INTO `proje`.`depo` (`DepoID`, `Konum`) VALUES ('20', 'Malatya/Battalgazi');


INSERT INTO `proje`.`materyal` (`MateryalID`, `MateryalAdı`, `Tür`, `Marka`) VALUES ('1', 'MKE 120mm Havan Topu', 'Silah', 'MKEK');
INSERT INTO `proje`.`materyal` (`MateryalID`, `MateryalAdı`, `Tür`, `Marka`) VALUES ('2', 'ROKETSAN CİRİT Roketi', 'Mühimmat', 'ROKETSAN');
INSERT INTO `proje`.`materyal` (`MateryalID`, `MateryalAdı`, `Tür`, `Marka`) VALUES ('3', 'ANKA İnsansız Hava Aracı', 'Hava Aracı', 'TAI');
INSERT INTO `proje`.`materyal` (`MateryalID`, `MateryalAdı`, `Tür`, `Marka`) VALUES ('4', 'HAVELSAN Yazılımı', 'Yazılım', 'HAVELSAN');
INSERT INTO `proje`.`materyal` (`MateryalID`, `MateryalAdı`, `Tür`, `Marka`) VALUES ('5', 'STM Kargı Mühimmatı', 'Mühimmat', 'STM');
INSERT INTO `proje`.`materyal` (`MateryalID`, `MateryalAdı`, `Tür`, `Marka`) VALUES ('6', 'MKEK MG3 Makinalı Tüfek', 'Silah', 'MKEK');
INSERT INTO `proje`.`materyal` (`MateryalID`, `MateryalAdı`, `Tür`, `Marka`) VALUES ('7', 'FNSS PARS 6x6', 'Kara Aracı', 'FNSS');
INSERT INTO `proje`.`materyal` (`MateryalID`, `MateryalAdı`, `Tür`, `Marka`) VALUES ('8', 'Otokar Cobra', 'Kara Aracı', 'Otokar');
INSERT INTO `proje`.`materyal` (`MateryalID`, `MateryalAdı`, `Tür`, `Marka`) VALUES ('9', 'BMC Kirpi', 'Kara Aracı', 'BMC');
INSERT INTO `proje`.`materyal` (`MateryalID`, `MateryalAdı`, `Tür`, `Marka`) VALUES ('10', 'Alp Havacılık İHA', 'Hava Aracı', 'Alp Havacılık');
INSERT INTO `proje`.`materyal` (`MateryalID`, `MateryalAdı`, `Tür`, `Marka`) VALUES ('11', 'Kale Kalıp SİHA', 'Hava Aracı', 'Kale Kalıp');
INSERT INTO `proje`.`materyal` (`MateryalID`, `MateryalAdı`, `Tür`, `Marka`) VALUES ('12', 'Sarsılmaz Kılınç-2000', 'Silah', 'Sarsılmaz');
INSERT INTO `proje`.`materyal` (`MateryalID`, `MateryalAdı`, `Tür`, `Marka`) VALUES ('13', 'Nurol Makina Ejder Yalçın', 'Kara Aracı', 'Nurol Makina');
INSERT INTO `proje`.`materyal` (`MateryalID`, `MateryalAdı`, `Tür`, `Marka`) VALUES ('14', 'Katmerciler Hızır', 'Kara Aracı', 'Katmerciler');
INSERT INTO `proje`.`materyal` (`MateryalID`, `MateryalAdı`, `Tür`, `Marka`) VALUES ('15', 'TEI TS1400 Turboşaft Motor', 'Hava Aracı', 'TEI');
INSERT INTO `proje`.`materyal` (`MateryalID`, `MateryalAdı`, `Tür`, `Marka`) VALUES ('16', 'Meteksan Savunma Akıllı Mühimmat', 'Mühimmat', 'Meteksan');
INSERT INTO `proje`.`materyal` (`MateryalID`, `MateryalAdı`, `Tür`, `Marka`) VALUES ('17', 'Ares Tersanesi Korvet', 'Deniz Aracı', 'Ares Tersanesi');
INSERT INTO `proje`.`materyal` (`MateryalID`, `MateryalAdı`, `Tür`, `Marka`) VALUES ('18', 'Yonca-Onuk Tersanesi Zırhlı Bot', 'Deniz Aracı', 'Yonca-Onuk');
INSERT INTO `proje`.`materyal` (`MateryalID`, `MateryalAdı`, `Tür`, `Marka`) VALUES ('19', 'Dearsan Tersanesi Fırkateyn', 'Deniz Aracı', 'Dearsan');
INSERT INTO `proje`.`materyal` (`MateryalID`, `MateryalAdı`, `Tür`, `Marka`) VALUES ('20', 'Vestel Elektronik Savaş Sistemi', 'Elektronik', 'Vestel');
INSERT INTO `proje`.`materyal` (`MateryalID`, `MateryalAdı`, `Tür`, `Marka`) VALUES ('21', 'Baykar Bayraktar TB2', 'Hava Aracı', 'Baykar');
INSERT INTO `proje`.`materyal` (`MateryalID`, `MateryalAdı`, `Tür`, `Marka`) VALUES ('22', 'Desan Tersanesi Yat', 'Deniz Aracı', 'Desan');
INSERT INTO `proje`.`materyal` (`MateryalID`, `MateryalAdı`, `Tür`, `Marka`) VALUES ('23', 'Savronik Elektronik Mühimmat', 'Mühimmat', 'Savronik');
INSERT INTO `proje`.`materyal` (`MateryalID`, `MateryalAdı`, `Tür`, `Marka`) VALUES ('24', 'Aydın Elektronik Sistemler', 'Yazılım', 'Aydın');
INSERT INTO `proje`.`materyal` (`MateryalID`, `MateryalAdı`, `Tür`, `Marka`) VALUES ('25', 'Arıkan Savunma Zırhlı Araç', 'Kara Aracı', 'Arıkan Savunma');
INSERT INTO `proje`.`materyal` (`MateryalID`, `MateryalAdı`, `Tür`, `Marka`) VALUES ('26', 'Ayesaş Elektronik Cihaz', 'Elektronik', 'Ayesaş');
INSERT INTO `proje`.`materyal` (`MateryalID`, `MateryalAdı`, `Tür`, `Marka`) VALUES ('27', 'Garanti Kompozit Teknolojileri', 'Kompozit', 'Garanti Giyim');
INSERT INTO `proje`.`materyal` (`MateryalID`, `MateryalAdı`, `Tür`, `Marka`) VALUES ('28', 'Hema Endüstri Mühimmat', 'Mühimmat', 'Hema');
INSERT INTO `proje`.`materyal` (`MateryalID`, `MateryalAdı`, `Tür`, `Marka`) VALUES ('29', 'KATMERCİLER Zırhlı Araç', 'Kara Aracı', 'KATMERCİLER');
INSERT INTO `proje`.`materyal` (`MateryalID`, `MateryalAdı`, `Tür`, `Marka`) VALUES ('30', 'Karel Elektronik Savunma', 'Elektronik', 'Karel');
INSERT INTO `proje`.`materyal` (`MateryalID`, `MateryalAdı`, `Tür`, `Marka`) VALUES ('31', 'MilSOFT Yazılım Sistemi', 'Yazılım', 'MilSOFT');
INSERT INTO `proje`.`materyal` (`MateryalID`, `MateryalAdı`, `Tür`, `Marka`) VALUES ('32', 'Onur A.Ş. Savunma Teknolojileri', 'Teknoloji', 'Onur A.Ş.');
INSERT INTO `proje`.`materyal` (`MateryalID`, `MateryalAdı`, `Tür`, `Marka`) VALUES ('33', 'Procend Defense Sistemleri', 'Savunma', 'Procend');
INSERT INTO `proje`.`materyal` (`MateryalID`, `MateryalAdı`, `Tür`, `Marka`) VALUES ('34', 'SDT  Savunma Teknolojileri', 'Hava Aracı', 'SDT');
INSERT INTO `proje`.`materyal` (`MateryalID`, `MateryalAdı`, `Tür`, `Marka`) VALUES ('35', 'Selex ES Elektronik Sistemi', 'Elektronik', 'Selex ES');
INSERT INTO `proje`.`materyal` (`MateryalID`, `MateryalAdı`, `Tür`, `Marka`) VALUES ('36', 'Simsoft Simülasyon Sistemi', 'Simülasyon', 'Simsoft');
INSERT INTO `proje`.`materyal` (`MateryalID`, `MateryalAdı`, `Tür`, `Marka`) VALUES ('37', 'TAI T129 ATAK Helikopteri', 'Hava Aracı', 'TAI');
INSERT INTO `proje`.`materyal` (`MateryalID`, `MateryalAdı`, `Tür`, `Marka`) VALUES ('38', 'THK Gökçen Uçakları', 'Hava Aracı', 'THK');
INSERT INTO `proje`.`materyal` (`MateryalID`, `MateryalAdı`, `Tür`, `Marka`) VALUES ('39', 'TR Mekatronik Sistemler', 'Mekatronik', 'TR Mekatronik');
INSERT INTO `proje`.`materyal` (`MateryalID`, `MateryalAdı`, `Tür`, `Marka`) VALUES ('40', 'Türk Loydu Sertifikasyon', 'Sertifikasyon', 'Türk Loydu');
INSERT INTO `proje`.`materyal` (`MateryalID`, `MateryalAdı`, `Tür`, `Marka`) VALUES ('41', 'Üçel Savunma Zırhlı Araç', 'Kara Aracı', 'Üçel Savunma');
INSERT INTO `proje`.`materyal` (`MateryalID`, `MateryalAdı`, `Tür`, `Marka`) VALUES ('42', 'ÜNTES Savunma Elektroniği', 'Elektronik', 'ÜNTES');
INSERT INTO `proje`.`materyal` (`MateryalID`, `MateryalAdı`, `Tür`, `Marka`) VALUES ('43', 'Vestel Elektronik Savunma', 'Elektronik', 'Vestel');
INSERT INTO `proje`.`materyal` (`MateryalID`, `MateryalAdı`, `Tür`, `Marka`) VALUES ('44', 'VİKO Savunma Ürünleri', 'Elektronik', 'VİKO');
INSERT INTO `proje`.`materyal` (`MateryalID`, `MateryalAdı`, `Tür`, `Marka`) VALUES ('45', 'Yenipazar Defense', 'Savunma', 'Yenipazar');
INSERT INTO `proje`.`materyal` (`MateryalID`, `MateryalAdı`, `Tür`, `Marka`) VALUES ('46', 'Yıldız Teknopark Teknoloji', 'Teknoloji', 'Yıldız Teknopark');
INSERT INTO `proje`.`materyal` (`MateryalID`, `MateryalAdı`, `Tür`, `Marka`) VALUES ('47', 'Yonca-Onuk JV Zırhlı Araç', 'Kara Aracı', 'Yonca-Onuk');
INSERT INTO `proje`.`materyal` (`MateryalID`, `MateryalAdı`, `Tür`, `Marka`) VALUES ('48', 'ZSR Patlayıcı Sanayi', 'Patlayıcı', 'ZSR');
INSERT INTO `proje`.`materyal` (`MateryalID`, `MateryalAdı`, `Tür`, `Marka`) VALUES ('49', 'Çukurova Savunma Sistemleri', 'Savunma', 'Çukurova');
INSERT INTO `proje`.`materyal` (`MateryalID`, `MateryalAdı`, `Tür`, `Marka`) VALUES ('50', 'Öztiryakiler Savunma Ekipmanları', 'Ekipman', 'Öztiryakiler');
INSERT INTO `proje`.`materyal` (`MateryalID`, `MateryalAdı`, `Tür`, `Marka`) VALUES ('51', 'Barış Savunma Zırhlı Araç', 'Kara Aracı', 'Barış Savunma');
INSERT INTO `proje`.`materyal` (`MateryalID`, `MateryalAdı`, `Tür`, `Marka`) VALUES ('52', 'MTA Sismik Araçlar', 'Sismik', 'MTA');
INSERT INTO `proje`.`materyal` (`MateryalID`, `MateryalAdı`, `Tür`, `Marka`) VALUES ('53', 'Aselsan 3D Radar Sistemi', 'Radar', 'Aselsan');
INSERT INTO `proje`.`materyal` (`MateryalID`, `MateryalAdı`, `Tür`, `Marka`) VALUES ('54', 'ROKETSAN Atmaca Füzesi', 'Füze', 'ROKETSAN');
INSERT INTO `proje`.`materyal` (`MateryalID`, `MateryalAdı`, `Tür`, `Marka`) VALUES ('55', 'TAI HÜRJET', 'Hava Aracı', 'TAI');
INSERT INTO `proje`.`materyal` (`MateryalID`, `MateryalAdı`, `Tür`, `Marka`) VALUES ('56', 'HAVELSAN Savunma Simülatörü', 'Simülatör', 'HAVELSAN');
INSERT INTO `proje`.`materyal` (`MateryalID`, `MateryalAdı`, `Tür`, `Marka`) VALUES ('57', 'STM Akya Denizaltı Torpidosu', 'Torpido', 'STM');
INSERT INTO `proje`.`materyal` (`MateryalID`, `MateryalAdı`, `Tür`, `Marka`) VALUES ('58', 'MKEK Yavuz Tüfeği', 'Silah', 'MKEK');
INSERT INTO `proje`.`materyal` (`MateryalID`, `MateryalAdı`, `Tür`, `Marka`) VALUES ('59', 'FNSS Kaplan', 'Kara Aracı', 'FNSS');
INSERT INTO `proje`.`materyal` (`MateryalID`, `MateryalAdı`, `Tür`, `Marka`) VALUES ('60', 'Otokar Arma', 'Kara Aracı', 'Otokar');
INSERT INTO `proje`.`materyal` (`MateryalID`, `MateryalAdı`, `Tür`, `Marka`) VALUES ('61', 'BMC Vuran', 'Kara Aracı', 'BMC');
INSERT INTO `proje`.`materyal` (`MateryalID`, `MateryalAdı`, `Tür`, `Marka`) VALUES ('62', 'Alp Havacılık Hava İHA', 'Hava Aracı', 'Alp Havacılık');
INSERT INTO `proje`.`materyal` (`MateryalID`, `MateryalAdı`, `Tür`, `Marka`) VALUES ('63', 'Kale Kalıp SİHA', 'Hava Aracı', 'Kale Kalıp');
INSERT INTO `proje`.`materyal` (`MateryalID`, `MateryalAdı`, `Tür`, `Marka`) VALUES ('64', 'Sarsılmaz Canik', 'Silah', 'Sarsılmaz');
INSERT INTO `proje`.`materyal` (`MateryalID`, `MateryalAdı`, `Tür`, `Marka`) VALUES ('65', 'Nurol Makina BMC', 'Kara Aracı', 'Nurol Makina');
INSERT INTO `proje`.`materyal` (`MateryalID`, `MateryalAdı`, `Tür`, `Marka`) VALUES ('66', 'Katmerciler KAPLAN', 'Kara Aracı', 'Katmerciler');
INSERT INTO `proje`.`materyal` (`MateryalID`, `MateryalAdı`, `Tür`, `Marka`) VALUES ('67', 'TEI TS1400 Motor', 'Hava Aracı', 'TEI');
INSERT INTO `proje`.`materyal` (`MateryalID`, `MateryalAdı`, `Tür`, `Marka`) VALUES ('68', 'Meteksan Savunma Mühimmat', 'Mühimmat', 'Meteksan');
INSERT INTO `proje`.`materyal` (`MateryalID`, `MateryalAdı`, `Tür`, `Marka`) VALUES ('69', 'Ares Tersanesi Karakol Botu', 'Deniz Aracı', 'Ares Tersanesi');
INSERT INTO `proje`.`materyal` (`MateryalID`, `MateryalAdı`, `Tür`, `Marka`) VALUES ('70', 'Yonca-Onuk Tersanesi Hız Botu', 'Deniz Aracı', 'Yonca-Onuk');
INSERT INTO `proje`.`materyal` (`MateryalID`, `MateryalAdı`, `Tür`, `Marka`) VALUES ('71', 'Dearsan Tersanesi Yat', 'Deniz Aracı', 'Dearsan');
INSERT INTO `proje`.`materyal` (`MateryalID`, `MateryalAdı`, `Tür`, `Marka`) VALUES ('72', 'Vestel Savunma Elektroniği', 'Elektronik', 'Vestel');
INSERT INTO `proje`.`materyal` (`MateryalID`, `MateryalAdı`, `Tür`, `Marka`) VALUES ('73', 'Baykar Bayraktar Akinci', 'Hava Aracı', 'Baykar');
INSERT INTO `proje`.`materyal` (`MateryalID`, `MateryalAdı`, `Tür`, `Marka`) VALUES ('74', 'Desan Tersanesi Güç Botu', 'Deniz Aracı', 'Desan');
INSERT INTO `proje`.`materyal` (`MateryalID`, `MateryalAdı`, `Tür`, `Marka`) VALUES ('75', 'Savronik Elektronik Mühimmat', 'Mühimmat', 'Savronik');
INSERT INTO `proje`.`materyal` (`MateryalID`, `MateryalAdı`, `Tür`, `Marka`) VALUES ('76', 'Aydın Yazılım Savunma', 'Yazılım', 'Aydın');
INSERT INTO `proje`.`materyal` (`MateryalID`, `MateryalAdı`, `Tür`, `Marka`) VALUES ('77', 'Arıkan Savunma Zırhlı Araç', 'Kara Aracı', 'Arıkan Savunma');
INSERT INTO `proje`.`materyal` (`MateryalID`, `MateryalAdı`, `Tür`, `Marka`) VALUES ('78', 'Ayesaş Elektronik Savunma', 'Elektronik', 'Ayesaş');
INSERT INTO `proje`.`materyal` (`MateryalID`, `MateryalAdı`, `Tür`, `Marka`) VALUES ('79', 'Garanti Giyim Savunma', 'Kompozit', 'Garanti Giyim');
INSERT INTO `proje`.`materyal` (`MateryalID`, `MateryalAdı`, `Tür`, `Marka`) VALUES ('80', 'Hema Endüstri Savunma', 'Mühimmat', 'Hema');
INSERT INTO `proje`.`materyal` (`MateryalID`, `MateryalAdı`, `Tür`, `Marka`) VALUES ('81', 'KATMERCİLER Savunma Aracı', 'Kara Aracı', 'KATMERCİLER');
INSERT INTO `proje`.`materyal` (`MateryalID`, `MateryalAdı`, `Tür`, `Marka`) VALUES ('82', 'Karel Elektronik Savunma', 'Elektronik', 'Karel');
INSERT INTO `proje`.`materyal` (`MateryalID`, `MateryalAdı`, `Tür`, `Marka`) VALUES ('83', 'MilSOFT Savunma', 'Yazılım', 'MilSOFT');
INSERT INTO `proje`.`materyal` (`MateryalID`, `MateryalAdı`, `Tür`, `Marka`) VALUES ('84', 'Onur Savunma Teknolojileri', 'Teknoloji', 'Onur A.Ş.');
INSERT INTO `proje`.`materyal` (`MateryalID`, `MateryalAdı`, `Tür`, `Marka`) VALUES ('85', 'Procend Defense Savunma', 'Savunma', 'Procend');
INSERT INTO `proje`.`materyal` (`MateryalID`, `MateryalAdı`, `Tür`, `Marka`) VALUES ('86', 'SDT Uzay Savunma', 'Hava Aracı', 'SDT');
INSERT INTO `proje`.`materyal` (`MateryalID`, `MateryalAdı`, `Tür`, `Marka`) VALUES ('87', 'Selex ES Elektronik', 'Elektronik', 'Selex ES');
INSERT INTO `proje`.`materyal` (`MateryalID`, `MateryalAdı`, `Tür`, `Marka`) VALUES ('88', 'Simsoft Savunma', 'Simülasyon', 'Simsoft');
INSERT INTO `proje`.`materyal` (`MateryalID`, `MateryalAdı`, `Tür`, `Marka`) VALUES ('89', 'TAI Hürjet', 'Hava Aracı', 'TAI');
INSERT INTO `proje`.`materyal` (`MateryalID`, `MateryalAdı`, `Tür`, `Marka`) VALUES ('90', 'THK Gökçen', 'Hava Aracı', 'THK');
INSERT INTO `proje`.`materyal` (`MateryalID`, `MateryalAdı`, `Tür`, `Marka`) VALUES ('91', 'TR Mekatronik Savunma', 'Mekatronik', 'TR Mekatronik');


INSERT INTO `proje`.`sivil_personel` (`PersonelID`, `Ad`, `Soyad`) VALUES ('1', 'Veli', 'Demirtaş');
INSERT INTO `proje`.`sivil_personel` (`PersonelID`, `Ad`, `Soyad`) VALUES ('2', 'Gül', 'Korkmaz');
INSERT INTO `proje`.`sivil_personel` (`PersonelID`, `Ad`, `Soyad`) VALUES ('3', 'Orhan', 'Yıldız');
INSERT INTO `proje`.`sivil_personel` (`PersonelID`, `Ad`, `Soyad`) VALUES ('4', 'Bahar', 'Pek');
INSERT INTO `proje`.`sivil_personel` (`PersonelID`, `Ad`, `Soyad`) VALUES ('5', 'Büşra', 'Uludağ');
INSERT INTO `proje`.`sivil_personel` (`PersonelID`, `Ad`, `Soyad`) VALUES ('6', 'Hatice', 'Polat');
INSERT INTO `proje`.`sivil_personel` (`PersonelID`, `Ad`, `Soyad`) VALUES ('7', 'Deniz', 'Çelik');
INSERT INTO `proje`.`sivil_personel` (`PersonelID`, `Ad`, `Soyad`) VALUES ('8', 'Ömer', 'Karataş');
INSERT INTO `proje`.`sivil_personel` (`PersonelID`, `Ad`, `Soyad`) VALUES ('9', 'Ayhan', 'Aksoy');
INSERT INTO `proje`.`sivil_personel` (`PersonelID`, `Ad`, `Soyad`) VALUES ('10', 'Berk', 'Acar');
INSERT INTO `proje`.`sivil_personel` (`PersonelID`, `Ad`, `Soyad`) VALUES ('11', 'Selin', 'Bal');
INSERT INTO `proje`.`sivil_personel` (`PersonelID`, `Ad`, `Soyad`) VALUES ('12', 'Yusuf', 'Kaptan');
INSERT INTO `proje`.`sivil_personel` (`PersonelID`, `Ad`, `Soyad`) VALUES ('13', 'Deniz', 'Durmuş');
INSERT INTO `proje`.`sivil_personel` (`PersonelID`, `Ad`, `Soyad`) VALUES ('14', 'İpek', 'Gül');
INSERT INTO `proje`.`sivil_personel` (`PersonelID`, `Ad`, `Soyad`) VALUES ('15', 'Melike', 'Kaya');
INSERT INTO `proje`.`sivil_personel` (`PersonelID`, `Ad`, `Soyad`) VALUES ('16', 'Melike', 'Tunç');
INSERT INTO `proje`.`sivil_personel` (`PersonelID`, `Ad`, `Soyad`) VALUES ('17', 'Kerem', 'Sarı');
INSERT INTO `proje`.`sivil_personel` (`PersonelID`, `Ad`, `Soyad`) VALUES ('18', 'Pelin', 'Çakır');
INSERT INTO `proje`.`sivil_personel` (`PersonelID`, `Ad`, `Soyad`) VALUES ('19', 'Mert', 'Güven');
INSERT INTO `proje`.`sivil_personel` (`PersonelID`, `Ad`, `Soyad`) VALUES ('20', 'Berk', 'Gündüz');
INSERT INTO `proje`.`sivil_personel` (`PersonelID`, `Ad`, `Soyad`) VALUES ('21', 'Serap', 'Kurt');
INSERT INTO `proje`.`sivil_personel` (`PersonelID`, `Ad`, `Soyad`) VALUES ('22', 'Mustafa', 'Doğan');
INSERT INTO `proje`.`sivil_personel` (`PersonelID`, `Ad`, `Soyad`) VALUES ('23', 'Salih', 'Kara');
INSERT INTO `proje`.`sivil_personel` (`PersonelID`, `Ad`, `Soyad`) VALUES ('24', 'Gökçe', 'Korkut');
INSERT INTO `proje`.`sivil_personel` (`PersonelID`, `Ad`, `Soyad`) VALUES ('25', 'Orhan', 'Karaca');
INSERT INTO `proje`.`sivil_personel` (`PersonelID`, `Ad`, `Soyad`) VALUES ('26', 'Bahar', 'Pek');
INSERT INTO `proje`.`sivil_personel` (`PersonelID`, `Ad`, `Soyad`) VALUES ('27', 'Kerem', 'Çetin');
INSERT INTO `proje`.`sivil_personel` (`PersonelID`, `Ad`, `Soyad`) VALUES ('28', 'Sena', 'Elmas');
INSERT INTO `proje`.`sivil_personel` (`PersonelID`, `Ad`, `Soyad`) VALUES ('29', 'Emre', 'Özdemir');
INSERT INTO `proje`.`sivil_personel` (`PersonelID`, `Ad`, `Soyad`) VALUES ('30', 'Gül', 'Kaya');
INSERT INTO `proje`.`sivil_personel` (`PersonelID`, `Ad`, `Soyad`) VALUES ('31', 'Berat', 'Uçar');
INSERT INTO `proje`.`sivil_personel` (`PersonelID`, `Ad`, `Soyad`) VALUES ('32', 'Gökhan', 'Çınar');
INSERT INTO `proje`.`sivil_personel` (`PersonelID`, `Ad`, `Soyad`) VALUES ('33', 'Kadir', 'Özdemir');
INSERT INTO `proje`.`sivil_personel` (`PersonelID`, `Ad`, `Soyad`) VALUES ('34', 'Levent', 'Güler');
INSERT INTO `proje`.`sivil_personel` (`PersonelID`, `Ad`, `Soyad`) VALUES ('35', 'Aylin', 'Aksoy');
INSERT INTO `proje`.`sivil_personel` (`PersonelID`, `Ad`, `Soyad`) VALUES ('36', 'İsmail', 'Çetin');
INSERT INTO `proje`.`sivil_personel` (`PersonelID`, `Ad`, `Soyad`) VALUES ('37', 'Fatma', 'Güven');
INSERT INTO `proje`.`sivil_personel` (`PersonelID`, `Ad`, `Soyad`) VALUES ('38', 'Murat', 'Özen');
INSERT INTO `proje`.`sivil_personel` (`PersonelID`, `Ad`, `Soyad`) VALUES ('39', 'Sevil', 'Durmaz');
INSERT INTO `proje`.`sivil_personel` (`PersonelID`, `Ad`, `Soyad`) VALUES ('40', 'Nazlı', 'Aslan');
INSERT INTO `proje`.`sivil_personel` (`PersonelID`, `Ad`, `Soyad`) VALUES ('41', 'Tamer', 'Uysal');
INSERT INTO `proje`.`sivil_personel` (`PersonelID`, `Ad`, `Soyad`) VALUES ('42', 'Zeynep', 'Gökmen');
INSERT INTO `proje`.`sivil_personel` (`PersonelID`, `Ad`, `Soyad`) VALUES ('43', 'Volkan', 'Güler');
INSERT INTO `proje`.`sivil_personel` (`PersonelID`, `Ad`, `Soyad`) VALUES ('44', 'Harun', 'Şen');
INSERT INTO `proje`.`sivil_personel` (`PersonelID`, `Ad`, `Soyad`) VALUES ('45', 'Ece', 'Öztürk');
INSERT INTO `proje`.`sivil_personel` (`PersonelID`, `Ad`, `Soyad`) VALUES ('46', 'Aykut', 'Çelik');
INSERT INTO `proje`.`sivil_personel` (`PersonelID`, `Ad`, `Soyad`) VALUES ('47', 'Salih', 'Bal');
INSERT INTO `proje`.`sivil_personel` (`PersonelID`, `Ad`, `Soyad`) VALUES ('48', 'Gül', 'Yılmaz');
INSERT INTO `proje`.`sivil_personel` (`PersonelID`, `Ad`, `Soyad`) VALUES ('49', 'Can', 'Acar');
INSERT INTO `proje`.`sivil_personel` (`PersonelID`, `Ad`, `Soyad`) VALUES ('50', 'Nur', 'Sarı');
INSERT INTO `proje`.`sivil_personel` (`PersonelID`, `Ad`, `Soyad`) VALUES ('51', 'Duygu', 'Keskin');
INSERT INTO `proje`.`sivil_personel` (`PersonelID`, `Ad`, `Soyad`) VALUES ('52', 'Yasin', 'Göksu');
INSERT INTO `proje`.`sivil_personel` (`PersonelID`, `Ad`, `Soyad`) VALUES ('53', 'Gül', 'Şahin');
INSERT INTO `proje`.`sivil_personel` (`PersonelID`, `Ad`, `Soyad`) VALUES ('54', 'Nur', 'Şahin');
INSERT INTO `proje`.`sivil_personel` (`PersonelID`, `Ad`, `Soyad`) VALUES ('55', 'Tuba', 'Özkan');
INSERT INTO `proje`.`sivil_personel` (`PersonelID`, `Ad`, `Soyad`) VALUES ('56', 'Gökhan', 'Erkek');
INSERT INTO `proje`.`sivil_personel` (`PersonelID`, `Ad`, `Soyad`) VALUES ('57', 'Can', 'Güven');
INSERT INTO `proje`.`sivil_personel` (`PersonelID`, `Ad`, `Soyad`) VALUES ('58', 'Cansu', 'Yüce');
INSERT INTO `proje`.`sivil_personel` (`PersonelID`, `Ad`, `Soyad`) VALUES ('59', 'Ebru', 'Doğru');
INSERT INTO `proje`.`sivil_personel` (`PersonelID`, `Ad`, `Soyad`) VALUES ('60', 'Gizem', 'Yaman');
INSERT INTO `proje`.`sivil_personel` (`PersonelID`, `Ad`, `Soyad`) VALUES ('61', 'Hande', 'Akyüz');
INSERT INTO `proje`.`sivil_personel` (`PersonelID`, `Ad`, `Soyad`) VALUES ('62', 'Veli', 'Ateş');
INSERT INTO `proje`.`sivil_personel` (`PersonelID`, `Ad`, `Soyad`) VALUES ('63', 'Ece', 'Sönmez');
INSERT INTO `proje`.`sivil_personel` (`PersonelID`, `Ad`, `Soyad`) VALUES ('64', 'Veli', 'Kaya');
INSERT INTO `proje`.`sivil_personel` (`PersonelID`, `Ad`, `Soyad`) VALUES ('65', 'Osman', 'Bayram');
INSERT INTO `proje`.`sivil_personel` (`PersonelID`, `Ad`, `Soyad`) VALUES ('66', 'Nihal', 'Bayram');
INSERT INTO `proje`.`sivil_personel` (`PersonelID`, `Ad`, `Soyad`) VALUES ('67', 'Emine', 'Kılıç');
INSERT INTO `proje`.`sivil_personel` (`PersonelID`, `Ad`, `Soyad`) VALUES ('68', 'Gül', 'Tekin');
INSERT INTO `proje`.`sivil_personel` (`PersonelID`, `Ad`, `Soyad`) VALUES ('69', 'Murat', 'Güney');
INSERT INTO `proje`.`sivil_personel` (`PersonelID`, `Ad`, `Soyad`) VALUES ('70', 'Şükran', 'Ateş');
INSERT INTO `proje`.`sivil_personel` (`PersonelID`, `Ad`, `Soyad`) VALUES ('71', 'Semih', 'Bayram');
INSERT INTO `proje`.`sivil_personel` (`PersonelID`, `Ad`, `Soyad`) VALUES ('72', 'Emre', 'Özen');
INSERT INTO `proje`.`sivil_personel` (`PersonelID`, `Ad`, `Soyad`) VALUES ('73', 'Selda', 'Çalışkan');
INSERT INTO `proje`.`sivil_personel` (`PersonelID`, `Ad`, `Soyad`) VALUES ('74', 'Bora', 'Karabulut');
INSERT INTO `proje`.`sivil_personel` (`PersonelID`, `Ad`, `Soyad`) VALUES ('75', 'Nazlı', 'Ulusoy');
INSERT INTO `proje`.`sivil_personel` (`PersonelID`, `Ad`, `Soyad`) VALUES ('76', 'Fırat', 'Arslan');
INSERT INTO `proje`.`sivil_personel` (`PersonelID`, `Ad`, `Soyad`) VALUES ('77', 'Melis', 'Aslan');
INSERT INTO `proje`.`sivil_personel` (`PersonelID`, `Ad`, `Soyad`) VALUES ('78', 'Ömer', 'Turan');
INSERT INTO `proje`.`sivil_personel` (`PersonelID`, `Ad`, `Soyad`) VALUES ('79', 'Tuba', 'Turan');
INSERT INTO `proje`.`sivil_personel` (`PersonelID`, `Ad`, `Soyad`) VALUES ('80', 'Serkan', 'Öztürk');
INSERT INTO `proje`.`sivil_personel` (`PersonelID`, `Ad`, `Soyad`) VALUES ('81', 'Ebru', 'Elmas');
INSERT INTO `proje`.`sivil_personel` (`PersonelID`, `Ad`, `Soyad`) VALUES ('82', 'Yasin', 'Karataş');
INSERT INTO `proje`.`sivil_personel` (`PersonelID`, `Ad`, `Soyad`) VALUES ('83', 'Berat', 'Sarı');
INSERT INTO `proje`.`sivil_personel` (`PersonelID`, `Ad`, `Soyad`) VALUES ('84', 'Ferhat', 'Karabulut');
INSERT INTO `proje`.`sivil_personel` (`PersonelID`, `Ad`, `Soyad`) VALUES ('85', 'Sami', 'Polat');
INSERT INTO `proje`.`sivil_personel` (`PersonelID`, `Ad`, `Soyad`) VALUES ('86', 'Arda', 'Er');
INSERT INTO `proje`.`sivil_personel` (`PersonelID`, `Ad`, `Soyad`) VALUES ('87', 'Salih', 'Elmas');
INSERT INTO `proje`.`sivil_personel` (`PersonelID`, `Ad`, `Soyad`) VALUES ('88', 'Duygu', 'Göksu');
INSERT INTO `proje`.`sivil_personel` (`PersonelID`, `Ad`, `Soyad`) VALUES ('89', 'Nazlı', 'Yücel');
INSERT INTO `proje`.`sivil_personel` (`PersonelID`, `Ad`, `Soyad`) VALUES ('90', 'Sevil', 'Yaman');
INSERT INTO `proje`.`sivil_personel` (`PersonelID`, `Ad`, `Soyad`) VALUES ('91', 'Hayri', 'Şahin');
INSERT INTO `proje`.`sivil_personel` (`PersonelID`, `Ad`, `Soyad`) VALUES ('92', 'Ömer', 'Arslan');
INSERT INTO `proje`.`sivil_personel` (`PersonelID`, `Ad`, `Soyad`) VALUES ('93', 'Nur', 'Sönmez');
INSERT INTO `proje`.`sivil_personel` (`PersonelID`, `Ad`, `Soyad`) VALUES ('94', 'Hayri', 'Kaya');
INSERT INTO `proje`.`sivil_personel` (`PersonelID`, `Ad`, `Soyad`) VALUES ('95', 'Ece', 'Özdemir');
INSERT INTO `proje`.`sivil_personel` (`PersonelID`, `Ad`, `Soyad`) VALUES ('96', 'Gökçe', 'Bulut');
INSERT INTO `proje`.`sivil_personel` (`PersonelID`, `Ad`, `Soyad`) VALUES ('97', 'Gökhan', 'Turan');
INSERT INTO `proje`.`sivil_personel` (`PersonelID`, `Ad`, `Soyad`) VALUES ('98', 'Furkan', 'Sönmez');
INSERT INTO `proje`.`sivil_personel` (`PersonelID`, `Ad`, `Soyad`) VALUES ('99', 'Enes', 'Ateş');
INSERT INTO `proje`.`sivil_personel` (`PersonelID`, `Ad`, `Soyad`) VALUES ('100', 'Sinem', 'Koç');
INSERT INTO `proje`.`sivil_personel` (`PersonelID`, `Ad`, `Soyad`) VALUES ('101', 'Kerem', 'Dinç');
INSERT INTO `proje`.`sivil_personel` (`PersonelID`, `Ad`, `Soyad`) VALUES ('102', 'Emine', 'Yüce');
INSERT INTO `proje`.`sivil_personel` (`PersonelID`, `Ad`, `Soyad`) VALUES ('103', 'Sinem', 'Koç');
INSERT INTO `proje`.`sivil_personel` (`PersonelID`, `Ad`, `Soyad`) VALUES ('104', 'Serap', 'Karahan');
INSERT INTO `proje`.`sivil_personel` (`PersonelID`, `Ad`, `Soyad`) VALUES ('105', 'Bora', 'Durmuş');
INSERT INTO `proje`.`sivil_personel` (`PersonelID`, `Ad`, `Soyad`) VALUES ('106', 'Deniz', 'Çalışkan');
INSERT INTO `proje`.`sivil_personel` (`PersonelID`, `Ad`, `Soyad`) VALUES ('107', 'Ebru', 'Erkek');
INSERT INTO `proje`.`sivil_personel` (`PersonelID`, `Ad`, `Soyad`) VALUES ('108', 'Ali', 'Yılmaz');
INSERT INTO `proje`.`sivil_personel` (`PersonelID`, `Ad`, `Soyad`) VALUES ('109', 'Can', 'Koçak');
INSERT INTO `proje`.`sivil_personel` (`PersonelID`, `Ad`, `Soyad`) VALUES ('110', 'Aylin', 'Korkmaz');
INSERT INTO `proje`.`sivil_personel` (`PersonelID`, `Ad`, `Soyad`) VALUES ('111', 'Can', 'Güven');
INSERT INTO `proje`.`sivil_personel` (`PersonelID`, `Ad`, `Soyad`) VALUES ('112', 'Emre', 'Özdemir');
INSERT INTO `proje`.`sivil_personel` (`PersonelID`, `Ad`, `Soyad`) VALUES ('113', 'Kemal', 'Kılıçarslan');
INSERT INTO `proje`.`sivil_personel` (`PersonelID`, `Ad`, `Soyad`) VALUES ('114', 'Levent', 'Ekinci');
INSERT INTO `proje`.`sivil_personel` (`PersonelID`, `Ad`, `Soyad`) VALUES ('115', 'Elif', 'Bulut');
INSERT INTO `proje`.`sivil_personel` (`PersonelID`, `Ad`, `Soyad`) VALUES ('116', 'Kadir', 'Gündüz');
INSERT INTO `proje`.`sivil_personel` (`PersonelID`, `Ad`, `Soyad`) VALUES ('117', 'Gül', 'Gündüz');
INSERT INTO `proje`.`sivil_personel` (`PersonelID`, `Ad`, `Soyad`) VALUES ('118', 'Gülay', 'Acar');
INSERT INTO `proje`.`sivil_personel` (`PersonelID`, `Ad`, `Soyad`) VALUES ('119', 'Gökhan', 'Gündüz');
INSERT INTO `proje`.`sivil_personel` (`PersonelID`, `Ad`, `Soyad`) VALUES ('120', 'Sami', 'Arı');
INSERT INTO `proje`.`sivil_personel` (`PersonelID`, `Ad`, `Soyad`) VALUES ('121', 'Murat', 'Çalışkan');
INSERT INTO `proje`.`sivil_personel` (`PersonelID`, `Ad`, `Soyad`) VALUES ('122', 'Mert', 'Duman');
INSERT INTO `proje`.`sivil_personel` (`PersonelID`, `Ad`, `Soyad`) VALUES ('123', 'Mert', 'Karahan');
INSERT INTO `proje`.`sivil_personel` (`PersonelID`, `Ad`, `Soyad`) VALUES ('124', 'Esra', 'Keskin');
INSERT INTO `proje`.`sivil_personel` (`PersonelID`, `Ad`, `Soyad`) VALUES ('125', 'Ferhat', 'Bulut');
INSERT INTO `proje`.`sivil_personel` (`PersonelID`, `Ad`, `Soyad`) VALUES ('126', 'Sami', 'Ağaoğlu');
INSERT INTO `proje`.`sivil_personel` (`PersonelID`, `Ad`, `Soyad`) VALUES ('127', 'Hasan', 'Özkan');
INSERT INTO `proje`.`sivil_personel` (`PersonelID`, `Ad`, `Soyad`) VALUES ('128', 'Ezgi', 'Aksoy');
INSERT INTO `proje`.`sivil_personel` (`PersonelID`, `Ad`, `Soyad`) VALUES ('129', 'Emre', 'Koç');
INSERT INTO `proje`.`sivil_personel` (`PersonelID`, `Ad`, `Soyad`) VALUES ('130', 'Tuba', 'Bulut');
INSERT INTO `proje`.`sivil_personel` (`PersonelID`, `Ad`, `Soyad`) VALUES ('131', 'Deniz', 'Koç');
INSERT INTO `proje`.`sivil_personel` (`PersonelID`, `Ad`, `Soyad`) VALUES ('132', 'Melih', 'Bal');
INSERT INTO `proje`.`sivil_personel` (`PersonelID`, `Ad`, `Soyad`) VALUES ('133', 'Tuba', 'Bayram');
INSERT INTO `proje`.`sivil_personel` (`PersonelID`, `Ad`, `Soyad`) VALUES ('134', 'Hande', 'Kılıçarslan');
INSERT INTO `proje`.`sivil_personel` (`PersonelID`, `Ad`, `Soyad`) VALUES ('135', 'Hayri', 'Yüce');
INSERT INTO `proje`.`sivil_personel` (`PersonelID`, `Ad`, `Soyad`) VALUES ('136', 'Sevda', 'Erdoğan');
INSERT INTO `proje`.`sivil_personel` (`PersonelID`, `Ad`, `Soyad`) VALUES ('137', 'Rabia', 'Doğan');
INSERT INTO `proje`.`sivil_personel` (`PersonelID`, `Ad`, `Soyad`) VALUES ('138', 'Betül', 'Güven');
INSERT INTO `proje`.`sivil_personel` (`PersonelID`, `Ad`, `Soyad`) VALUES ('139', 'Mehmet', 'Bulut');
INSERT INTO `proje`.`sivil_personel` (`PersonelID`, `Ad`, `Soyad`) VALUES ('140', 'Veli', 'Uysal');
INSERT INTO `proje`.`sivil_personel` (`PersonelID`, `Ad`, `Soyad`) VALUES ('141', 'Eren', 'Doğru');
INSERT INTO `proje`.`sivil_personel` (`PersonelID`, `Ad`, `Soyad`) VALUES ('142', 'Volkan', 'Elmas');
INSERT INTO `proje`.`sivil_personel` (`PersonelID`, `Ad`, `Soyad`) VALUES ('143', 'Şükran', 'Bal');
INSERT INTO `proje`.`sivil_personel` (`PersonelID`, `Ad`, `Soyad`) VALUES ('144', 'Veli', 'Doğan');
INSERT INTO `proje`.`sivil_personel` (`PersonelID`, `Ad`, `Soyad`) VALUES ('145', 'Melis', 'Karabulut');
INSERT INTO `proje`.`sivil_personel` (`PersonelID`, `Ad`, `Soyad`) VALUES ('146', 'Esra', 'Yücel');
INSERT INTO `proje`.`sivil_personel` (`PersonelID`, `Ad`, `Soyad`) VALUES ('147', 'Hilal', 'Özkan');
INSERT INTO `proje`.`sivil_personel` (`PersonelID`, `Ad`, `Soyad`) VALUES ('148', 'Ömer', 'Güney');
INSERT INTO `proje`.`sivil_personel` (`PersonelID`, `Ad`, `Soyad`) VALUES ('149', 'Gizem', 'Ergün');
INSERT INTO `proje`.`sivil_personel` (`PersonelID`, `Ad`, `Soyad`) VALUES ('150', 'Zeynep', 'Bilgin');
INSERT INTO `proje`.`sivil_personel` (`PersonelID`, `Ad`, `Soyad`) VALUES ('151', 'Hande', 'Uçar');
INSERT INTO `proje`.`sivil_personel` (`PersonelID`, `Ad`, `Soyad`) VALUES ('152', 'Sami', 'Karabulut');
INSERT INTO `proje`.`sivil_personel` (`PersonelID`, `Ad`, `Soyad`) VALUES ('153', 'Melike', 'Demir');
INSERT INTO `proje`.`sivil_personel` (`PersonelID`, `Ad`, `Soyad`) VALUES ('154', 'Serkan', 'Akyüz');
INSERT INTO `proje`.`sivil_personel` (`PersonelID`, `Ad`, `Soyad`) VALUES ('155', 'Hatice', 'Durmaz');
INSERT INTO `proje`.`sivil_personel` (`PersonelID`, `Ad`, `Soyad`) VALUES ('156', 'Sibel', 'Bilgin');
INSERT INTO `proje`.`sivil_personel` (`PersonelID`, `Ad`, `Soyad`) VALUES ('157', 'Ece', 'Kaya');
INSERT INTO `proje`.`sivil_personel` (`PersonelID`, `Ad`, `Soyad`) VALUES ('158', 'Yusuf', 'Erkek');
INSERT INTO `proje`.`sivil_personel` (`PersonelID`, `Ad`, `Soyad`) VALUES ('159', 'Levent', 'Uysal');
INSERT INTO `proje`.`sivil_personel` (`PersonelID`, `Ad`, `Soyad`) VALUES ('160', 'Özlem', 'Güzel');
INSERT INTO `proje`.`sivil_personel` (`PersonelID`, `Ad`, `Soyad`) VALUES ('161', 'Hasan', 'Göksu');
INSERT INTO `proje`.`sivil_personel` (`PersonelID`, `Ad`, `Soyad`) VALUES ('162', 'Arda', 'Demirtaş');
INSERT INTO `proje`.`sivil_personel` (`PersonelID`, `Ad`, `Soyad`) VALUES ('163', 'İlker', 'Doğru');
INSERT INTO `proje`.`sivil_personel` (`PersonelID`, `Ad`, `Soyad`) VALUES ('164', 'Hande', 'Yaman');
INSERT INTO `proje`.`sivil_personel` (`PersonelID`, `Ad`, `Soyad`) VALUES ('165', 'Hilal', 'Bozkurt');
INSERT INTO `proje`.`sivil_personel` (`PersonelID`, `Ad`, `Soyad`) VALUES ('166', 'Murat', 'Durmuş');
INSERT INTO `proje`.`sivil_personel` (`PersonelID`, `Ad`, `Soyad`) VALUES ('167', 'Hayri', 'Arslan');
INSERT INTO `proje`.`sivil_personel` (`PersonelID`, `Ad`, `Soyad`) VALUES ('168', 'Yusuf', 'Çelik');
INSERT INTO `proje`.`sivil_personel` (`PersonelID`, `Ad`, `Soyad`) VALUES ('169', 'Elif', 'Çakır');
INSERT INTO `proje`.`sivil_personel` (`PersonelID`, `Ad`, `Soyad`) VALUES ('170', 'Hüseyin', 'Uysal');
INSERT INTO `proje`.`sivil_personel` (`PersonelID`, `Ad`, `Soyad`) VALUES ('171', 'Salih', 'Pek');
INSERT INTO `proje`.`sivil_personel` (`PersonelID`, `Ad`, `Soyad`) VALUES ('172', 'Nil', 'Akyüz');
INSERT INTO `proje`.`sivil_personel` (`PersonelID`, `Ad`, `Soyad`) VALUES ('173', 'Hüseyin', 'Akyüz');
INSERT INTO `proje`.`sivil_personel` (`PersonelID`, `Ad`, `Soyad`) VALUES ('174', 'Selin', 'Kaptan');
INSERT INTO `proje`.`sivil_personel` (`PersonelID`, `Ad`, `Soyad`) VALUES ('175', 'Osman', 'Keskin');
INSERT INTO `proje`.`sivil_personel` (`PersonelID`, `Ad`, `Soyad`) VALUES ('176', 'Arda', 'Koçak');
INSERT INTO `proje`.`sivil_personel` (`PersonelID`, `Ad`, `Soyad`) VALUES ('177', 'Sinem', 'Bayram');
INSERT INTO `proje`.`sivil_personel` (`PersonelID`, `Ad`, `Soyad`) VALUES ('178', 'Hatice', 'Erkek');
INSERT INTO `proje`.`sivil_personel` (`PersonelID`, `Ad`, `Soyad`) VALUES ('179', 'Gülay', 'Koç');
INSERT INTO `proje`.`sivil_personel` (`PersonelID`, `Ad`, `Soyad`) VALUES ('180', 'Esra', 'Güven');
INSERT INTO `proje`.`sivil_personel` (`PersonelID`, `Ad`, `Soyad`) VALUES ('181', 'Merve', 'Çelik');
INSERT INTO `proje`.`sivil_personel` (`PersonelID`, `Ad`, `Soyad`) VALUES ('182', 'Deniz', 'Güneş');
INSERT INTO `proje`.`sivil_personel` (`PersonelID`, `Ad`, `Soyad`) VALUES ('183', 'Şükran', 'Polat');
INSERT INTO `proje`.`sivil_personel` (`PersonelID`, `Ad`, `Soyad`) VALUES ('184', 'Murat', 'Kurt');
INSERT INTO `proje`.`sivil_personel` (`PersonelID`, `Ad`, `Soyad`) VALUES ('185', 'Serap', 'Elmas');
INSERT INTO `proje`.`sivil_personel` (`PersonelID`, `Ad`, `Soyad`) VALUES ('186', 'Sibel', 'Türkmen');
INSERT INTO `proje`.`sivil_personel` (`PersonelID`, `Ad`, `Soyad`) VALUES ('187', 'Berat', 'Karaca');
INSERT INTO `proje`.`sivil_personel` (`PersonelID`, `Ad`, `Soyad`) VALUES ('188', 'İsmail', 'Koç');
INSERT INTO `proje`.`sivil_personel` (`PersonelID`, `Ad`, `Soyad`) VALUES ('189', 'Naz', 'Durmuş');
INSERT INTO `proje`.`sivil_personel` (`PersonelID`, `Ad`, `Soyad`) VALUES ('190', 'Veli', 'Kılıç');
INSERT INTO `proje`.`sivil_personel` (`PersonelID`, `Ad`, `Soyad`) VALUES ('191', 'Suat', 'Karaca');
INSERT INTO `proje`.`sivil_personel` (`PersonelID`, `Ad`, `Soyad`) VALUES ('192', 'Seda', 'Acar');
INSERT INTO `proje`.`sivil_personel` (`PersonelID`, `Ad`, `Soyad`) VALUES ('193', 'Enes', 'Şentürk');
INSERT INTO `proje`.`sivil_personel` (`PersonelID`, `Ad`, `Soyad`) VALUES ('194', 'Özlem', 'Gündüz');
INSERT INTO `proje`.`sivil_personel` (`PersonelID`, `Ad`, `Soyad`) VALUES ('195', 'Sena', 'Şen');
INSERT INTO `proje`.`sivil_personel` (`PersonelID`, `Ad`, `Soyad`) VALUES ('196', 'Melike', 'Bayram');
INSERT INTO `proje`.`sivil_personel` (`PersonelID`, `Ad`, `Soyad`) VALUES ('197', 'Deniz', 'Er');
INSERT INTO `proje`.`sivil_personel` (`PersonelID`, `Ad`, `Soyad`) VALUES ('198', 'Nil', 'Akyüz');
INSERT INTO `proje`.`sivil_personel` (`PersonelID`, `Ad`, `Soyad`) VALUES ('199', 'Mehmet', 'Kaplan');
INSERT INTO `proje`.`sivil_personel` (`PersonelID`, `Ad`, `Soyad`) VALUES ('200', 'Halil', 'Yavuz');
INSERT INTO `proje`.`sivil_personel` (`PersonelID`, `Ad`, `Soyad`) VALUES ('201', 'Nihat', 'Öztürk');
INSERT INTO `proje`.`sivil_personel` (`PersonelID`, `Ad`, `Soyad`) VALUES ('202', 'Yusuf', 'Yıldırım');
INSERT INTO `proje`.`sivil_personel` (`PersonelID`, `Ad`, `Soyad`) VALUES ('203', 'Şükran', 'Kaya');
INSERT INTO `proje`.`sivil_personel` (`PersonelID`, `Ad`, `Soyad`) VALUES ('204', 'Gülay', 'Yaman');
INSERT INTO `proje`.`sivil_personel` (`PersonelID`, `Ad`, `Soyad`) VALUES ('205', 'Hilal', 'Keskin');
INSERT INTO `proje`.`sivil_personel` (`PersonelID`, `Ad`, `Soyad`) VALUES ('206', 'İsmail', 'Sönmez');
INSERT INTO `proje`.`sivil_personel` (`PersonelID`, `Ad`, `Soyad`) VALUES ('207', 'Tamer', 'Kaya');
INSERT INTO `proje`.`sivil_personel` (`PersonelID`, `Ad`, `Soyad`) VALUES ('208', 'Ferhat', 'Uysal');
INSERT INTO `proje`.`sivil_personel` (`PersonelID`, `Ad`, `Soyad`) VALUES ('209', 'Sevil', 'Yılmaz');
INSERT INTO `proje`.`sivil_personel` (`PersonelID`, `Ad`, `Soyad`) VALUES ('210', 'Kerem', 'Kılıçarslan');
INSERT INTO `proje`.`sivil_personel` (`PersonelID`, `Ad`, `Soyad`) VALUES ('211', 'Büşra', 'Kurt');
INSERT INTO `proje`.`sivil_personel` (`PersonelID`, `Ad`, `Soyad`) VALUES ('212', 'Nazlı', 'Er');
INSERT INTO `proje`.`sivil_personel` (`PersonelID`, `Ad`, `Soyad`) VALUES ('213', 'Levent', 'Özdemir');
INSERT INTO `proje`.`sivil_personel` (`PersonelID`, `Ad`, `Soyad`) VALUES ('214', 'Yusuf', 'Koçak');
INSERT INTO `proje`.`sivil_personel` (`PersonelID`, `Ad`, `Soyad`) VALUES ('215', 'Osman', 'Çevik');
INSERT INTO `proje`.`sivil_personel` (`PersonelID`, `Ad`, `Soyad`) VALUES ('216', 'Cansu', 'Doğru');
INSERT INTO `proje`.`sivil_personel` (`PersonelID`, `Ad`, `Soyad`) VALUES ('217', 'Şeyma', 'Kaptan');
INSERT INTO `proje`.`sivil_personel` (`PersonelID`, `Ad`, `Soyad`) VALUES ('218', 'Nihat', 'Durmuş');
INSERT INTO `proje`.`sivil_personel` (`PersonelID`, `Ad`, `Soyad`) VALUES ('219', 'Nur', 'Duman');
INSERT INTO `proje`.`sivil_personel` (`PersonelID`, `Ad`, `Soyad`) VALUES ('220', 'Ayşe', 'Doğru');
INSERT INTO `proje`.`sivil_personel` (`PersonelID`, `Ad`, `Soyad`) VALUES ('221', 'Rabia', 'Duman');
INSERT INTO `proje`.`sivil_personel` (`PersonelID`, `Ad`, `Soyad`) VALUES ('222', 'Yasin', 'Uçar');
INSERT INTO `proje`.`sivil_personel` (`PersonelID`, `Ad`, `Soyad`) VALUES ('223', 'Halil', 'Doğru');
INSERT INTO `proje`.`sivil_personel` (`PersonelID`, `Ad`, `Soyad`) VALUES ('224', 'Sibel', 'Türkmen');
INSERT INTO `proje`.`sivil_personel` (`PersonelID`, `Ad`, `Soyad`) VALUES ('225', 'Suat', 'Topal');
INSERT INTO `proje`.`sivil_personel` (`PersonelID`, `Ad`, `Soyad`) VALUES ('226', 'Duygu', 'Kaptan');
INSERT INTO `proje`.`sivil_personel` (`PersonelID`, `Ad`, `Soyad`) VALUES ('227', 'Özgür', 'Erdoğan');
INSERT INTO `proje`.`sivil_personel` (`PersonelID`, `Ad`, `Soyad`) VALUES ('228', 'Özlem', 'Bulut');
INSERT INTO `proje`.`sivil_personel` (`PersonelID`, `Ad`, `Soyad`) VALUES ('229', 'Ahmet', 'Türkmen');
INSERT INTO `proje`.`sivil_personel` (`PersonelID`, `Ad`, `Soyad`) VALUES ('230', 'Emine', 'Bayram');
INSERT INTO `proje`.`sivil_personel` (`PersonelID`, `Ad`, `Soyad`) VALUES ('231', 'Ali', 'Aslan');
INSERT INTO `proje`.`sivil_personel` (`PersonelID`, `Ad`, `Soyad`) VALUES ('232', 'Gülay', 'Karahan');
INSERT INTO `proje`.`sivil_personel` (`PersonelID`, `Ad`, `Soyad`) VALUES ('233', 'Melis', 'Karabulut');
INSERT INTO `proje`.`sivil_personel` (`PersonelID`, `Ad`, `Soyad`) VALUES ('234', 'Elif', 'Güzel');
INSERT INTO `proje`.`sivil_personel` (`PersonelID`, `Ad`, `Soyad`) VALUES ('235', 'Sami', 'Kılıç');
INSERT INTO `proje`.`sivil_personel` (`PersonelID`, `Ad`, `Soyad`) VALUES ('236', 'Deniz', 'Çevik');
INSERT INTO `proje`.`sivil_personel` (`PersonelID`, `Ad`, `Soyad`) VALUES ('237', 'Merve', 'Ulusoy');
INSERT INTO `proje`.`sivil_personel` (`PersonelID`, `Ad`, `Soyad`) VALUES ('238', 'Burak', 'Ergün');
INSERT INTO `proje`.`sivil_personel` (`PersonelID`, `Ad`, `Soyad`) VALUES ('239', 'Serkan', 'Güven');
INSERT INTO `proje`.`sivil_personel` (`PersonelID`, `Ad`, `Soyad`) VALUES ('240', 'Kerem', 'Çelik');
INSERT INTO `proje`.`sivil_personel` (`PersonelID`, `Ad`, `Soyad`) VALUES ('241', 'Elif', 'Kılıçarslan');
INSERT INTO `proje`.`sivil_personel` (`PersonelID`, `Ad`, `Soyad`) VALUES ('242', 'Volkan', 'Arslan');
INSERT INTO `proje`.`sivil_personel` (`PersonelID`, `Ad`, `Soyad`) VALUES ('243', 'Aykut', 'Koç');
INSERT INTO `proje`.`sivil_personel` (`PersonelID`, `Ad`, `Soyad`) VALUES ('244', 'Tamer', 'Öztürk');
INSERT INTO `proje`.`sivil_personel` (`PersonelID`, `Ad`, `Soyad`) VALUES ('245', 'Salih', 'Aksoy');
INSERT INTO `proje`.`sivil_personel` (`PersonelID`, `Ad`, `Soyad`) VALUES ('246', 'Betül', 'Elmas');
INSERT INTO `proje`.`sivil_personel` (`PersonelID`, `Ad`, `Soyad`) VALUES ('247', 'Berat', 'Acar');
INSERT INTO `proje`.`sivil_personel` (`PersonelID`, `Ad`, `Soyad`) VALUES ('248', 'Melike', 'Çetin');
INSERT INTO `proje`.`sivil_personel` (`PersonelID`, `Ad`, `Soyad`) VALUES ('249', 'Ayşe', 'Duman');
INSERT INTO `proje`.`sivil_personel` (`PersonelID`, `Ad`, `Soyad`) VALUES ('250', 'Ömer', 'Yıldız');
INSERT INTO `proje`.`sivil_personel` (`PersonelID`, `Ad`, `Soyad`) VALUES ('251', 'Burak', 'Türkmen');
INSERT INTO `proje`.`sivil_personel` (`PersonelID`, `Ad`, `Soyad`) VALUES ('252', 'Can', 'Yaman');
INSERT INTO `proje`.`sivil_personel` (`PersonelID`, `Ad`, `Soyad`) VALUES ('253', 'Sinem', 'Çınar');
INSERT INTO `proje`.`sivil_personel` (`PersonelID`, `Ad`, `Soyad`) VALUES ('254', 'Hilal', 'Karabulut');
INSERT INTO `proje`.`sivil_personel` (`PersonelID`, `Ad`, `Soyad`) VALUES ('255', 'Nihat', 'Elmas');
INSERT INTO `proje`.`sivil_personel` (`PersonelID`, `Ad`, `Soyad`) VALUES ('256', 'Yusuf', 'Çetin');
INSERT INTO `proje`.`sivil_personel` (`PersonelID`, `Ad`, `Soyad`) VALUES ('257', 'Murat', 'Tekin');
INSERT INTO `proje`.`sivil_personel` (`PersonelID`, `Ad`, `Soyad`) VALUES ('258', 'Fırat', 'Türkmen');
INSERT INTO `proje`.`sivil_personel` (`PersonelID`, `Ad`, `Soyad`) VALUES ('259', 'Osman', 'Şentürk');
INSERT INTO `proje`.`sivil_personel` (`PersonelID`, `Ad`, `Soyad`) VALUES ('260', 'Ahmet', 'Yılmaz');
INSERT INTO `proje`.`sivil_personel` (`PersonelID`, `Ad`, `Soyad`) VALUES ('261', 'Mert', 'Güler');
INSERT INTO `proje`.`sivil_personel` (`PersonelID`, `Ad`, `Soyad`) VALUES ('262', 'Salih', 'Dinç');
INSERT INTO `proje`.`sivil_personel` (`PersonelID`, `Ad`, `Soyad`) VALUES ('263', 'Nur', 'Er');
INSERT INTO `proje`.`sivil_personel` (`PersonelID`, `Ad`, `Soyad`) VALUES ('264', 'Mert', 'Uludağ');
INSERT INTO `proje`.`sivil_personel` (`PersonelID`, `Ad`, `Soyad`) VALUES ('265', 'Nur', 'Tunç');
INSERT INTO `proje`.`sivil_personel` (`PersonelID`, `Ad`, `Soyad`) VALUES ('266', 'Bora', 'Bulut');
INSERT INTO `proje`.`sivil_personel` (`PersonelID`, `Ad`, `Soyad`) VALUES ('267', 'Okan', 'Kurt');
INSERT INTO `proje`.`sivil_personel` (`PersonelID`, `Ad`, `Soyad`) VALUES ('268', 'Can', 'Kaplan');
INSERT INTO `proje`.`sivil_personel` (`PersonelID`, `Ad`, `Soyad`) VALUES ('269', 'Semih', 'Özkan');
INSERT INTO `proje`.`sivil_personel` (`PersonelID`, `Ad`, `Soyad`) VALUES ('270', 'Ferhat', 'Yaman');
INSERT INTO `proje`.`sivil_personel` (`PersonelID`, `Ad`, `Soyad`) VALUES ('271', 'İlker', 'Tekin');
INSERT INTO `proje`.`sivil_personel` (`PersonelID`, `Ad`, `Soyad`) VALUES ('272', 'Yusuf', 'Kılıçarslan');
INSERT INTO `proje`.`sivil_personel` (`PersonelID`, `Ad`, `Soyad`) VALUES ('273', 'Emre', 'Karabulut');
INSERT INTO `proje`.`sivil_personel` (`PersonelID`, `Ad`, `Soyad`) VALUES ('274', 'Tuba', 'Kaya');
INSERT INTO `proje`.`sivil_personel` (`PersonelID`, `Ad`, `Soyad`) VALUES ('275', 'Ferhat', 'Yıldırım');
INSERT INTO `proje`.`sivil_personel` (`PersonelID`, `Ad`, `Soyad`) VALUES ('276', 'Kemal', 'Aksoy');
INSERT INTO `proje`.`sivil_personel` (`PersonelID`, `Ad`, `Soyad`) VALUES ('277', 'Okan', 'Bal');
INSERT INTO `proje`.`sivil_personel` (`PersonelID`, `Ad`, `Soyad`) VALUES ('278', 'Yusuf', 'Güzel');
INSERT INTO `proje`.`sivil_personel` (`PersonelID`, `Ad`, `Soyad`) VALUES ('279', 'Serkan', 'Ekinci');
INSERT INTO `proje`.`sivil_personel` (`PersonelID`, `Ad`, `Soyad`) VALUES ('280', 'Ali', 'Koçak');
INSERT INTO `proje`.`sivil_personel` (`PersonelID`, `Ad`, `Soyad`) VALUES ('281', 'Aylin', 'Kaya');
INSERT INTO `proje`.`sivil_personel` (`PersonelID`, `Ad`, `Soyad`) VALUES ('282', 'Gökhan', 'Aslan');
INSERT INTO `proje`.`sivil_personel` (`PersonelID`, `Ad`, `Soyad`) VALUES ('283', 'Sibel', 'Kara');
INSERT INTO `proje`.`sivil_personel` (`PersonelID`, `Ad`, `Soyad`) VALUES ('284', 'Büşra', 'Aydın');
INSERT INTO `proje`.`sivil_personel` (`PersonelID`, `Ad`, `Soyad`) VALUES ('285', 'Merve', 'Ulusoy');
INSERT INTO `proje`.`sivil_personel` (`PersonelID`, `Ad`, `Soyad`) VALUES ('286', 'Cem', 'Yıldız');
INSERT INTO `proje`.`sivil_personel` (`PersonelID`, `Ad`, `Soyad`) VALUES ('287', 'Enes', 'Er');
INSERT INTO `proje`.`sivil_personel` (`PersonelID`, `Ad`, `Soyad`) VALUES ('288', 'Seda', 'Aksoy');
INSERT INTO `proje`.`sivil_personel` (`PersonelID`, `Ad`, `Soyad`) VALUES ('289', 'Koray', 'Ağaoğlu');
INSERT INTO `proje`.`sivil_personel` (`PersonelID`, `Ad`, `Soyad`) VALUES ('290', 'Nur', 'Bozkurt');
INSERT INTO `proje`.`sivil_personel` (`PersonelID`, `Ad`, `Soyad`) VALUES ('291', 'Osman', 'Güzel');
INSERT INTO `proje`.`sivil_personel` (`PersonelID`, `Ad`, `Soyad`) VALUES ('292', 'Hasan', 'Bayram');
INSERT INTO `proje`.`sivil_personel` (`PersonelID`, `Ad`, `Soyad`) VALUES ('293', 'Osman', 'Çetin');
INSERT INTO `proje`.`sivil_personel` (`PersonelID`, `Ad`, `Soyad`) VALUES ('294', 'Betül', 'Erkek');
INSERT INTO `proje`.`sivil_personel` (`PersonelID`, `Ad`, `Soyad`) VALUES ('295', 'Sevil', 'Yıldırım');
INSERT INTO `proje`.`sivil_personel` (`PersonelID`, `Ad`, `Soyad`) VALUES ('296', 'Cansu', 'Yaman');
INSERT INTO `proje`.`sivil_personel` (`PersonelID`, `Ad`, `Soyad`) VALUES ('297', 'Hayri', 'Kayaalp');
INSERT INTO `proje`.`sivil_personel` (`PersonelID`, `Ad`, `Soyad`) VALUES ('298', 'Enes', 'Bulut');
INSERT INTO `proje`.`sivil_personel` (`PersonelID`, `Ad`, `Soyad`) VALUES ('299', 'Sevil', 'Kılıç');
INSERT INTO `proje`.`sivil_personel` (`PersonelID`, `Ad`, `Soyad`) VALUES ('300', 'Fırat', 'Kaptan');
INSERT INTO `proje`.`sivil_personel` (`PersonelID`, `Ad`, `Soyad`) VALUES ('301', 'Sena', 'Güney');
INSERT INTO `proje`.`sivil_personel` (`PersonelID`, `Ad`, `Soyad`) VALUES ('302', 'Enes', 'Topal');
INSERT INTO `proje`.`sivil_personel` (`PersonelID`, `Ad`, `Soyad`) VALUES ('303', 'Ali', 'Duman');
INSERT INTO `proje`.`sivil_personel` (`PersonelID`, `Ad`, `Soyad`) VALUES ('304', 'Tuba', 'Kaplan');
INSERT INTO `proje`.`sivil_personel` (`PersonelID`, `Ad`, `Soyad`) VALUES ('305', 'Gökhan', 'Bayraktar');
INSERT INTO `proje`.`sivil_personel` (`PersonelID`, `Ad`, `Soyad`) VALUES ('306', 'Nihal', 'Güzel');
INSERT INTO `proje`.`sivil_personel` (`PersonelID`, `Ad`, `Soyad`) VALUES ('307', 'Orhan', 'Kayaalp');
INSERT INTO `proje`.`sivil_personel` (`PersonelID`, `Ad`, `Soyad`) VALUES ('308', 'Enes', 'Yılmaz');
INSERT INTO `proje`.`sivil_personel` (`PersonelID`, `Ad`, `Soyad`) VALUES ('309', 'Ayhan', 'Özdemir');
INSERT INTO `proje`.`sivil_personel` (`PersonelID`, `Ad`, `Soyad`) VALUES ('310', 'Şeyma', 'Şahin');
INSERT INTO `proje`.`sivil_personel` (`PersonelID`, `Ad`, `Soyad`) VALUES ('311', 'Berk', 'Gökmen');
INSERT INTO `proje`.`sivil_personel` (`PersonelID`, `Ad`, `Soyad`) VALUES ('312', 'İbrahim', 'Şimşek');
INSERT INTO `proje`.`sivil_personel` (`PersonelID`, `Ad`, `Soyad`) VALUES ('313', 'Sibel', 'Kılıçarslan');
INSERT INTO `proje`.`sivil_personel` (`PersonelID`, `Ad`, `Soyad`) VALUES ('314', 'Emine', 'Şahin');
INSERT INTO `proje`.`sivil_personel` (`PersonelID`, `Ad`, `Soyad`) VALUES ('315', 'Şeyma', 'Çakır');
INSERT INTO `proje`.`sivil_personel` (`PersonelID`, `Ad`, `Soyad`) VALUES ('316', 'İpek', 'Bayraktar');
INSERT INTO `proje`.`sivil_personel` (`PersonelID`, `Ad`, `Soyad`) VALUES ('317', 'Melis', 'Aslan');
INSERT INTO `proje`.`sivil_personel` (`PersonelID`, `Ad`, `Soyad`) VALUES ('318', 'Gülay', 'Gül');
INSERT INTO `proje`.`sivil_personel` (`PersonelID`, `Ad`, `Soyad`) VALUES ('319', 'Berat', 'Acar');
INSERT INTO `proje`.`sivil_personel` (`PersonelID`, `Ad`, `Soyad`) VALUES ('320', 'Levent', 'Kaplan');
INSERT INTO `proje`.`sivil_personel` (`PersonelID`, `Ad`, `Soyad`) VALUES ('321', 'Nil', 'Şentürk');
INSERT INTO `proje`.`sivil_personel` (`PersonelID`, `Ad`, `Soyad`) VALUES ('322', 'Berk', 'Yaman');
INSERT INTO `proje`.`sivil_personel` (`PersonelID`, `Ad`, `Soyad`) VALUES ('323', 'Sena', 'Er');
INSERT INTO `proje`.`sivil_personel` (`PersonelID`, `Ad`, `Soyad`) VALUES ('324', 'Nihal', 'Turan');
INSERT INTO `proje`.`sivil_personel` (`PersonelID`, `Ad`, `Soyad`) VALUES ('325', 'Arda', 'Çetin');
INSERT INTO `proje`.`sivil_personel` (`PersonelID`, `Ad`, `Soyad`) VALUES ('326', 'Volkan', 'Güzel');
INSERT INTO `proje`.`sivil_personel` (`PersonelID`, `Ad`, `Soyad`) VALUES ('327', 'Melis', 'Arslan');
INSERT INTO `proje`.`sivil_personel` (`PersonelID`, `Ad`, `Soyad`) VALUES ('328', 'Harun', 'Uysal');
INSERT INTO `proje`.`sivil_personel` (`PersonelID`, `Ad`, `Soyad`) VALUES ('329', 'Pelin', 'Doğru');
INSERT INTO `proje`.`sivil_personel` (`PersonelID`, `Ad`, `Soyad`) VALUES ('330', 'Şükran', 'Güven');
INSERT INTO `proje`.`sivil_personel` (`PersonelID`, `Ad`, `Soyad`) VALUES ('331', 'İlker', 'Güven');
INSERT INTO `proje`.`sivil_personel` (`PersonelID`, `Ad`, `Soyad`) VALUES ('332', 'Emre', 'Demirtaş');
INSERT INTO `proje`.`sivil_personel` (`PersonelID`, `Ad`, `Soyad`) VALUES ('333', 'Sevda', 'Doğru');
INSERT INTO `proje`.`sivil_personel` (`PersonelID`, `Ad`, `Soyad`) VALUES ('334', 'Hatice', 'Özen');
INSERT INTO `proje`.`sivil_personel` (`PersonelID`, `Ad`, `Soyad`) VALUES ('335', 'Pelin', 'Karaca');
INSERT INTO `proje`.`sivil_personel` (`PersonelID`, `Ad`, `Soyad`) VALUES ('336', 'Osman', 'Yüce');
INSERT INTO `proje`.`sivil_personel` (`PersonelID`, `Ad`, `Soyad`) VALUES ('337', 'Melih', 'Kaptan');
INSERT INTO `proje`.`sivil_personel` (`PersonelID`, `Ad`, `Soyad`) VALUES ('338', 'Elif', 'Gündüz');
INSERT INTO `proje`.`sivil_personel` (`PersonelID`, `Ad`, `Soyad`) VALUES ('339', 'Esra', 'Sönmez');
INSERT INTO `proje`.`sivil_personel` (`PersonelID`, `Ad`, `Soyad`) VALUES ('340', 'Pelin', 'Şen');
INSERT INTO `proje`.`sivil_personel` (`PersonelID`, `Ad`, `Soyad`) VALUES ('341', 'Okan', 'Korkut');
INSERT INTO `proje`.`sivil_personel` (`PersonelID`, `Ad`, `Soyad`) VALUES ('342', 'Sibel', 'Bulut');
INSERT INTO `proje`.`sivil_personel` (`PersonelID`, `Ad`, `Soyad`) VALUES ('343', 'Berat', 'Karabulut');
INSERT INTO `proje`.`sivil_personel` (`PersonelID`, `Ad`, `Soyad`) VALUES ('344', 'Gülay', 'Sağlam');
INSERT INTO `proje`.`sivil_personel` (`PersonelID`, `Ad`, `Soyad`) VALUES ('345', 'Hilal', 'Sağlam');
INSERT INTO `proje`.`sivil_personel` (`PersonelID`, `Ad`, `Soyad`) VALUES ('346', 'Bora', 'Elmas');
INSERT INTO `proje`.`sivil_personel` (`PersonelID`, `Ad`, `Soyad`) VALUES ('347', 'Gökhan', 'Ekinci');
INSERT INTO `proje`.`sivil_personel` (`PersonelID`, `Ad`, `Soyad`) VALUES ('348', 'Aylin', 'Güney');
INSERT INTO `proje`.`sivil_personel` (`PersonelID`, `Ad`, `Soyad`) VALUES ('349', 'Emre', 'Ergin');
INSERT INTO `proje`.`sivil_personel` (`PersonelID`, `Ad`, `Soyad`) VALUES ('350', 'Emre', 'Ekinci');
INSERT INTO `proje`.`sivil_personel` (`PersonelID`, `Ad`, `Soyad`) VALUES ('351', 'Cem', 'Çakmak');
INSERT INTO `proje`.`sivil_personel` (`PersonelID`, `Ad`, `Soyad`) VALUES ('352', 'Berk', 'Kılıç');
INSERT INTO `proje`.`sivil_personel` (`PersonelID`, `Ad`, `Soyad`) VALUES ('353', 'Zeynep', 'Bulut');
INSERT INTO `proje`.`sivil_personel` (`PersonelID`, `Ad`, `Soyad`) VALUES ('354', 'Esra', 'Çevik');
INSERT INTO `proje`.`sivil_personel` (`PersonelID`, `Ad`, `Soyad`) VALUES ('355', 'İbrahim', 'Göksu');
INSERT INTO `proje`.`sivil_personel` (`PersonelID`, `Ad`, `Soyad`) VALUES ('356', 'Sevda', 'Bal');
INSERT INTO `proje`.`sivil_personel` (`PersonelID`, `Ad`, `Soyad`) VALUES ('357', 'Selda', 'Topal');
INSERT INTO `proje`.`sivil_personel` (`PersonelID`, `Ad`, `Soyad`) VALUES ('358', 'Berk', 'Şimşek');
INSERT INTO `proje`.`sivil_personel` (`PersonelID`, `Ad`, `Soyad`) VALUES ('359', 'Sibel', 'Şentürk');
INSERT INTO `proje`.`sivil_personel` (`PersonelID`, `Ad`, `Soyad`) VALUES ('360', 'Selda', 'Ak');
INSERT INTO `proje`.`sivil_personel` (`PersonelID`, `Ad`, `Soyad`) VALUES ('361', 'Arda', 'Gökmen');
INSERT INTO `proje`.`sivil_personel` (`PersonelID`, `Ad`, `Soyad`) VALUES ('362', 'Nur', 'Acar');
INSERT INTO `proje`.`sivil_personel` (`PersonelID`, `Ad`, `Soyad`) VALUES ('363', 'Rabia', 'Özkan');
INSERT INTO `proje`.`sivil_personel` (`PersonelID`, `Ad`, `Soyad`) VALUES ('364', 'Sibel', 'Keskin');
INSERT INTO `proje`.`sivil_personel` (`PersonelID`, `Ad`, `Soyad`) VALUES ('365', 'Nihal', 'Karabulut');
INSERT INTO `proje`.`sivil_personel` (`PersonelID`, `Ad`, `Soyad`) VALUES ('366', 'Bahar', 'Duman');
INSERT INTO `proje`.`sivil_personel` (`PersonelID`, `Ad`, `Soyad`) VALUES ('367', 'Esra', 'Ağaoğlu');
INSERT INTO `proje`.`sivil_personel` (`PersonelID`, `Ad`, `Soyad`) VALUES ('368', 'Seda', 'Demir');
INSERT INTO `proje`.`sivil_personel` (`PersonelID`, `Ad`, `Soyad`) VALUES ('369', 'Gülay', 'Ergün');
INSERT INTO `proje`.`sivil_personel` (`PersonelID`, `Ad`, `Soyad`) VALUES ('370', 'Kemal', 'Aydın');
INSERT INTO `proje`.`sivil_personel` (`PersonelID`, `Ad`, `Soyad`) VALUES ('371', 'Enes', 'Çakır');
INSERT INTO `proje`.`sivil_personel` (`PersonelID`, `Ad`, `Soyad`) VALUES ('372', 'Hüseyin', 'Erdem');
INSERT INTO `proje`.`sivil_personel` (`PersonelID`, `Ad`, `Soyad`) VALUES ('373', 'Arda', 'Polat');
INSERT INTO `proje`.`sivil_personel` (`PersonelID`, `Ad`, `Soyad`) VALUES ('374', 'Ömer', 'Erdem');
INSERT INTO `proje`.`sivil_personel` (`PersonelID`, `Ad`, `Soyad`) VALUES ('375', 'Naz', 'Kara');
INSERT INTO `proje`.`sivil_personel` (`PersonelID`, `Ad`, `Soyad`) VALUES ('376', 'Can', 'Uçar');
INSERT INTO `proje`.`sivil_personel` (`PersonelID`, `Ad`, `Soyad`) VALUES ('377', 'Ayhan', 'Gül');
INSERT INTO `proje`.`sivil_personel` (`PersonelID`, `Ad`, `Soyad`) VALUES ('378', 'Furkan', 'Erkek');
INSERT INTO `proje`.`sivil_personel` (`PersonelID`, `Ad`, `Soyad`) VALUES ('379', 'Berat', 'Ergin');
INSERT INTO `proje`.`sivil_personel` (`PersonelID`, `Ad`, `Soyad`) VALUES ('380', 'Okan', 'Bayraktar');
INSERT INTO `proje`.`sivil_personel` (`PersonelID`, `Ad`, `Soyad`) VALUES ('381', 'Sibel', 'Arı');
INSERT INTO `proje`.`sivil_personel` (`PersonelID`, `Ad`, `Soyad`) VALUES ('382', 'Melis', 'Çakır');
INSERT INTO `proje`.`sivil_personel` (`PersonelID`, `Ad`, `Soyad`) VALUES ('383', 'Ayşe', 'Tunç');
INSERT INTO `proje`.`sivil_personel` (`PersonelID`, `Ad`, `Soyad`) VALUES ('384', 'Pelin', 'Kayaalp');
INSERT INTO `proje`.`sivil_personel` (`PersonelID`, `Ad`, `Soyad`) VALUES ('385', 'İlker', 'Aksoy');
INSERT INTO `proje`.`sivil_personel` (`PersonelID`, `Ad`, `Soyad`) VALUES ('386', 'Can', 'Korkmaz');
INSERT INTO `proje`.`sivil_personel` (`PersonelID`, `Ad`, `Soyad`) VALUES ('387', 'Arda', 'Ak');
INSERT INTO `proje`.`sivil_personel` (`PersonelID`, `Ad`, `Soyad`) VALUES ('388', 'Veli', 'Güzel');
INSERT INTO `proje`.`sivil_personel` (`PersonelID`, `Ad`, `Soyad`) VALUES ('389', 'Cem', 'İlhan');
INSERT INTO `proje`.`sivil_personel` (`PersonelID`, `Ad`, `Soyad`) VALUES ('390', 'İbrahim', 'Ateş');
INSERT INTO `proje`.`sivil_personel` (`PersonelID`, `Ad`, `Soyad`) VALUES ('391', 'Hatice', 'Aydın');
INSERT INTO `proje`.`sivil_personel` (`PersonelID`, `Ad`, `Soyad`) VALUES ('392', 'İbrahim', 'Aydın');
INSERT INTO `proje`.`sivil_personel` (`PersonelID`, `Ad`, `Soyad`) VALUES ('393', 'Şükran', 'Bayram');
INSERT INTO `proje`.`sivil_personel` (`PersonelID`, `Ad`, `Soyad`) VALUES ('394', 'Suat', 'Sarı');
INSERT INTO `proje`.`sivil_personel` (`PersonelID`, `Ad`, `Soyad`) VALUES ('395', 'Fatma', 'Ulusoy');
INSERT INTO `proje`.`sivil_personel` (`PersonelID`, `Ad`, `Soyad`) VALUES ('396', 'İbrahim', 'Özdemir');
INSERT INTO `proje`.`sivil_personel` (`PersonelID`, `Ad`, `Soyad`) VALUES ('397', 'Berat', 'Bayraktar');
INSERT INTO `proje`.`sivil_personel` (`PersonelID`, `Ad`, `Soyad`) VALUES ('398', 'Ebru', 'Yavuz');
INSERT INTO `proje`.`sivil_personel` (`PersonelID`, `Ad`, `Soyad`) VALUES ('399', 'Ece', 'Bulut');
INSERT INTO `proje`.`sivil_personel` (`PersonelID`, `Ad`, `Soyad`) VALUES ('400', 'Berk', 'Gökmen');
INSERT INTO `proje`.`sivil_personel` (`PersonelID`, `Ad`, `Soyad`) VALUES ('401', 'Harun', 'Korkmaz');
INSERT INTO `proje`.`sivil_personel` (`PersonelID`, `Ad`, `Soyad`) VALUES ('402', 'Sami', 'Bayram');
INSERT INTO `proje`.`sivil_personel` (`PersonelID`, `Ad`, `Soyad`) VALUES ('403', 'Gizem', 'Ulusoy');
INSERT INTO `proje`.`sivil_personel` (`PersonelID`, `Ad`, `Soyad`) VALUES ('404', 'Nazlı', 'Ak');
INSERT INTO `proje`.`sivil_personel` (`PersonelID`, `Ad`, `Soyad`) VALUES ('405', 'Merve', 'Bayraktar');
INSERT INTO `proje`.`sivil_personel` (`PersonelID`, `Ad`, `Soyad`) VALUES ('406', 'Kadir', 'Ateş');
INSERT INTO `proje`.`sivil_personel` (`PersonelID`, `Ad`, `Soyad`) VALUES ('407', 'Ece', 'Sağlam');
INSERT INTO `proje`.`sivil_personel` (`PersonelID`, `Ad`, `Soyad`) VALUES ('408', 'Volkan', 'Demirtaş');
INSERT INTO `proje`.`sivil_personel` (`PersonelID`, `Ad`, `Soyad`) VALUES ('409', 'Serkan', 'Çınar');
INSERT INTO `proje`.`sivil_personel` (`PersonelID`, `Ad`, `Soyad`) VALUES ('410', 'Ebru', 'Acar');
INSERT INTO `proje`.`sivil_personel` (`PersonelID`, `Ad`, `Soyad`) VALUES ('411', 'Osman', 'Koç');
INSERT INTO `proje`.`sivil_personel` (`PersonelID`, `Ad`, `Soyad`) VALUES ('412', 'Hasan', 'Erkek');
INSERT INTO `proje`.`sivil_personel` (`PersonelID`, `Ad`, `Soyad`) VALUES ('413', 'Ali', 'Bilgin');
INSERT INTO `proje`.`sivil_personel` (`PersonelID`, `Ad`, `Soyad`) VALUES ('414', 'Hüseyin', 'Kılıçarslan');
INSERT INTO `proje`.`sivil_personel` (`PersonelID`, `Ad`, `Soyad`) VALUES ('415', 'İbrahim', 'Yücel');
INSERT INTO `proje`.`sivil_personel` (`PersonelID`, `Ad`, `Soyad`) VALUES ('416', 'İbrahim', 'Uçar');
INSERT INTO `proje`.`sivil_personel` (`PersonelID`, `Ad`, `Soyad`) VALUES ('417', 'Berk', 'Uçar');
INSERT INTO `proje`.`sivil_personel` (`PersonelID`, `Ad`, `Soyad`) VALUES ('418', 'İsmail', 'Çelik');
INSERT INTO `proje`.`sivil_personel` (`PersonelID`, `Ad`, `Soyad`) VALUES ('419', 'Enes', 'Güney');
INSERT INTO `proje`.`sivil_personel` (`PersonelID`, `Ad`, `Soyad`) VALUES ('420', 'Bora', 'Karabulut');
INSERT INTO `proje`.`sivil_personel` (`PersonelID`, `Ad`, `Soyad`) VALUES ('421', 'Nazlı', 'Öztürk');
INSERT INTO `proje`.`sivil_personel` (`PersonelID`, `Ad`, `Soyad`) VALUES ('422', 'Ayhan', 'Sönmez');
INSERT INTO `proje`.`sivil_personel` (`PersonelID`, `Ad`, `Soyad`) VALUES ('423', 'Levent', 'Kılıç');
INSERT INTO `proje`.`sivil_personel` (`PersonelID`, `Ad`, `Soyad`) VALUES ('424', 'Can', 'Çalışkan');
INSERT INTO `proje`.`sivil_personel` (`PersonelID`, `Ad`, `Soyad`) VALUES ('425', 'Şükran', 'Öztürk');
INSERT INTO `proje`.`sivil_personel` (`PersonelID`, `Ad`, `Soyad`) VALUES ('426', 'İlker', 'Çetin');
INSERT INTO `proje`.`sivil_personel` (`PersonelID`, `Ad`, `Soyad`) VALUES ('427', 'Ayşe', 'Çakır');
INSERT INTO `proje`.`sivil_personel` (`PersonelID`, `Ad`, `Soyad`) VALUES ('428', 'Cansu', 'Aydın');
INSERT INTO `proje`.`sivil_personel` (`PersonelID`, `Ad`, `Soyad`) VALUES ('429', 'Selda', 'Demir');
INSERT INTO `proje`.`sivil_personel` (`PersonelID`, `Ad`, `Soyad`) VALUES ('430', 'Ali', 'Uludağ');
INSERT INTO `proje`.`sivil_personel` (`PersonelID`, `Ad`, `Soyad`) VALUES ('431', 'Sibel', 'Bal');
INSERT INTO `proje`.`sivil_personel` (`PersonelID`, `Ad`, `Soyad`) VALUES ('432', 'Melih', 'Kaptan');
INSERT INTO `proje`.`sivil_personel` (`PersonelID`, `Ad`, `Soyad`) VALUES ('433', 'Sibel', 'Çınar');
INSERT INTO `proje`.`sivil_personel` (`PersonelID`, `Ad`, `Soyad`) VALUES ('434', 'Elif', 'Göksu');
INSERT INTO `proje`.`sivil_personel` (`PersonelID`, `Ad`, `Soyad`) VALUES ('435', 'Ali', 'Kara');
INSERT INTO `proje`.`sivil_personel` (`PersonelID`, `Ad`, `Soyad`) VALUES ('436', 'Bora', 'Öztürk');
INSERT INTO `proje`.`sivil_personel` (`PersonelID`, `Ad`, `Soyad`) VALUES ('437', 'Ferhat', 'Güney');
INSERT INTO `proje`.`sivil_personel` (`PersonelID`, `Ad`, `Soyad`) VALUES ('438', 'Hande', 'Uludağ');
INSERT INTO `proje`.`sivil_personel` (`PersonelID`, `Ad`, `Soyad`) VALUES ('439', 'Gökhan', 'Arslan');
INSERT INTO `proje`.`sivil_personel` (`PersonelID`, `Ad`, `Soyad`) VALUES ('440', 'İsmail', 'Karataş');
INSERT INTO `proje`.`sivil_personel` (`PersonelID`, `Ad`, `Soyad`) VALUES ('441', 'Ayşe', 'Çınar');
INSERT INTO `proje`.`sivil_personel` (`PersonelID`, `Ad`, `Soyad`) VALUES ('442', 'Esra', 'Tekin');
INSERT INTO `proje`.`sivil_personel` (`PersonelID`, `Ad`, `Soyad`) VALUES ('443', 'Gülay', 'Tunç');
INSERT INTO `proje`.`sivil_personel` (`PersonelID`, `Ad`, `Soyad`) VALUES ('444', 'Ömer', 'Doğan');
INSERT INTO `proje`.`sivil_personel` (`PersonelID`, `Ad`, `Soyad`) VALUES ('445', 'Selda', 'Arslan');
INSERT INTO `proje`.`sivil_personel` (`PersonelID`, `Ad`, `Soyad`) VALUES ('446', 'Hatice', 'Keskin');
INSERT INTO `proje`.`sivil_personel` (`PersonelID`, `Ad`, `Soyad`) VALUES ('447', 'Koray', 'Bal');
INSERT INTO `proje`.`sivil_personel` (`PersonelID`, `Ad`, `Soyad`) VALUES ('448', 'Ali', 'Ekinci');
INSERT INTO `proje`.`sivil_personel` (`PersonelID`, `Ad`, `Soyad`) VALUES ('449', 'Okan', 'Karabulut');
INSERT INTO `proje`.`sivil_personel` (`PersonelID`, `Ad`, `Soyad`) VALUES ('450', 'Mustafa', 'Kaya');
INSERT INTO `proje`.`sivil_personel` (`PersonelID`, `Ad`, `Soyad`) VALUES ('451', 'Arda', 'Demirtaş');
INSERT INTO `proje`.`sivil_personel` (`PersonelID`, `Ad`, `Soyad`) VALUES ('452', 'Ayşe', 'Bal');
INSERT INTO `proje`.`sivil_personel` (`PersonelID`, `Ad`, `Soyad`) VALUES ('453', 'Ebru', 'Çakır');
INSERT INTO `proje`.`sivil_personel` (`PersonelID`, `Ad`, `Soyad`) VALUES ('454', 'Gülay', 'Altın');
INSERT INTO `proje`.`sivil_personel` (`PersonelID`, `Ad`, `Soyad`) VALUES ('455', 'Yusuf', 'Türkmen');
INSERT INTO `proje`.`sivil_personel` (`PersonelID`, `Ad`, `Soyad`) VALUES ('456', 'Özgür', 'Karahan');
INSERT INTO `proje`.`sivil_personel` (`PersonelID`, `Ad`, `Soyad`) VALUES ('457', 'Furkan', 'Ergin');
INSERT INTO `proje`.`sivil_personel` (`PersonelID`, `Ad`, `Soyad`) VALUES ('458', 'Fırat', 'Kara');
INSERT INTO `proje`.`sivil_personel` (`PersonelID`, `Ad`, `Soyad`) VALUES ('459', 'Fırat', 'Karahan');
INSERT INTO `proje`.`sivil_personel` (`PersonelID`, `Ad`, `Soyad`) VALUES ('460', 'Sami', 'Dinç');
INSERT INTO `proje`.`sivil_personel` (`PersonelID`, `Ad`, `Soyad`) VALUES ('461', 'Okan', 'Ergin');
INSERT INTO `proje`.`sivil_personel` (`PersonelID`, `Ad`, `Soyad`) VALUES ('462', 'Gül', 'Kılıçarslan');
INSERT INTO `proje`.`sivil_personel` (`PersonelID`, `Ad`, `Soyad`) VALUES ('463', 'Nihal', 'Karaca');
INSERT INTO `proje`.`sivil_personel` (`PersonelID`, `Ad`, `Soyad`) VALUES ('464', 'Burak', 'Koç');
INSERT INTO `proje`.`sivil_personel` (`PersonelID`, `Ad`, `Soyad`) VALUES ('465', 'Arda', 'Karahan');
INSERT INTO `proje`.`sivil_personel` (`PersonelID`, `Ad`, `Soyad`) VALUES ('466', 'Emre', 'Yavuz');
INSERT INTO `proje`.`sivil_personel` (`PersonelID`, `Ad`, `Soyad`) VALUES ('467', 'Fatma', 'Acar');
INSERT INTO `proje`.`sivil_personel` (`PersonelID`, `Ad`, `Soyad`) VALUES ('468', 'Merve', 'Acar');
INSERT INTO `proje`.`sivil_personel` (`PersonelID`, `Ad`, `Soyad`) VALUES ('469', 'Ayşe', 'Gül');
INSERT INTO `proje`.`sivil_personel` (`PersonelID`, `Ad`, `Soyad`) VALUES ('470', 'Sibel', 'Kayaalp');
INSERT INTO `proje`.`sivil_personel` (`PersonelID`, `Ad`, `Soyad`) VALUES ('471', 'Semih', 'Sağlam');
INSERT INTO `proje`.`sivil_personel` (`PersonelID`, `Ad`, `Soyad`) VALUES ('472', 'Sevda', 'Ateş');
INSERT INTO `proje`.`sivil_personel` (`PersonelID`, `Ad`, `Soyad`) VALUES ('473', 'İlker', 'Türkmen');
INSERT INTO `proje`.`sivil_personel` (`PersonelID`, `Ad`, `Soyad`) VALUES ('474', 'Ebru', 'Öztürk');
INSERT INTO `proje`.`sivil_personel` (`PersonelID`, `Ad`, `Soyad`) VALUES ('475', 'Ezgi', 'Dinç');
INSERT INTO `proje`.`sivil_personel` (`PersonelID`, `Ad`, `Soyad`) VALUES ('476', 'Fatma', 'Korkut');
INSERT INTO `proje`.`sivil_personel` (`PersonelID`, `Ad`, `Soyad`) VALUES ('477', 'Emine', 'Çınar');
INSERT INTO `proje`.`sivil_personel` (`PersonelID`, `Ad`, `Soyad`) VALUES ('478', 'Sena', 'Aydın');
INSERT INTO `proje`.`sivil_personel` (`PersonelID`, `Ad`, `Soyad`) VALUES ('479', 'Can', 'Güzel');
INSERT INTO `proje`.`sivil_personel` (`PersonelID`, `Ad`, `Soyad`) VALUES ('480', 'Selda', 'Türkmen');
INSERT INTO `proje`.`sivil_personel` (`PersonelID`, `Ad`, `Soyad`) VALUES ('481', 'Hilal', 'Durmuş');
INSERT INTO `proje`.`sivil_personel` (`PersonelID`, `Ad`, `Soyad`) VALUES ('482', 'Rabia', 'Çevik');
INSERT INTO `proje`.`sivil_personel` (`PersonelID`, `Ad`, `Soyad`) VALUES ('483', 'Aylin', 'Güler');
INSERT INTO `proje`.`sivil_personel` (`PersonelID`, `Ad`, `Soyad`) VALUES ('484', 'Nihal', 'Bozkurt');
INSERT INTO `proje`.`sivil_personel` (`PersonelID`, `Ad`, `Soyad`) VALUES ('485', 'Seda', 'Ateş');
INSERT INTO `proje`.`sivil_personel` (`PersonelID`, `Ad`, `Soyad`) VALUES ('486', 'Hatice', 'Polat');
INSERT INTO `proje`.`sivil_personel` (`PersonelID`, `Ad`, `Soyad`) VALUES ('487', 'Nihal', 'Ak');
INSERT INTO `proje`.`sivil_personel` (`PersonelID`, `Ad`, `Soyad`) VALUES ('488', 'Murat', 'Erdoğan');
INSERT INTO `proje`.`sivil_personel` (`PersonelID`, `Ad`, `Soyad`) VALUES ('489', 'Serkan', 'Korkut');
INSERT INTO `proje`.`sivil_personel` (`PersonelID`, `Ad`, `Soyad`) VALUES ('490', 'Rabia', 'Arslan');
INSERT INTO `proje`.`sivil_personel` (`PersonelID`, `Ad`, `Soyad`) VALUES ('491', 'Nur', 'Gündüz');
INSERT INTO `proje`.`sivil_personel` (`PersonelID`, `Ad`, `Soyad`) VALUES ('492', 'Ezgi', 'Erdoğan');
INSERT INTO `proje`.`sivil_personel` (`PersonelID`, `Ad`, `Soyad`) VALUES ('493', 'Nihat', 'Kaya');
INSERT INTO `proje`.`sivil_personel` (`PersonelID`, `Ad`, `Soyad`) VALUES ('494', 'Okan', 'Polat');
INSERT INTO `proje`.`sivil_personel` (`PersonelID`, `Ad`, `Soyad`) VALUES ('495', 'Mustafa', 'Turan');
INSERT INTO `proje`.`sivil_personel` (`PersonelID`, `Ad`, `Soyad`) VALUES ('496', 'Tuba', 'Tekin');
INSERT INTO `proje`.`sivil_personel` (`PersonelID`, `Ad`, `Soyad`) VALUES ('497', 'Orhan', 'Özkan');
INSERT INTO `proje`.`sivil_personel` (`PersonelID`, `Ad`, `Soyad`) VALUES ('498', 'Sevda', 'Gökmen');
INSERT INTO `proje`.`sivil_personel` (`PersonelID`, `Ad`, `Soyad`) VALUES ('499', 'Neşe', 'Demirtaş');
INSERT INTO `proje`.`sivil_personel` (`PersonelID`, `Ad`, `Soyad`) VALUES ('500', 'Osman', 'Karaca');
INSERT INTO `proje`.`sivil_personel` (`PersonelID`, `Ad`, `Soyad`) VALUES ('501', 'Sevil', 'Demir');
INSERT INTO `proje`.`sivil_personel` (`PersonelID`, `Ad`, `Soyad`) VALUES ('502', 'Seda', 'Pek');
INSERT INTO `proje`.`sivil_personel` (`PersonelID`, `Ad`, `Soyad`) VALUES ('503', 'Bahar', 'Ulusoy');
INSERT INTO `proje`.`sivil_personel` (`PersonelID`, `Ad`, `Soyad`) VALUES ('504', 'Gülay', 'Güler');
INSERT INTO `proje`.`sivil_personel` (`PersonelID`, `Ad`, `Soyad`) VALUES ('505', 'Kadir', 'Gökmen');
INSERT INTO `proje`.`sivil_personel` (`PersonelID`, `Ad`, `Soyad`) VALUES ('506', 'Ömer', 'Uludağ');
INSERT INTO `proje`.`sivil_personel` (`PersonelID`, `Ad`, `Soyad`) VALUES ('507', 'Ali', 'Er');
INSERT INTO `proje`.`sivil_personel` (`PersonelID`, `Ad`, `Soyad`) VALUES ('508', 'Hande', 'Elmas');
INSERT INTO `proje`.`sivil_personel` (`PersonelID`, `Ad`, `Soyad`) VALUES ('509', 'Pelin', 'Uysal');
INSERT INTO `proje`.`sivil_personel` (`PersonelID`, `Ad`, `Soyad`) VALUES ('510', 'Veli', 'Gökmen');
INSERT INTO `proje`.`sivil_personel` (`PersonelID`, `Ad`, `Soyad`) VALUES ('511', 'Koray', 'Ak');
INSERT INTO `proje`.`sivil_personel` (`PersonelID`, `Ad`, `Soyad`) VALUES ('512', 'İlker', 'Uçar');
INSERT INTO `proje`.`sivil_personel` (`PersonelID`, `Ad`, `Soyad`) VALUES ('513', 'Enes', 'Aslan');
INSERT INTO `proje`.`sivil_personel` (`PersonelID`, `Ad`, `Soyad`) VALUES ('514', 'Hasan', 'Türkmen');
INSERT INTO `proje`.`sivil_personel` (`PersonelID`, `Ad`, `Soyad`) VALUES ('515', 'Gülay', 'Tekin');
INSERT INTO `proje`.`sivil_personel` (`PersonelID`, `Ad`, `Soyad`) VALUES ('516', 'Seda', 'Göksu');
INSERT INTO `proje`.`sivil_personel` (`PersonelID`, `Ad`, `Soyad`) VALUES ('517', 'Berat', 'Kılıçarslan');
INSERT INTO `proje`.`sivil_personel` (`PersonelID`, `Ad`, `Soyad`) VALUES ('518', 'Zeynep', 'Bayram');
INSERT INTO `proje`.`sivil_personel` (`PersonelID`, `Ad`, `Soyad`) VALUES ('519', 'Naz', 'Turan');
INSERT INTO `proje`.`sivil_personel` (`PersonelID`, `Ad`, `Soyad`) VALUES ('520', 'Bora', 'Kayaalp');
INSERT INTO `proje`.`sivil_personel` (`PersonelID`, `Ad`, `Soyad`) VALUES ('521', 'Zeynep', 'Bozkurt');
INSERT INTO `proje`.`sivil_personel` (`PersonelID`, `Ad`, `Soyad`) VALUES ('522', 'Gökhan', 'Göksu');
INSERT INTO `proje`.`sivil_personel` (`PersonelID`, `Ad`, `Soyad`) VALUES ('523', 'Zeynep', 'Güzel');
INSERT INTO `proje`.`sivil_personel` (`PersonelID`, `Ad`, `Soyad`) VALUES ('524', 'Hayri', 'Yavuz');
INSERT INTO `proje`.`sivil_personel` (`PersonelID`, `Ad`, `Soyad`) VALUES ('525', 'Cansu', 'Özdemir');
INSERT INTO `proje`.`sivil_personel` (`PersonelID`, `Ad`, `Soyad`) VALUES ('526', 'Nazlı', 'Topal');
INSERT INTO `proje`.`sivil_personel` (`PersonelID`, `Ad`, `Soyad`) VALUES ('527', 'Levent', 'Öztürk');
INSERT INTO `proje`.`sivil_personel` (`PersonelID`, `Ad`, `Soyad`) VALUES ('528', 'Emine', 'Demir');
INSERT INTO `proje`.`sivil_personel` (`PersonelID`, `Ad`, `Soyad`) VALUES ('529', 'Selin', 'Gül');
INSERT INTO `proje`.`sivil_personel` (`PersonelID`, `Ad`, `Soyad`) VALUES ('530', 'Tamer', 'Durmuş');
INSERT INTO `proje`.`sivil_personel` (`PersonelID`, `Ad`, `Soyad`) VALUES ('531', 'Salih', 'Koç');
INSERT INTO `proje`.`sivil_personel` (`PersonelID`, `Ad`, `Soyad`) VALUES ('532', 'Nil', 'Şimşek');
INSERT INTO `proje`.`sivil_personel` (`PersonelID`, `Ad`, `Soyad`) VALUES ('533', 'İpek', 'Ekinci');
INSERT INTO `proje`.`sivil_personel` (`PersonelID`, `Ad`, `Soyad`) VALUES ('534', 'Suat', 'Yıldırım');
INSERT INTO `proje`.`sivil_personel` (`PersonelID`, `Ad`, `Soyad`) VALUES ('535', 'Kerem', 'Ağaoğlu');
INSERT INTO `proje`.`sivil_personel` (`PersonelID`, `Ad`, `Soyad`) VALUES ('536', 'Hatice', 'Sarı');
INSERT INTO `proje`.`sivil_personel` (`PersonelID`, `Ad`, `Soyad`) VALUES ('537', 'Fırat', 'Öztürk');
INSERT INTO `proje`.`sivil_personel` (`PersonelID`, `Ad`, `Soyad`) VALUES ('538', 'Neşe', 'Sarı');
INSERT INTO `proje`.`sivil_personel` (`PersonelID`, `Ad`, `Soyad`) VALUES ('539', 'Cansu', 'Sarı');
INSERT INTO `proje`.`sivil_personel` (`PersonelID`, `Ad`, `Soyad`) VALUES ('540', 'İpek', 'Tekin');
INSERT INTO `proje`.`sivil_personel` (`PersonelID`, `Ad`, `Soyad`) VALUES ('541', 'Hayri', 'Karabulut');
INSERT INTO `proje`.`sivil_personel` (`PersonelID`, `Ad`, `Soyad`) VALUES ('542', 'Nur', 'Bilgin');
INSERT INTO `proje`.`sivil_personel` (`PersonelID`, `Ad`, `Soyad`) VALUES ('543', 'Mert', 'Bal');
INSERT INTO `proje`.`sivil_personel` (`PersonelID`, `Ad`, `Soyad`) VALUES ('544', 'Yusuf', 'Bayraktar');
INSERT INTO `proje`.`sivil_personel` (`PersonelID`, `Ad`, `Soyad`) VALUES ('545', 'Serkan', 'Durmuş');
INSERT INTO `proje`.`sivil_personel` (`PersonelID`, `Ad`, `Soyad`) VALUES ('546', 'Fırat', 'Çetin');
INSERT INTO `proje`.`sivil_personel` (`PersonelID`, `Ad`, `Soyad`) VALUES ('547', 'Esra', 'Çalışkan');
INSERT INTO `proje`.`sivil_personel` (`PersonelID`, `Ad`, `Soyad`) VALUES ('548', 'Gülay', 'Erkek');
INSERT INTO `proje`.`sivil_personel` (`PersonelID`, `Ad`, `Soyad`) VALUES ('549', 'Nihat', 'Ergün');
INSERT INTO `proje`.`sivil_personel` (`PersonelID`, `Ad`, `Soyad`) VALUES ('550', 'Gizem', 'Güven');
INSERT INTO `proje`.`sivil_personel` (`PersonelID`, `Ad`, `Soyad`) VALUES ('551', 'Enes', 'Güney');
INSERT INTO `proje`.`sivil_personel` (`PersonelID`, `Ad`, `Soyad`) VALUES ('552', 'Şükran', 'Kılıç');
INSERT INTO `proje`.`sivil_personel` (`PersonelID`, `Ad`, `Soyad`) VALUES ('553', 'Sinem', 'Çevik');
INSERT INTO `proje`.`sivil_personel` (`PersonelID`, `Ad`, `Soyad`) VALUES ('554', 'Hande', 'Arslan');
INSERT INTO `proje`.`sivil_personel` (`PersonelID`, `Ad`, `Soyad`) VALUES ('555', 'Suat', 'Güven');
INSERT INTO `proje`.`sivil_personel` (`PersonelID`, `Ad`, `Soyad`) VALUES ('556', 'Enes', 'Karabulut');
INSERT INTO `proje`.`sivil_personel` (`PersonelID`, `Ad`, `Soyad`) VALUES ('557', 'Gülay', 'Karahan');
INSERT INTO `proje`.`sivil_personel` (`PersonelID`, `Ad`, `Soyad`) VALUES ('558', 'Sami', 'Uçar');
INSERT INTO `proje`.`sivil_personel` (`PersonelID`, `Ad`, `Soyad`) VALUES ('559', 'Nur', 'Ergün');
INSERT INTO `proje`.`sivil_personel` (`PersonelID`, `Ad`, `Soyad`) VALUES ('560', 'Şeyma', 'Ergün');
INSERT INTO `proje`.`sivil_personel` (`PersonelID`, `Ad`, `Soyad`) VALUES ('561', 'Serkan', 'Tekin');
INSERT INTO `proje`.`sivil_personel` (`PersonelID`, `Ad`, `Soyad`) VALUES ('562', 'Bora', 'Polat');
INSERT INTO `proje`.`sivil_personel` (`PersonelID`, `Ad`, `Soyad`) VALUES ('563', 'Merve', 'Bal');
INSERT INTO `proje`.`sivil_personel` (`PersonelID`, `Ad`, `Soyad`) VALUES ('564', 'Neşe', 'Ergin');
INSERT INTO `proje`.`sivil_personel` (`PersonelID`, `Ad`, `Soyad`) VALUES ('565', 'Nihat', 'Karaca');
INSERT INTO `proje`.`sivil_personel` (`PersonelID`, `Ad`, `Soyad`) VALUES ('566', 'Duygu', 'Sağlam');
INSERT INTO `proje`.`sivil_personel` (`PersonelID`, `Ad`, `Soyad`) VALUES ('567', 'Ahmet', 'Yaman');
INSERT INTO `proje`.`sivil_personel` (`PersonelID`, `Ad`, `Soyad`) VALUES ('568', 'Sena', 'Aslan');
INSERT INTO `proje`.`sivil_personel` (`PersonelID`, `Ad`, `Soyad`) VALUES ('569', 'Zeynep', 'Yıldırım');
INSERT INTO `proje`.`sivil_personel` (`PersonelID`, `Ad`, `Soyad`) VALUES ('570', 'Nihat', 'Duman');
INSERT INTO `proje`.`sivil_personel` (`PersonelID`, `Ad`, `Soyad`) VALUES ('571', 'Eren', 'Ateş');
INSERT INTO `proje`.`sivil_personel` (`PersonelID`, `Ad`, `Soyad`) VALUES ('572', 'Gülay', 'Kılıç');
INSERT INTO `proje`.`sivil_personel` (`PersonelID`, `Ad`, `Soyad`) VALUES ('573', 'Gökçe', 'Bayraktar');
INSERT INTO `proje`.`sivil_personel` (`PersonelID`, `Ad`, `Soyad`) VALUES ('574', 'Büşra', 'Elmas');
INSERT INTO `proje`.`sivil_personel` (`PersonelID`, `Ad`, `Soyad`) VALUES ('575', 'Elif', 'Ateş');
INSERT INTO `proje`.`sivil_personel` (`PersonelID`, `Ad`, `Soyad`) VALUES ('576', 'Ali', 'Çakmak');
INSERT INTO `proje`.`sivil_personel` (`PersonelID`, `Ad`, `Soyad`) VALUES ('577', 'Özlem', 'Çalışkan');
INSERT INTO `proje`.`sivil_personel` (`PersonelID`, `Ad`, `Soyad`) VALUES ('578', 'Arda', 'Güzel');
INSERT INTO `proje`.`sivil_personel` (`PersonelID`, `Ad`, `Soyad`) VALUES ('579', 'Şükran', 'Korkmaz');
INSERT INTO `proje`.`sivil_personel` (`PersonelID`, `Ad`, `Soyad`) VALUES ('580', 'Mustafa', 'Korkmaz');
INSERT INTO `proje`.`sivil_personel` (`PersonelID`, `Ad`, `Soyad`) VALUES ('581', 'Kerem', 'Sağlam');
INSERT INTO `proje`.`sivil_personel` (`PersonelID`, `Ad`, `Soyad`) VALUES ('582', 'Fatma', 'Ak');
INSERT INTO `proje`.`sivil_personel` (`PersonelID`, `Ad`, `Soyad`) VALUES ('583', 'Neşe', 'Kılıçarslan');
INSERT INTO `proje`.`sivil_personel` (`PersonelID`, `Ad`, `Soyad`) VALUES ('584', 'Ahmet', 'Korkut');
INSERT INTO `proje`.`sivil_personel` (`PersonelID`, `Ad`, `Soyad`) VALUES ('585', 'Merve', 'Yıldız');
INSERT INTO `proje`.`sivil_personel` (`PersonelID`, `Ad`, `Soyad`) VALUES ('586', 'Volkan', 'Yavuz');
INSERT INTO `proje`.`sivil_personel` (`PersonelID`, `Ad`, `Soyad`) VALUES ('587', 'Cem', 'Ak');
INSERT INTO `proje`.`sivil_personel` (`PersonelID`, `Ad`, `Soyad`) VALUES ('588', 'Yusuf', 'Yaman');
INSERT INTO `proje`.`sivil_personel` (`PersonelID`, `Ad`, `Soyad`) VALUES ('589', 'Sevda', 'Kaya');
INSERT INTO `proje`.`sivil_personel` (`PersonelID`, `Ad`, `Soyad`) VALUES ('590', 'Nihal', 'Er');
INSERT INTO `proje`.`sivil_personel` (`PersonelID`, `Ad`, `Soyad`) VALUES ('591', 'Bora', 'Durmuş');
INSERT INTO `proje`.`sivil_personel` (`PersonelID`, `Ad`, `Soyad`) VALUES ('592', 'Emre', 'Şimşek');
INSERT INTO `proje`.`sivil_personel` (`PersonelID`, `Ad`, `Soyad`) VALUES ('593', 'Cem', 'Erdem');
INSERT INTO `proje`.`sivil_personel` (`PersonelID`, `Ad`, `Soyad`) VALUES ('594', 'Melike', 'Durmuş');
INSERT INTO `proje`.`sivil_personel` (`PersonelID`, `Ad`, `Soyad`) VALUES ('595', 'Melih', 'Özen');
INSERT INTO `proje`.`sivil_personel` (`PersonelID`, `Ad`, `Soyad`) VALUES ('596', 'Elif', 'Türkmen');
INSERT INTO `proje`.`sivil_personel` (`PersonelID`, `Ad`, `Soyad`) VALUES ('597', 'Volkan', 'Pek');
INSERT INTO `proje`.`sivil_personel` (`PersonelID`, `Ad`, `Soyad`) VALUES ('598', 'Rabia', 'Kaya');
INSERT INTO `proje`.`sivil_personel` (`PersonelID`, `Ad`, `Soyad`) VALUES ('599', 'Ahmet', 'Gündüz');
INSERT INTO `proje`.`sivil_personel` (`PersonelID`, `Ad`, `Soyad`) VALUES ('600', 'Ali', 'Kaplan');
INSERT INTO `proje`.`sivil_personel` (`PersonelID`, `Ad`, `Soyad`) VALUES ('601', 'Rabia', 'Çalışkan');
INSERT INTO `proje`.`sivil_personel` (`PersonelID`, `Ad`, `Soyad`) VALUES ('602', 'Hande', 'Tekin');
INSERT INTO `proje`.`sivil_personel` (`PersonelID`, `Ad`, `Soyad`) VALUES ('603', 'Şükran', 'Güzel');
INSERT INTO `proje`.`sivil_personel` (`PersonelID`, `Ad`, `Soyad`) VALUES ('604', 'Melike', 'Çelik');
INSERT INTO `proje`.`sivil_personel` (`PersonelID`, `Ad`, `Soyad`) VALUES ('605', 'Kadir', 'Bayraktar');
INSERT INTO `proje`.`sivil_personel` (`PersonelID`, `Ad`, `Soyad`) VALUES ('606', 'Can', 'Ekinci');
INSERT INTO `proje`.`sivil_personel` (`PersonelID`, `Ad`, `Soyad`) VALUES ('607', 'Rabia', 'Akyüz');
INSERT INTO `proje`.`sivil_personel` (`PersonelID`, `Ad`, `Soyad`) VALUES ('608', 'Salih', 'Bayraktar');
INSERT INTO `proje`.`sivil_personel` (`PersonelID`, `Ad`, `Soyad`) VALUES ('609', 'Bora', 'Özen');
INSERT INTO `proje`.`sivil_personel` (`PersonelID`, `Ad`, `Soyad`) VALUES ('610', 'Fırat', 'Ergin');
INSERT INTO `proje`.`sivil_personel` (`PersonelID`, `Ad`, `Soyad`) VALUES ('611', 'Nazlı', 'Kurt');
INSERT INTO `proje`.`sivil_personel` (`PersonelID`, `Ad`, `Soyad`) VALUES ('612', 'Kadir', 'Tekin');
INSERT INTO `proje`.`sivil_personel` (`PersonelID`, `Ad`, `Soyad`) VALUES ('613', 'Gökçe', 'Polat');
INSERT INTO `proje`.`sivil_personel` (`PersonelID`, `Ad`, `Soyad`) VALUES ('614', 'Fatma', 'Güney');
INSERT INTO `proje`.`sivil_personel` (`PersonelID`, `Ad`, `Soyad`) VALUES ('615', 'Berat', 'Güven');
INSERT INTO `proje`.`sivil_personel` (`PersonelID`, `Ad`, `Soyad`) VALUES ('616', 'Kerem', 'Uçar');
INSERT INTO `proje`.`sivil_personel` (`PersonelID`, `Ad`, `Soyad`) VALUES ('617', 'Nihal', 'Kaptan');
INSERT INTO `proje`.`sivil_personel` (`PersonelID`, `Ad`, `Soyad`) VALUES ('618', 'Yasin', 'Arslan');
INSERT INTO `proje`.`sivil_personel` (`PersonelID`, `Ad`, `Soyad`) VALUES ('619', 'Pelin', 'Uçar');
INSERT INTO `proje`.`sivil_personel` (`PersonelID`, `Ad`, `Soyad`) VALUES ('620', 'Osman', 'Topal');
INSERT INTO `proje`.`sivil_personel` (`PersonelID`, `Ad`, `Soyad`) VALUES ('621', 'Koray', 'Aydın');
INSERT INTO `proje`.`sivil_personel` (`PersonelID`, `Ad`, `Soyad`) VALUES ('622', 'Furkan', 'Karaca');
INSERT INTO `proje`.`sivil_personel` (`PersonelID`, `Ad`, `Soyad`) VALUES ('623', 'Sibel', 'Kurt');
INSERT INTO `proje`.`sivil_personel` (`PersonelID`, `Ad`, `Soyad`) VALUES ('624', 'Melis', 'Çakmak');
INSERT INTO `proje`.`sivil_personel` (`PersonelID`, `Ad`, `Soyad`) VALUES ('625', 'Hasan', 'Özdemir');
INSERT INTO `proje`.`sivil_personel` (`PersonelID`, `Ad`, `Soyad`) VALUES ('626', 'Ezgi', 'Ergin');
INSERT INTO `proje`.`sivil_personel` (`PersonelID`, `Ad`, `Soyad`) VALUES ('627', 'İbrahim', 'Güven');
INSERT INTO `proje`.`sivil_personel` (`PersonelID`, `Ad`, `Soyad`) VALUES ('628', 'Berat', 'Ergin');
INSERT INTO `proje`.`sivil_personel` (`PersonelID`, `Ad`, `Soyad`) VALUES ('629', 'Gül', 'Kaya');
INSERT INTO `proje`.`sivil_personel` (`PersonelID`, `Ad`, `Soyad`) VALUES ('630', 'Can', 'Kayaalp');
INSERT INTO `proje`.`sivil_personel` (`PersonelID`, `Ad`, `Soyad`) VALUES ('631', 'Melike', 'Çakır');
INSERT INTO `proje`.`sivil_personel` (`PersonelID`, `Ad`, `Soyad`) VALUES ('632', 'Yasin', 'Türkmen');
INSERT INTO `proje`.`sivil_personel` (`PersonelID`, `Ad`, `Soyad`) VALUES ('633', 'Osman', 'Çakmak');
INSERT INTO `proje`.`sivil_personel` (`PersonelID`, `Ad`, `Soyad`) VALUES ('634', 'Kemal', 'Bayraktar');
INSERT INTO `proje`.`sivil_personel` (`PersonelID`, `Ad`, `Soyad`) VALUES ('635', 'Naz', 'Gündüz');
INSERT INTO `proje`.`sivil_personel` (`PersonelID`, `Ad`, `Soyad`) VALUES ('636', 'Bora', 'Kaptan');
INSERT INTO `proje`.`sivil_personel` (`PersonelID`, `Ad`, `Soyad`) VALUES ('637', 'Orhan', 'Ergün');
INSERT INTO `proje`.`sivil_personel` (`PersonelID`, `Ad`, `Soyad`) VALUES ('638', 'Esra', 'Aksoy');
INSERT INTO `proje`.`sivil_personel` (`PersonelID`, `Ad`, `Soyad`) VALUES ('639', 'Deniz', 'Öztürk');
INSERT INTO `proje`.`sivil_personel` (`PersonelID`, `Ad`, `Soyad`) VALUES ('640', 'Veli', 'Kaptan');
INSERT INTO `proje`.`sivil_personel` (`PersonelID`, `Ad`, `Soyad`) VALUES ('641', 'Selda', 'Doğan');
INSERT INTO `proje`.`sivil_personel` (`PersonelID`, `Ad`, `Soyad`) VALUES ('642', 'Halil', 'Erdem');
INSERT INTO `proje`.`sivil_personel` (`PersonelID`, `Ad`, `Soyad`) VALUES ('643', 'Berk', 'Yaman');
INSERT INTO `proje`.`sivil_personel` (`PersonelID`, `Ad`, `Soyad`) VALUES ('644', 'Burak', 'Ak');
INSERT INTO `proje`.`sivil_personel` (`PersonelID`, `Ad`, `Soyad`) VALUES ('645', 'Serkan', 'Turan');
INSERT INTO `proje`.`sivil_personel` (`PersonelID`, `Ad`, `Soyad`) VALUES ('646', 'Ece', 'Elmas');
INSERT INTO `proje`.`sivil_personel` (`PersonelID`, `Ad`, `Soyad`) VALUES ('647', 'Şükran', 'Keskin');
INSERT INTO `proje`.`sivil_personel` (`PersonelID`, `Ad`, `Soyad`) VALUES ('648', 'Betül', 'Sağlam');
INSERT INTO `proje`.`sivil_personel` (`PersonelID`, `Ad`, `Soyad`) VALUES ('649', 'Berat', 'Akyüz');
INSERT INTO `proje`.`sivil_personel` (`PersonelID`, `Ad`, `Soyad`) VALUES ('650', 'Gül', 'Aydın');
INSERT INTO `proje`.`sivil_personel` (`PersonelID`, `Ad`, `Soyad`) VALUES ('651', 'Ayşe', 'Pek');
INSERT INTO `proje`.`sivil_personel` (`PersonelID`, `Ad`, `Soyad`) VALUES ('652', 'Veli', 'Dinç');
INSERT INTO `proje`.`sivil_personel` (`PersonelID`, `Ad`, `Soyad`) VALUES ('653', 'Emine', 'Dinç');
INSERT INTO `proje`.`sivil_personel` (`PersonelID`, `Ad`, `Soyad`) VALUES ('654', 'Gül', 'Sağlam');
INSERT INTO `proje`.`sivil_personel` (`PersonelID`, `Ad`, `Soyad`) VALUES ('655', 'Melike', 'Öztürk');
INSERT INTO `proje`.`sivil_personel` (`PersonelID`, `Ad`, `Soyad`) VALUES ('656', 'Fatma', 'Çakmak');
INSERT INTO `proje`.`sivil_personel` (`PersonelID`, `Ad`, `Soyad`) VALUES ('657', 'Elif', 'Ateş');
INSERT INTO `proje`.`sivil_personel` (`PersonelID`, `Ad`, `Soyad`) VALUES ('658', 'Gülay', 'Durmaz');
INSERT INTO `proje`.`sivil_personel` (`PersonelID`, `Ad`, `Soyad`) VALUES ('659', 'Berat', 'Çakmak');
INSERT INTO `proje`.`sivil_personel` (`PersonelID`, `Ad`, `Soyad`) VALUES ('660', 'Hande', 'Tekin');
INSERT INTO `proje`.`sivil_personel` (`PersonelID`, `Ad`, `Soyad`) VALUES ('661', 'Bora', 'Karataş');
INSERT INTO `proje`.`sivil_personel` (`PersonelID`, `Ad`, `Soyad`) VALUES ('662', 'Emre', 'Uçar');
INSERT INTO `proje`.`sivil_personel` (`PersonelID`, `Ad`, `Soyad`) VALUES ('663', 'Deniz', 'Ak');
INSERT INTO `proje`.`sivil_personel` (`PersonelID`, `Ad`, `Soyad`) VALUES ('664', 'İbrahim', 'Arslan');
INSERT INTO `proje`.`sivil_personel` (`PersonelID`, `Ad`, `Soyad`) VALUES ('665', 'Halil', 'Acar');
INSERT INTO `proje`.`sivil_personel` (`PersonelID`, `Ad`, `Soyad`) VALUES ('666', 'Mert', 'Bulut');
INSERT INTO `proje`.`sivil_personel` (`PersonelID`, `Ad`, `Soyad`) VALUES ('667', 'Salih', 'Keskin');
INSERT INTO `proje`.`sivil_personel` (`PersonelID`, `Ad`, `Soyad`) VALUES ('668', 'Naz', 'Şen');
INSERT INTO `proje`.`sivil_personel` (`PersonelID`, `Ad`, `Soyad`) VALUES ('669', 'Gülay', 'Aslan');
INSERT INTO `proje`.`sivil_personel` (`PersonelID`, `Ad`, `Soyad`) VALUES ('670', 'Ömer', 'Yavuz');
INSERT INTO `proje`.`sivil_personel` (`PersonelID`, `Ad`, `Soyad`) VALUES ('671', 'Cansu', 'Erdoğan');
INSERT INTO `proje`.`sivil_personel` (`PersonelID`, `Ad`, `Soyad`) VALUES ('672', 'Ebru', 'Ekinci');
INSERT INTO `proje`.`sivil_personel` (`PersonelID`, `Ad`, `Soyad`) VALUES ('673', 'Cem', 'Arslan');
INSERT INTO `proje`.`sivil_personel` (`PersonelID`, `Ad`, `Soyad`) VALUES ('674', 'Deniz', 'Yıldız');
INSERT INTO `proje`.`sivil_personel` (`PersonelID`, `Ad`, `Soyad`) VALUES ('675', 'İsmail', 'Güven');
INSERT INTO `proje`.`sivil_personel` (`PersonelID`, `Ad`, `Soyad`) VALUES ('676', 'Selin', 'Uçar');
INSERT INTO `proje`.`sivil_personel` (`PersonelID`, `Ad`, `Soyad`) VALUES ('677', 'Melis', 'Sağlam');
INSERT INTO `proje`.`sivil_personel` (`PersonelID`, `Ad`, `Soyad`) VALUES ('678', 'Veli', 'Bayram');
INSERT INTO `proje`.`sivil_personel` (`PersonelID`, `Ad`, `Soyad`) VALUES ('679', 'Murat', 'Ergin');
INSERT INTO `proje`.`sivil_personel` (`PersonelID`, `Ad`, `Soyad`) VALUES ('680', 'Melih', 'Yüce');
INSERT INTO `proje`.`sivil_personel` (`PersonelID`, `Ad`, `Soyad`) VALUES ('681', 'Sevil', 'Dinç');
INSERT INTO `proje`.`sivil_personel` (`PersonelID`, `Ad`, `Soyad`) VALUES ('682', 'Nihal', 'Keskin');
INSERT INTO `proje`.`sivil_personel` (`PersonelID`, `Ad`, `Soyad`) VALUES ('683', 'Hasan', 'Koçak');
INSERT INTO `proje`.`sivil_personel` (`PersonelID`, `Ad`, `Soyad`) VALUES ('684', 'Sena', 'Pek');
INSERT INTO `proje`.`sivil_personel` (`PersonelID`, `Ad`, `Soyad`) VALUES ('685', 'Berk', 'Polat');
INSERT INTO `proje`.`sivil_personel` (`PersonelID`, `Ad`, `Soyad`) VALUES ('686', 'Yasin', 'Korkmaz');
INSERT INTO `proje`.`sivil_personel` (`PersonelID`, `Ad`, `Soyad`) VALUES ('687', 'Sibel', 'Kaplan');
INSERT INTO `proje`.`sivil_personel` (`PersonelID`, `Ad`, `Soyad`) VALUES ('688', 'Okan', 'Polat');
INSERT INTO `proje`.`sivil_personel` (`PersonelID`, `Ad`, `Soyad`) VALUES ('689', 'Kerem', 'Keskin');
INSERT INTO `proje`.`sivil_personel` (`PersonelID`, `Ad`, `Soyad`) VALUES ('690', 'Tamer', 'Karataş');
INSERT INTO `proje`.`sivil_personel` (`PersonelID`, `Ad`, `Soyad`) VALUES ('691', 'Melike', 'Gündüz');
INSERT INTO `proje`.`sivil_personel` (`PersonelID`, `Ad`, `Soyad`) VALUES ('692', 'Nazlı', 'Kayaalp');
INSERT INTO `proje`.`sivil_personel` (`PersonelID`, `Ad`, `Soyad`) VALUES ('693', 'Ayşe', 'Çakmak');
INSERT INTO `proje`.`sivil_personel` (`PersonelID`, `Ad`, `Soyad`) VALUES ('694', 'Ezgi', 'Kılıçarslan');
INSERT INTO `proje`.`sivil_personel` (`PersonelID`, `Ad`, `Soyad`) VALUES ('695', 'Volkan', 'Aksoy');
INSERT INTO `proje`.`sivil_personel` (`PersonelID`, `Ad`, `Soyad`) VALUES ('696', 'Hande', 'Tekin');
INSERT INTO `proje`.`sivil_personel` (`PersonelID`, `Ad`, `Soyad`) VALUES ('697', 'Okan', 'Ergün');
INSERT INTO `proje`.`sivil_personel` (`PersonelID`, `Ad`, `Soyad`) VALUES ('698', 'Serap', 'Kaya');
INSERT INTO `proje`.`sivil_personel` (`PersonelID`, `Ad`, `Soyad`) VALUES ('699', 'Volkan', 'Turan');
INSERT INTO `proje`.`sivil_personel` (`PersonelID`, `Ad`, `Soyad`) VALUES ('700', 'Kemal', 'Yüce');
INSERT INTO `proje`.`sivil_personel` (`PersonelID`, `Ad`, `Soyad`) VALUES ('701', 'Enes', 'Erkek');
INSERT INTO `proje`.`sivil_personel` (`PersonelID`, `Ad`, `Soyad`) VALUES ('702', 'Sinem', 'Doğru');
INSERT INTO `proje`.`sivil_personel` (`PersonelID`, `Ad`, `Soyad`) VALUES ('703', 'Ayşe', 'Çelik');
INSERT INTO `proje`.`sivil_personel` (`PersonelID`, `Ad`, `Soyad`) VALUES ('704', 'Furkan', 'Güzel');
INSERT INTO `proje`.`sivil_personel` (`PersonelID`, `Ad`, `Soyad`) VALUES ('705', 'Ömer', 'Ağaoğlu');
INSERT INTO `proje`.`sivil_personel` (`PersonelID`, `Ad`, `Soyad`) VALUES ('706', 'Hande', 'Akyüz');
INSERT INTO `proje`.`sivil_personel` (`PersonelID`, `Ad`, `Soyad`) VALUES ('707', 'Tamer', 'Gündüz');
INSERT INTO `proje`.`sivil_personel` (`PersonelID`, `Ad`, `Soyad`) VALUES ('708', 'Gülay', 'Güney');
INSERT INTO `proje`.`sivil_personel` (`PersonelID`, `Ad`, `Soyad`) VALUES ('709', 'Özlem', 'Uçar');
INSERT INTO `proje`.`sivil_personel` (`PersonelID`, `Ad`, `Soyad`) VALUES ('710', 'Şeyma', 'Karahan');
INSERT INTO `proje`.`sivil_personel` (`PersonelID`, `Ad`, `Soyad`) VALUES ('711', 'Hilal', 'Arslan');
INSERT INTO `proje`.`sivil_personel` (`PersonelID`, `Ad`, `Soyad`) VALUES ('712', 'Yusuf', 'Bal');
INSERT INTO `proje`.`sivil_personel` (`PersonelID`, `Ad`, `Soyad`) VALUES ('713', 'Gül', 'Yılmaz');
INSERT INTO `proje`.`sivil_personel` (`PersonelID`, `Ad`, `Soyad`) VALUES ('714', 'Mustafa', 'Kaya');
INSERT INTO `proje`.`sivil_personel` (`PersonelID`, `Ad`, `Soyad`) VALUES ('715', 'Sinem', 'İlhan');
INSERT INTO `proje`.`sivil_personel` (`PersonelID`, `Ad`, `Soyad`) VALUES ('716', 'Berk', 'Kaya');
INSERT INTO `proje`.`sivil_personel` (`PersonelID`, `Ad`, `Soyad`) VALUES ('717', 'Kemal', 'Gökmen');
INSERT INTO `proje`.`sivil_personel` (`PersonelID`, `Ad`, `Soyad`) VALUES ('718', 'Orhan', 'Erdem');
INSERT INTO `proje`.`sivil_personel` (`PersonelID`, `Ad`, `Soyad`) VALUES ('719', 'Melike', 'Kılıçarslan');
INSERT INTO `proje`.`sivil_personel` (`PersonelID`, `Ad`, `Soyad`) VALUES ('720', 'Ebru', 'Bayram');
INSERT INTO `proje`.`sivil_personel` (`PersonelID`, `Ad`, `Soyad`) VALUES ('721', 'Naz', 'Durmuş');
INSERT INTO `proje`.`sivil_personel` (`PersonelID`, `Ad`, `Soyad`) VALUES ('722', 'Burak', 'Doğan');
INSERT INTO `proje`.`sivil_personel` (`PersonelID`, `Ad`, `Soyad`) VALUES ('723', 'Mustafa', 'Karataş');
INSERT INTO `proje`.`sivil_personel` (`PersonelID`, `Ad`, `Soyad`) VALUES ('724', 'Şeyma', 'Uçar');
INSERT INTO `proje`.`sivil_personel` (`PersonelID`, `Ad`, `Soyad`) VALUES ('725', 'Gülay', 'Şahin');
INSERT INTO `proje`.`sivil_personel` (`PersonelID`, `Ad`, `Soyad`) VALUES ('726', 'Nazlı', 'Tunç');
INSERT INTO `proje`.`sivil_personel` (`PersonelID`, `Ad`, `Soyad`) VALUES ('727', 'Naz', 'Kılıç');
INSERT INTO `proje`.`sivil_personel` (`PersonelID`, `Ad`, `Soyad`) VALUES ('728', 'Elif', 'Erdem');
INSERT INTO `proje`.`sivil_personel` (`PersonelID`, `Ad`, `Soyad`) VALUES ('729', 'Ezgi', 'Türkmen');
INSERT INTO `proje`.`sivil_personel` (`PersonelID`, `Ad`, `Soyad`) VALUES ('730', 'Rabia', 'Aslan');
INSERT INTO `proje`.`sivil_personel` (`PersonelID`, `Ad`, `Soyad`) VALUES ('731', 'Berat', 'Kaptan');
INSERT INTO `proje`.`sivil_personel` (`PersonelID`, `Ad`, `Soyad`) VALUES ('732', 'Nur', 'Çetin');
INSERT INTO `proje`.`sivil_personel` (`PersonelID`, `Ad`, `Soyad`) VALUES ('733', 'Yasin', 'Acar');
INSERT INTO `proje`.`sivil_personel` (`PersonelID`, `Ad`, `Soyad`) VALUES ('734', 'Şükran', 'Çelik');
INSERT INTO `proje`.`sivil_personel` (`PersonelID`, `Ad`, `Soyad`) VALUES ('735', 'Orhan', 'Arslan');
INSERT INTO `proje`.`sivil_personel` (`PersonelID`, `Ad`, `Soyad`) VALUES ('736', 'Selin', 'Öztürk');
INSERT INTO `proje`.`sivil_personel` (`PersonelID`, `Ad`, `Soyad`) VALUES ('737', 'Melih', 'Yücel');
INSERT INTO `proje`.`sivil_personel` (`PersonelID`, `Ad`, `Soyad`) VALUES ('738', 'Berk', 'Ergin');
INSERT INTO `proje`.`sivil_personel` (`PersonelID`, `Ad`, `Soyad`) VALUES ('739', 'Ferhat', 'Yücel');
INSERT INTO `proje`.`sivil_personel` (`PersonelID`, `Ad`, `Soyad`) VALUES ('740', 'Murat', 'Gündüz');
INSERT INTO `proje`.`sivil_personel` (`PersonelID`, `Ad`, `Soyad`) VALUES ('741', 'Bahar', 'Göksu');
INSERT INTO `proje`.`sivil_personel` (`PersonelID`, `Ad`, `Soyad`) VALUES ('742', 'Koray', 'Kayaalp');
INSERT INTO `proje`.`sivil_personel` (`PersonelID`, `Ad`, `Soyad`) VALUES ('743', 'Esra', 'İlhan');
INSERT INTO `proje`.`sivil_personel` (`PersonelID`, `Ad`, `Soyad`) VALUES ('744', 'Emine', 'Çınar');
INSERT INTO `proje`.`sivil_personel` (`PersonelID`, `Ad`, `Soyad`) VALUES ('745', 'Ömer', 'Bozkurt');
INSERT INTO `proje`.`sivil_personel` (`PersonelID`, `Ad`, `Soyad`) VALUES ('746', 'Cansu', 'Duman');
INSERT INTO `proje`.`sivil_personel` (`PersonelID`, `Ad`, `Soyad`) VALUES ('747', 'Duygu', 'Arslan');
INSERT INTO `proje`.`sivil_personel` (`PersonelID`, `Ad`, `Soyad`) VALUES ('748', 'Nazlı', 'Uludağ');
INSERT INTO `proje`.`sivil_personel` (`PersonelID`, `Ad`, `Soyad`) VALUES ('749', 'Arda', 'Keskin');
INSERT INTO `proje`.`sivil_personel` (`PersonelID`, `Ad`, `Soyad`) VALUES ('750', 'İsmail', 'Kayaalp');
INSERT INTO `proje`.`sivil_personel` (`PersonelID`, `Ad`, `Soyad`) VALUES ('751', 'Tamer', 'Güzel');
INSERT INTO `proje`.`sivil_personel` (`PersonelID`, `Ad`, `Soyad`) VALUES ('752', 'Okan', 'Sönmez');
INSERT INTO `proje`.`sivil_personel` (`PersonelID`, `Ad`, `Soyad`) VALUES ('753', 'Emine', 'Kaptan');
INSERT INTO `proje`.`sivil_personel` (`PersonelID`, `Ad`, `Soyad`) VALUES ('754', 'Gizem', 'Keskin');
INSERT INTO `proje`.`sivil_personel` (`PersonelID`, `Ad`, `Soyad`) VALUES ('755', 'Orhan', 'Çınar');
INSERT INTO `proje`.`sivil_personel` (`PersonelID`, `Ad`, `Soyad`) VALUES ('756', 'Ayhan', 'Kara');
INSERT INTO `proje`.`sivil_personel` (`PersonelID`, `Ad`, `Soyad`) VALUES ('757', 'Cansu', 'Yavuz');
INSERT INTO `proje`.`sivil_personel` (`PersonelID`, `Ad`, `Soyad`) VALUES ('758', 'Melis', 'Yıldırım');
INSERT INTO `proje`.`sivil_personel` (`PersonelID`, `Ad`, `Soyad`) VALUES ('759', 'Levent', 'Yıldız');
INSERT INTO `proje`.`sivil_personel` (`PersonelID`, `Ad`, `Soyad`) VALUES ('760', 'Kemal', 'Arslan');
INSERT INTO `proje`.`sivil_personel` (`PersonelID`, `Ad`, `Soyad`) VALUES ('761', 'Ezgi', 'Koç');
INSERT INTO `proje`.`sivil_personel` (`PersonelID`, `Ad`, `Soyad`) VALUES ('762', 'Özgür', 'Yavuz');
INSERT INTO `proje`.`sivil_personel` (`PersonelID`, `Ad`, `Soyad`) VALUES ('763', 'Pelin', 'Tekin');
INSERT INTO `proje`.`sivil_personel` (`PersonelID`, `Ad`, `Soyad`) VALUES ('764', 'Orhan', 'Kaya');
INSERT INTO `proje`.`sivil_personel` (`PersonelID`, `Ad`, `Soyad`) VALUES ('765', 'Arda', 'Erdem');
INSERT INTO `proje`.`sivil_personel` (`PersonelID`, `Ad`, `Soyad`) VALUES ('766', 'Koray', 'Yılmaz');
INSERT INTO `proje`.`sivil_personel` (`PersonelID`, `Ad`, `Soyad`) VALUES ('767', 'Koray', 'Çelik');
INSERT INTO `proje`.`sivil_personel` (`PersonelID`, `Ad`, `Soyad`) VALUES ('768', 'Sevda', 'Kaya');
INSERT INTO `proje`.`sivil_personel` (`PersonelID`, `Ad`, `Soyad`) VALUES ('769', 'Seda', 'Yıldırım');
INSERT INTO `proje`.`sivil_personel` (`PersonelID`, `Ad`, `Soyad`) VALUES ('770', 'Nihat', 'Doğru');
INSERT INTO `proje`.`sivil_personel` (`PersonelID`, `Ad`, `Soyad`) VALUES ('771', 'Ayhan', 'Bayram');
INSERT INTO `proje`.`sivil_personel` (`PersonelID`, `Ad`, `Soyad`) VALUES ('772', 'Bora', 'Ergün');
INSERT INTO `proje`.`sivil_personel` (`PersonelID`, `Ad`, `Soyad`) VALUES ('773', 'Şeyma', 'Güney');
INSERT INTO `proje`.`sivil_personel` (`PersonelID`, `Ad`, `Soyad`) VALUES ('774', 'Merve', 'İlhan');
INSERT INTO `proje`.`sivil_personel` (`PersonelID`, `Ad`, `Soyad`) VALUES ('775', 'Volkan', 'Yavuz');
INSERT INTO `proje`.`sivil_personel` (`PersonelID`, `Ad`, `Soyad`) VALUES ('776', 'Ahmet', 'Güney');
INSERT INTO `proje`.`sivil_personel` (`PersonelID`, `Ad`, `Soyad`) VALUES ('777', 'Hasan', 'Karahan');
INSERT INTO `proje`.`sivil_personel` (`PersonelID`, `Ad`, `Soyad`) VALUES ('778', 'Mert', 'Şen');
INSERT INTO `proje`.`sivil_personel` (`PersonelID`, `Ad`, `Soyad`) VALUES ('779', 'Kerem', 'Keskin');
INSERT INTO `proje`.`sivil_personel` (`PersonelID`, `Ad`, `Soyad`) VALUES ('780', 'Sevil', 'Karabulut');
INSERT INTO `proje`.`sivil_personel` (`PersonelID`, `Ad`, `Soyad`) VALUES ('781', 'Gizem', 'Demir');
INSERT INTO `proje`.`sivil_personel` (`PersonelID`, `Ad`, `Soyad`) VALUES ('782', 'Berat', 'Kılıçarslan');
INSERT INTO `proje`.`sivil_personel` (`PersonelID`, `Ad`, `Soyad`) VALUES ('783', 'Gül', 'Arı');
INSERT INTO `proje`.`sivil_personel` (`PersonelID`, `Ad`, `Soyad`) VALUES ('784', 'Levent', 'Yıldırım');
INSERT INTO `proje`.`sivil_personel` (`PersonelID`, `Ad`, `Soyad`) VALUES ('785', 'Aylin', 'Tekin');
INSERT INTO `proje`.`sivil_personel` (`PersonelID`, `Ad`, `Soyad`) VALUES ('786', 'Melike', 'Keskin');
INSERT INTO `proje`.`sivil_personel` (`PersonelID`, `Ad`, `Soyad`) VALUES ('787', 'Fırat', 'Aslan');
INSERT INTO `proje`.`sivil_personel` (`PersonelID`, `Ad`, `Soyad`) VALUES ('788', 'Zeynep', 'Öztürk');
INSERT INTO `proje`.`sivil_personel` (`PersonelID`, `Ad`, `Soyad`) VALUES ('789', 'Gökhan', 'Ateş');
INSERT INTO `proje`.`sivil_personel` (`PersonelID`, `Ad`, `Soyad`) VALUES ('790', 'Melih', 'Aksoy');
INSERT INTO `proje`.`sivil_personel` (`PersonelID`, `Ad`, `Soyad`) VALUES ('791', 'Bora', 'Karabulut');
INSERT INTO `proje`.`sivil_personel` (`PersonelID`, `Ad`, `Soyad`) VALUES ('792', 'Enes', 'Kılıç');
INSERT INTO `proje`.`sivil_personel` (`PersonelID`, `Ad`, `Soyad`) VALUES ('793', 'Ferhat', 'Ak');
INSERT INTO `proje`.`sivil_personel` (`PersonelID`, `Ad`, `Soyad`) VALUES ('794', 'Büşra', 'Güven');
INSERT INTO `proje`.`sivil_personel` (`PersonelID`, `Ad`, `Soyad`) VALUES ('795', 'Yasin', 'Çalışkan');
INSERT INTO `proje`.`sivil_personel` (`PersonelID`, `Ad`, `Soyad`) VALUES ('796', 'Gül', 'Ergün');
INSERT INTO `proje`.`sivil_personel` (`PersonelID`, `Ad`, `Soyad`) VALUES ('797', 'Nur', 'Ateş');
INSERT INTO `proje`.`sivil_personel` (`PersonelID`, `Ad`, `Soyad`) VALUES ('798', 'Cansu', 'Akyüz');
INSERT INTO `proje`.`sivil_personel` (`PersonelID`, `Ad`, `Soyad`) VALUES ('799', 'Fatma', 'Ergün');
INSERT INTO `proje`.`sivil_personel` (`PersonelID`, `Ad`, `Soyad`) VALUES ('800', 'Şeyma', 'Güler');
INSERT INTO `proje`.`sivil_personel` (`PersonelID`, `Ad`, `Soyad`) VALUES ('801', 'Gül', 'Koçak');
INSERT INTO `proje`.`sivil_personel` (`PersonelID`, `Ad`, `Soyad`) VALUES ('802', 'Selda', 'Özen');
INSERT INTO `proje`.`sivil_personel` (`PersonelID`, `Ad`, `Soyad`) VALUES ('803', 'Gizem', 'Güler');
INSERT INTO `proje`.`sivil_personel` (`PersonelID`, `Ad`, `Soyad`) VALUES ('804', 'Salih', 'Gül');
INSERT INTO `proje`.`sivil_personel` (`PersonelID`, `Ad`, `Soyad`) VALUES ('805', 'Mert', 'Bayraktar');
INSERT INTO `proje`.`sivil_personel` (`PersonelID`, `Ad`, `Soyad`) VALUES ('806', 'Sibel', 'Özkan');
INSERT INTO `proje`.`sivil_personel` (`PersonelID`, `Ad`, `Soyad`) VALUES ('807', 'Orhan', 'Karaca');
INSERT INTO `proje`.`sivil_personel` (`PersonelID`, `Ad`, `Soyad`) VALUES ('808', 'Emine', 'Duman');
INSERT INTO `proje`.`sivil_personel` (`PersonelID`, `Ad`, `Soyad`) VALUES ('809', 'Naz', 'Yüce');
INSERT INTO `proje`.`sivil_personel` (`PersonelID`, `Ad`, `Soyad`) VALUES ('810', 'Hüseyin', 'Duman');
INSERT INTO `proje`.`sivil_personel` (`PersonelID`, `Ad`, `Soyad`) VALUES ('811', 'Burak', 'Aydın');
INSERT INTO `proje`.`sivil_personel` (`PersonelID`, `Ad`, `Soyad`) VALUES ('812', 'Duygu', 'Korkmaz');
INSERT INTO `proje`.`sivil_personel` (`PersonelID`, `Ad`, `Soyad`) VALUES ('813', 'Gizem', 'Arı');
INSERT INTO `proje`.`sivil_personel` (`PersonelID`, `Ad`, `Soyad`) VALUES ('814', 'İsmail', 'Kaya');
INSERT INTO `proje`.`sivil_personel` (`PersonelID`, `Ad`, `Soyad`) VALUES ('815', 'Murat', 'Kaya');
INSERT INTO `proje`.`sivil_personel` (`PersonelID`, `Ad`, `Soyad`) VALUES ('816', 'Özgür', 'Kaplan');
INSERT INTO `proje`.`sivil_personel` (`PersonelID`, `Ad`, `Soyad`) VALUES ('817', 'Okan', 'Koç');
INSERT INTO `proje`.`sivil_personel` (`PersonelID`, `Ad`, `Soyad`) VALUES ('818', 'Enes', 'Bulut');
INSERT INTO `proje`.`sivil_personel` (`PersonelID`, `Ad`, `Soyad`) VALUES ('819', 'Murat', 'Çelik');
INSERT INTO `proje`.`sivil_personel` (`PersonelID`, `Ad`, `Soyad`) VALUES ('820', 'Serap', 'Korkmaz');
INSERT INTO `proje`.`sivil_personel` (`PersonelID`, `Ad`, `Soyad`) VALUES ('821', 'Nihal', 'Kaya');
INSERT INTO `proje`.`sivil_personel` (`PersonelID`, `Ad`, `Soyad`) VALUES ('822', 'Burak', 'Ulusoy');
INSERT INTO `proje`.`sivil_personel` (`PersonelID`, `Ad`, `Soyad`) VALUES ('823', 'Melis', 'Ak');
INSERT INTO `proje`.`sivil_personel` (`PersonelID`, `Ad`, `Soyad`) VALUES ('824', 'Bahar', 'Kılıçarslan');
INSERT INTO `proje`.`sivil_personel` (`PersonelID`, `Ad`, `Soyad`) VALUES ('825', 'Büşra', 'Güler');
INSERT INTO `proje`.`sivil_personel` (`PersonelID`, `Ad`, `Soyad`) VALUES ('826', 'Tamer', 'Sağlam');
INSERT INTO `proje`.`sivil_personel` (`PersonelID`, `Ad`, `Soyad`) VALUES ('827', 'Ahmet', 'Ergin');
INSERT INTO `proje`.`sivil_personel` (`PersonelID`, `Ad`, `Soyad`) VALUES ('828', 'Eren', 'Kaya');
INSERT INTO `proje`.`sivil_personel` (`PersonelID`, `Ad`, `Soyad`) VALUES ('829', 'Eren', 'Kılıç');
INSERT INTO `proje`.`sivil_personel` (`PersonelID`, `Ad`, `Soyad`) VALUES ('830', 'Burak', 'Duman');
INSERT INTO `proje`.`sivil_personel` (`PersonelID`, `Ad`, `Soyad`) VALUES ('831', 'Şükran', 'Güzel');
INSERT INTO `proje`.`sivil_personel` (`PersonelID`, `Ad`, `Soyad`) VALUES ('832', 'Betül', 'Karahan');
INSERT INTO `proje`.`sivil_personel` (`PersonelID`, `Ad`, `Soyad`) VALUES ('833', 'Harun', 'Uçar');
INSERT INTO `proje`.`sivil_personel` (`PersonelID`, `Ad`, `Soyad`) VALUES ('834', 'Sami', 'Ergün');
INSERT INTO `proje`.`sivil_personel` (`PersonelID`, `Ad`, `Soyad`) VALUES ('835', 'Sevda', 'Acar');
INSERT INTO `proje`.`sivil_personel` (`PersonelID`, `Ad`, `Soyad`) VALUES ('836', 'Gökçe', 'Yıldırım');
INSERT INTO `proje`.`sivil_personel` (`PersonelID`, `Ad`, `Soyad`) VALUES ('837', 'Melike', 'Ekinci');
INSERT INTO `proje`.`sivil_personel` (`PersonelID`, `Ad`, `Soyad`) VALUES ('838', 'Nil', 'Dinç');
INSERT INTO `proje`.`sivil_personel` (`PersonelID`, `Ad`, `Soyad`) VALUES ('839', 'Melih', 'Şahin');
INSERT INTO `proje`.`sivil_personel` (`PersonelID`, `Ad`, `Soyad`) VALUES ('840', 'Sevil', 'Bayraktar');
INSERT INTO `proje`.`sivil_personel` (`PersonelID`, `Ad`, `Soyad`) VALUES ('841', 'Serap', 'Sağlam');
INSERT INTO `proje`.`sivil_personel` (`PersonelID`, `Ad`, `Soyad`) VALUES ('842', 'Naz', 'Ulusoy');
INSERT INTO `proje`.`sivil_personel` (`PersonelID`, `Ad`, `Soyad`) VALUES ('843', 'İsmail', 'Polat');
INSERT INTO `proje`.`sivil_personel` (`PersonelID`, `Ad`, `Soyad`) VALUES ('844', 'Selin', 'Polat');
INSERT INTO `proje`.`sivil_personel` (`PersonelID`, `Ad`, `Soyad`) VALUES ('845', 'Tuba', 'Yıldırım');
INSERT INTO `proje`.`sivil_personel` (`PersonelID`, `Ad`, `Soyad`) VALUES ('846', 'Ece', 'Güney');
INSERT INTO `proje`.`sivil_personel` (`PersonelID`, `Ad`, `Soyad`) VALUES ('847', 'Mert', 'Gül');
INSERT INTO `proje`.`sivil_personel` (`PersonelID`, `Ad`, `Soyad`) VALUES ('848', 'Nur', 'Karahan');
INSERT INTO `proje`.`sivil_personel` (`PersonelID`, `Ad`, `Soyad`) VALUES ('849', 'Deniz', 'Türkmen');
INSERT INTO `proje`.`sivil_personel` (`PersonelID`, `Ad`, `Soyad`) VALUES ('850', 'Furkan', 'Karataş');
INSERT INTO `proje`.`sivil_personel` (`PersonelID`, `Ad`, `Soyad`) VALUES ('851', 'Serkan', 'Yıldırım');
INSERT INTO `proje`.`sivil_personel` (`PersonelID`, `Ad`, `Soyad`) VALUES ('852', 'Hayri', 'Türkmen');
INSERT INTO `proje`.`sivil_personel` (`PersonelID`, `Ad`, `Soyad`) VALUES ('853', 'Ayhan', 'Özen');
INSERT INTO `proje`.`sivil_personel` (`PersonelID`, `Ad`, `Soyad`) VALUES ('854', 'Melih', 'Çakmak');
INSERT INTO `proje`.`sivil_personel` (`PersonelID`, `Ad`, `Soyad`) VALUES ('855', 'Ömer', 'Karaca');
INSERT INTO `proje`.`sivil_personel` (`PersonelID`, `Ad`, `Soyad`) VALUES ('856', 'Sinem', 'Çakır');
INSERT INTO `proje`.`sivil_personel` (`PersonelID`, `Ad`, `Soyad`) VALUES ('857', 'Elif', 'Kayaalp');
INSERT INTO `proje`.`sivil_personel` (`PersonelID`, `Ad`, `Soyad`) VALUES ('858', 'Enes', 'Uçar');
INSERT INTO `proje`.`sivil_personel` (`PersonelID`, `Ad`, `Soyad`) VALUES ('859', 'Bahar', 'Güney');
INSERT INTO `proje`.`sivil_personel` (`PersonelID`, `Ad`, `Soyad`) VALUES ('860', 'Gökçe', 'Karabulut');
INSERT INTO `proje`.`sivil_personel` (`PersonelID`, `Ad`, `Soyad`) VALUES ('861', 'Gizem', 'Uludağ');
INSERT INTO `proje`.`sivil_personel` (`PersonelID`, `Ad`, `Soyad`) VALUES ('862', 'Gizem', 'Erdem');
INSERT INTO `proje`.`sivil_personel` (`PersonelID`, `Ad`, `Soyad`) VALUES ('863', 'Hayri', 'Bulut');
INSERT INTO `proje`.`sivil_personel` (`PersonelID`, `Ad`, `Soyad`) VALUES ('864', 'Sena', 'Çınar');
INSERT INTO `proje`.`sivil_personel` (`PersonelID`, `Ad`, `Soyad`) VALUES ('865', 'Ömer', 'Çakmak');
INSERT INTO `proje`.`sivil_personel` (`PersonelID`, `Ad`, `Soyad`) VALUES ('866', 'Zeynep', 'Özkan');
INSERT INTO `proje`.`sivil_personel` (`PersonelID`, `Ad`, `Soyad`) VALUES ('867', 'Mustafa', 'Gül');
INSERT INTO `proje`.`sivil_personel` (`PersonelID`, `Ad`, `Soyad`) VALUES ('868', 'Betül', 'Özkan');
INSERT INTO `proje`.`sivil_personel` (`PersonelID`, `Ad`, `Soyad`) VALUES ('869', 'Hayri', 'İlhan');
INSERT INTO `proje`.`sivil_personel` (`PersonelID`, `Ad`, `Soyad`) VALUES ('870', 'Salih', 'Bayram');
INSERT INTO `proje`.`sivil_personel` (`PersonelID`, `Ad`, `Soyad`) VALUES ('871', 'Ayhan', 'Şen');
INSERT INTO `proje`.`sivil_personel` (`PersonelID`, `Ad`, `Soyad`) VALUES ('872', 'Naz', 'Yücel');
INSERT INTO `proje`.`sivil_personel` (`PersonelID`, `Ad`, `Soyad`) VALUES ('873', 'Emre', 'Karataş');
INSERT INTO `proje`.`sivil_personel` (`PersonelID`, `Ad`, `Soyad`) VALUES ('874', 'İbrahim', 'Kılıçarslan');
INSERT INTO `proje`.`sivil_personel` (`PersonelID`, `Ad`, `Soyad`) VALUES ('875', 'Ferhat', 'Durmuş');
INSERT INTO `proje`.`sivil_personel` (`PersonelID`, `Ad`, `Soyad`) VALUES ('876', 'Zeynep', 'Polat');
INSERT INTO `proje`.`sivil_personel` (`PersonelID`, `Ad`, `Soyad`) VALUES ('877', 'Can', 'Şahin');
INSERT INTO `proje`.`sivil_personel` (`PersonelID`, `Ad`, `Soyad`) VALUES ('878', 'Emine', 'Korkmaz');
INSERT INTO `proje`.`sivil_personel` (`PersonelID`, `Ad`, `Soyad`) VALUES ('879', 'Bahar', 'Altın');
INSERT INTO `proje`.`sivil_personel` (`PersonelID`, `Ad`, `Soyad`) VALUES ('880', 'Levent', 'Topal');
INSERT INTO `proje`.`sivil_personel` (`PersonelID`, `Ad`, `Soyad`) VALUES ('881', 'Selin', 'Güneş');
INSERT INTO `proje`.`sivil_personel` (`PersonelID`, `Ad`, `Soyad`) VALUES ('882', 'Melis', 'Çetin');
INSERT INTO `proje`.`sivil_personel` (`PersonelID`, `Ad`, `Soyad`) VALUES ('883', 'Osman', 'Aslan');
INSERT INTO `proje`.`sivil_personel` (`PersonelID`, `Ad`, `Soyad`) VALUES ('884', 'Özgür', 'Ağaoğlu');
INSERT INTO `proje`.`sivil_personel` (`PersonelID`, `Ad`, `Soyad`) VALUES ('885', 'Şeyma', 'Uludağ');
INSERT INTO `proje`.`sivil_personel` (`PersonelID`, `Ad`, `Soyad`) VALUES ('886', 'Melis', 'Elmas');
INSERT INTO `proje`.`sivil_personel` (`PersonelID`, `Ad`, `Soyad`) VALUES ('887', 'Cem', 'Acar');
INSERT INTO `proje`.`sivil_personel` (`PersonelID`, `Ad`, `Soyad`) VALUES ('888', 'Neşe', 'Durmaz');
INSERT INTO `proje`.`sivil_personel` (`PersonelID`, `Ad`, `Soyad`) VALUES ('889', 'Ece', 'Özdemir');
INSERT INTO `proje`.`sivil_personel` (`PersonelID`, `Ad`, `Soyad`) VALUES ('890', 'Aykut', 'Uysal');
INSERT INTO `proje`.`sivil_personel` (`PersonelID`, `Ad`, `Soyad`) VALUES ('891', 'Gökhan', 'Doğan');
INSERT INTO `proje`.`sivil_personel` (`PersonelID`, `Ad`, `Soyad`) VALUES ('892', 'Cansu', 'Korkut');
INSERT INTO `proje`.`sivil_personel` (`PersonelID`, `Ad`, `Soyad`) VALUES ('893', 'Orhan', 'Kaya');
INSERT INTO `proje`.`sivil_personel` (`PersonelID`, `Ad`, `Soyad`) VALUES ('894', 'Gökhan', 'Korkut');
INSERT INTO `proje`.`sivil_personel` (`PersonelID`, `Ad`, `Soyad`) VALUES ('895', 'Elif', 'Yavuz');
INSERT INTO `proje`.`sivil_personel` (`PersonelID`, `Ad`, `Soyad`) VALUES ('896', 'Fırat', 'Koç');
INSERT INTO `proje`.`sivil_personel` (`PersonelID`, `Ad`, `Soyad`) VALUES ('897', 'Yasin', 'Şimşek');
INSERT INTO `proje`.`sivil_personel` (`PersonelID`, `Ad`, `Soyad`) VALUES ('898', 'Gizem', 'Uysal');
INSERT INTO `proje`.`sivil_personel` (`PersonelID`, `Ad`, `Soyad`) VALUES ('899', 'Ayşe', 'Uysal');
INSERT INTO `proje`.`sivil_personel` (`PersonelID`, `Ad`, `Soyad`) VALUES ('900', 'Pelin', 'Ekinci');
INSERT INTO `proje`.`sivil_personel` (`PersonelID`, `Ad`, `Soyad`) VALUES ('901', 'Ahmet', 'Karabulut');
INSERT INTO `proje`.`sivil_personel` (`PersonelID`, `Ad`, `Soyad`) VALUES ('902', 'Tamer', 'Erdem');
INSERT INTO `proje`.`sivil_personel` (`PersonelID`, `Ad`, `Soyad`) VALUES ('903', 'Neşe', 'Altın');
INSERT INTO `proje`.`sivil_personel` (`PersonelID`, `Ad`, `Soyad`) VALUES ('904', 'Bora', 'Güzel');
INSERT INTO `proje`.`sivil_personel` (`PersonelID`, `Ad`, `Soyad`) VALUES ('905', 'Özgür', 'Demirtaş');
INSERT INTO `proje`.`sivil_personel` (`PersonelID`, `Ad`, `Soyad`) VALUES ('906', 'Gizem', 'Güven');
INSERT INTO `proje`.`sivil_personel` (`PersonelID`, `Ad`, `Soyad`) VALUES ('907', 'Selda', 'Aslan');
INSERT INTO `proje`.`sivil_personel` (`PersonelID`, `Ad`, `Soyad`) VALUES ('908', 'Koray', 'Göksu');
INSERT INTO `proje`.`sivil_personel` (`PersonelID`, `Ad`, `Soyad`) VALUES ('909', 'Hatice', 'Yıldırım');
INSERT INTO `proje`.`sivil_personel` (`PersonelID`, `Ad`, `Soyad`) VALUES ('910', 'Gizem', 'Korkut');
INSERT INTO `proje`.`sivil_personel` (`PersonelID`, `Ad`, `Soyad`) VALUES ('911', 'Gizem', 'Yaman');
INSERT INTO `proje`.`sivil_personel` (`PersonelID`, `Ad`, `Soyad`) VALUES ('912', 'Burak', 'Karahan');
INSERT INTO `proje`.`sivil_personel` (`PersonelID`, `Ad`, `Soyad`) VALUES ('913', 'Furkan', 'Sarı');
INSERT INTO `proje`.`sivil_personel` (`PersonelID`, `Ad`, `Soyad`) VALUES ('914', 'Osman', 'Erdoğan');
INSERT INTO `proje`.`sivil_personel` (`PersonelID`, `Ad`, `Soyad`) VALUES ('915', 'Ece', 'Arslan');
INSERT INTO `proje`.`sivil_personel` (`PersonelID`, `Ad`, `Soyad`) VALUES ('916', 'İpek', 'Türkmen');
INSERT INTO `proje`.`sivil_personel` (`PersonelID`, `Ad`, `Soyad`) VALUES ('917', 'Elif', 'İlhan');
INSERT INTO `proje`.`sivil_personel` (`PersonelID`, `Ad`, `Soyad`) VALUES ('918', 'Gökçe', 'Karabulut');
INSERT INTO `proje`.`sivil_personel` (`PersonelID`, `Ad`, `Soyad`) VALUES ('919', 'Ömer', 'Özkan');
INSERT INTO `proje`.`sivil_personel` (`PersonelID`, `Ad`, `Soyad`) VALUES ('920', 'Sinem', 'Topal');
INSERT INTO `proje`.`sivil_personel` (`PersonelID`, `Ad`, `Soyad`) VALUES ('921', 'Hasan', 'Bal');
INSERT INTO `proje`.`sivil_personel` (`PersonelID`, `Ad`, `Soyad`) VALUES ('922', 'Suat', 'Durmuş');
INSERT INTO `proje`.`sivil_personel` (`PersonelID`, `Ad`, `Soyad`) VALUES ('923', 'Hilal', 'Uludağ');
INSERT INTO `proje`.`sivil_personel` (`PersonelID`, `Ad`, `Soyad`) VALUES ('924', 'Hasan', 'Arı');
INSERT INTO `proje`.`sivil_personel` (`PersonelID`, `Ad`, `Soyad`) VALUES ('925', 'Gökçe', 'Uludağ');
INSERT INTO `proje`.`sivil_personel` (`PersonelID`, `Ad`, `Soyad`) VALUES ('926', 'Yusuf', 'Acar');
INSERT INTO `proje`.`sivil_personel` (`PersonelID`, `Ad`, `Soyad`) VALUES ('927', 'Gül', 'Karaca');
INSERT INTO `proje`.`sivil_personel` (`PersonelID`, `Ad`, `Soyad`) VALUES ('928', 'Bora', 'Göksu');
INSERT INTO `proje`.`sivil_personel` (`PersonelID`, `Ad`, `Soyad`) VALUES ('929', 'Sami', 'Demirtaş');
INSERT INTO `proje`.`sivil_personel` (`PersonelID`, `Ad`, `Soyad`) VALUES ('930', 'Gizem', 'Bal');
INSERT INTO `proje`.`sivil_personel` (`PersonelID`, `Ad`, `Soyad`) VALUES ('931', 'Harun', 'Şentürk');
INSERT INTO `proje`.`sivil_personel` (`PersonelID`, `Ad`, `Soyad`) VALUES ('932', 'Okan', 'Tunç');
INSERT INTO `proje`.`sivil_personel` (`PersonelID`, `Ad`, `Soyad`) VALUES ('933', 'Emre', 'Ergin');
INSERT INTO `proje`.`sivil_personel` (`PersonelID`, `Ad`, `Soyad`) VALUES ('934', 'Naz', 'Güzel');
INSERT INTO `proje`.`sivil_personel` (`PersonelID`, `Ad`, `Soyad`) VALUES ('935', 'Bora', 'Çakır');
INSERT INTO `proje`.`sivil_personel` (`PersonelID`, `Ad`, `Soyad`) VALUES ('936', 'Neşe', 'Bozkurt');
INSERT INTO `proje`.`sivil_personel` (`PersonelID`, `Ad`, `Soyad`) VALUES ('937', 'Salih', 'Er');
INSERT INTO `proje`.`sivil_personel` (`PersonelID`, `Ad`, `Soyad`) VALUES ('938', 'Gülay', 'Koçak');
INSERT INTO `proje`.`sivil_personel` (`PersonelID`, `Ad`, `Soyad`) VALUES ('939', 'Mehmet', 'Güven');
INSERT INTO `proje`.`sivil_personel` (`PersonelID`, `Ad`, `Soyad`) VALUES ('940', 'Serap', 'Uludağ');
INSERT INTO `proje`.`sivil_personel` (`PersonelID`, `Ad`, `Soyad`) VALUES ('941', 'Hatice', 'Yıldırım');
INSERT INTO `proje`.`sivil_personel` (`PersonelID`, `Ad`, `Soyad`) VALUES ('942', 'Serap', 'Özen');
INSERT INTO `proje`.`sivil_personel` (`PersonelID`, `Ad`, `Soyad`) VALUES ('943', 'Fırat', 'Bilgin');
INSERT INTO `proje`.`sivil_personel` (`PersonelID`, `Ad`, `Soyad`) VALUES ('944', 'Gökhan', 'Karabulut');
INSERT INTO `proje`.`sivil_personel` (`PersonelID`, `Ad`, `Soyad`) VALUES ('945', 'Yasin', 'Öztürk');
INSERT INTO `proje`.`sivil_personel` (`PersonelID`, `Ad`, `Soyad`) VALUES ('946', 'Eren', 'Acar');
INSERT INTO `proje`.`sivil_personel` (`PersonelID`, `Ad`, `Soyad`) VALUES ('947', 'Nihat', 'Yücel');
INSERT INTO `proje`.`sivil_personel` (`PersonelID`, `Ad`, `Soyad`) VALUES ('948', 'Berk', 'Bilgin');
INSERT INTO `proje`.`sivil_personel` (`PersonelID`, `Ad`, `Soyad`) VALUES ('949', 'Merve', 'Özdemir');
INSERT INTO `proje`.`sivil_personel` (`PersonelID`, `Ad`, `Soyad`) VALUES ('950', 'Nazlı', 'Yılmaz');
INSERT INTO `proje`.`sivil_personel` (`PersonelID`, `Ad`, `Soyad`) VALUES ('951', 'Melis', 'Koçak');
INSERT INTO `proje`.`sivil_personel` (`PersonelID`, `Ad`, `Soyad`) VALUES ('952', 'Hilal', 'Çelik');
INSERT INTO `proje`.`sivil_personel` (`PersonelID`, `Ad`, `Soyad`) VALUES ('953', 'Salih', 'Arı');
INSERT INTO `proje`.`sivil_personel` (`PersonelID`, `Ad`, `Soyad`) VALUES ('954', 'Hayri', 'Güzel');
INSERT INTO `proje`.`sivil_personel` (`PersonelID`, `Ad`, `Soyad`) VALUES ('955', 'Osman', 'Yılmaz');
INSERT INTO `proje`.`sivil_personel` (`PersonelID`, `Ad`, `Soyad`) VALUES ('956', 'İlker', 'Yıldırım');
INSERT INTO `proje`.`sivil_personel` (`PersonelID`, `Ad`, `Soyad`) VALUES ('957', 'Harun', 'Gökmen');
INSERT INTO `proje`.`sivil_personel` (`PersonelID`, `Ad`, `Soyad`) VALUES ('958', 'Mehmet', 'Aslan');
INSERT INTO `proje`.`sivil_personel` (`PersonelID`, `Ad`, `Soyad`) VALUES ('959', 'Nihal', 'Şen');
INSERT INTO `proje`.`sivil_personel` (`PersonelID`, `Ad`, `Soyad`) VALUES ('960', 'Burak', 'Erkek');
INSERT INTO `proje`.`sivil_personel` (`PersonelID`, `Ad`, `Soyad`) VALUES ('961', 'Cem', 'Erkek');
INSERT INTO `proje`.`sivil_personel` (`PersonelID`, `Ad`, `Soyad`) VALUES ('962', 'Kemal', 'Bayram');
INSERT INTO `proje`.`sivil_personel` (`PersonelID`, `Ad`, `Soyad`) VALUES ('963', 'Rabia', 'Çetin');
INSERT INTO `proje`.`sivil_personel` (`PersonelID`, `Ad`, `Soyad`) VALUES ('964', 'Berat', 'Karataş');
INSERT INTO `proje`.`sivil_personel` (`PersonelID`, `Ad`, `Soyad`) VALUES ('965', 'Furkan', 'Özkan');
INSERT INTO `proje`.`sivil_personel` (`PersonelID`, `Ad`, `Soyad`) VALUES ('966', 'Melike', 'Durmaz');
INSERT INTO `proje`.`sivil_personel` (`PersonelID`, `Ad`, `Soyad`) VALUES ('967', 'Kemal', 'Uçar');
INSERT INTO `proje`.`sivil_personel` (`PersonelID`, `Ad`, `Soyad`) VALUES ('968', 'Yusuf', 'Karabulut');
INSERT INTO `proje`.`sivil_personel` (`PersonelID`, `Ad`, `Soyad`) VALUES ('969', 'Emine', 'Güzel');
INSERT INTO `proje`.`sivil_personel` (`PersonelID`, `Ad`, `Soyad`) VALUES ('970', 'Melike', 'Gökmen');
INSERT INTO `proje`.`sivil_personel` (`PersonelID`, `Ad`, `Soyad`) VALUES ('971', 'Duygu', 'Pek');
INSERT INTO `proje`.`sivil_personel` (`PersonelID`, `Ad`, `Soyad`) VALUES ('972', 'Tuba', 'Pek');
INSERT INTO `proje`.`sivil_personel` (`PersonelID`, `Ad`, `Soyad`) VALUES ('973', 'Orhan', 'Sağlam');
INSERT INTO `proje`.`sivil_personel` (`PersonelID`, `Ad`, `Soyad`) VALUES ('974', 'Nihal', 'Aslan');
INSERT INTO `proje`.`sivil_personel` (`PersonelID`, `Ad`, `Soyad`) VALUES ('975', 'Tuba', 'Özkan');
INSERT INTO `proje`.`sivil_personel` (`PersonelID`, `Ad`, `Soyad`) VALUES ('976', 'Salih', 'Şentürk');
INSERT INTO `proje`.`sivil_personel` (`PersonelID`, `Ad`, `Soyad`) VALUES ('977', 'Emine', 'Aydın');
INSERT INTO `proje`.`sivil_personel` (`PersonelID`, `Ad`, `Soyad`) VALUES ('978', 'Berk', 'Akyüz');
INSERT INTO `proje`.`sivil_personel` (`PersonelID`, `Ad`, `Soyad`) VALUES ('979', 'Duygu', 'Ekinci');
INSERT INTO `proje`.`sivil_personel` (`PersonelID`, `Ad`, `Soyad`) VALUES ('980', 'Zeynep', 'Yıldırım');
INSERT INTO `proje`.`sivil_personel` (`PersonelID`, `Ad`, `Soyad`) VALUES ('981', 'Tamer', 'Uçar');
INSERT INTO `proje`.`sivil_personel` (`PersonelID`, `Ad`, `Soyad`) VALUES ('982', 'Melis', 'Kılıç');
INSERT INTO `proje`.`sivil_personel` (`PersonelID`, `Ad`, `Soyad`) VALUES ('983', 'Berk', 'Çakmak');
INSERT INTO `proje`.`sivil_personel` (`PersonelID`, `Ad`, `Soyad`) VALUES ('984', 'Semih', 'Çalışkan');
INSERT INTO `proje`.`sivil_personel` (`PersonelID`, `Ad`, `Soyad`) VALUES ('985', 'Hasan', 'Durmaz');
INSERT INTO `proje`.`sivil_personel` (`PersonelID`, `Ad`, `Soyad`) VALUES ('986', 'İbrahim', 'Bal');
INSERT INTO `proje`.`sivil_personel` (`PersonelID`, `Ad`, `Soyad`) VALUES ('987', 'Murat', 'Türkmen');
INSERT INTO `proje`.`sivil_personel` (`PersonelID`, `Ad`, `Soyad`) VALUES ('988', 'Esra', 'Turan');
INSERT INTO `proje`.`sivil_personel` (`PersonelID`, `Ad`, `Soyad`) VALUES ('989', 'Hüseyin', 'Erkek');
INSERT INTO `proje`.`sivil_personel` (`PersonelID`, `Ad`, `Soyad`) VALUES ('990', 'Büşra', 'Ergin');
INSERT INTO `proje`.`sivil_personel` (`PersonelID`, `Ad`, `Soyad`) VALUES ('991', 'Sena', 'Dinç');
INSERT INTO `proje`.`sivil_personel` (`PersonelID`, `Ad`, `Soyad`) VALUES ('992', 'Mert', 'Bal');
INSERT INTO `proje`.`sivil_personel` (`PersonelID`, `Ad`, `Soyad`) VALUES ('993', 'Betül', 'Uysal');
INSERT INTO `proje`.`sivil_personel` (`PersonelID`, `Ad`, `Soyad`) VALUES ('994', 'Sinem', 'Ergin');
INSERT INTO `proje`.`sivil_personel` (`PersonelID`, `Ad`, `Soyad`) VALUES ('995', 'Osman', 'Altın');
INSERT INTO `proje`.`sivil_personel` (`PersonelID`, `Ad`, `Soyad`) VALUES ('996', 'Ezgi', 'Güney');
INSERT INTO `proje`.`sivil_personel` (`PersonelID`, `Ad`, `Soyad`) VALUES ('997', 'Orhan', 'Topal');
INSERT INTO `proje`.`sivil_personel` (`PersonelID`, `Ad`, `Soyad`) VALUES ('998', 'Melike', 'Ekinci');
INSERT INTO `proje`.`sivil_personel` (`PersonelID`, `Ad`, `Soyad`) VALUES ('999', 'İsmail', 'Güler');
INSERT INTO `proje`.`sivil_personel` (`PersonelID`, `Ad`, `Soyad`) VALUES ('1000', 'Halil', 'Uçar');


INSERT INTO `proje`.`tedarikçi` (`TedarikçiID`, `FirmaAdı`) VALUES ('1', 'ASELSAN');
INSERT INTO `proje`.`tedarikçi` (`TedarikçiID`, `FirmaAdı`) VALUES ('2', 'ROKETSAN');
INSERT INTO `proje`.`tedarikçi` (`TedarikçiID`, `FirmaAdı`) VALUES ('3', 'TAI TUSAŞ');
INSERT INTO `proje`.`tedarikçi` (`TedarikçiID`, `FirmaAdı`) VALUES ('4', 'HAVELSAN');
INSERT INTO `proje`.`tedarikçi` (`TedarikçiID`, `FirmaAdı`) VALUES ('5', 'STM');
INSERT INTO `proje`.`tedarikçi` (`TedarikçiID`, `FirmaAdı`) VALUES ('6', 'MKEK');
INSERT INTO `proje`.`tedarikçi` (`TedarikçiID`, `FirmaAdı`) VALUES ('7', 'FNSS');
INSERT INTO `proje`.`tedarikçi` (`TedarikçiID`, `FirmaAdı`) VALUES ('8', 'Otokar');
INSERT INTO `proje`.`tedarikçi` (`TedarikçiID`, `FirmaAdı`) VALUES ('9', 'BMC');
INSERT INTO `proje`.`tedarikçi` (`TedarikçiID`, `FirmaAdı`) VALUES ('10', 'Alp Havacılık');
INSERT INTO `proje`.`tedarikçi` (`TedarikçiID`, `FirmaAdı`) VALUES ('11', 'Kale Kalıp');
INSERT INTO `proje`.`tedarikçi` (`TedarikçiID`, `FirmaAdı`) VALUES ('12', 'Sarsılmaz');
INSERT INTO `proje`.`tedarikçi` (`TedarikçiID`, `FirmaAdı`) VALUES ('13', 'Nurol Makina');
INSERT INTO `proje`.`tedarikçi` (`TedarikçiID`, `FirmaAdı`) VALUES ('14', 'Katmerciler');
INSERT INTO `proje`.`tedarikçi` (`TedarikçiID`, `FirmaAdı`) VALUES ('15', 'TEI');
INSERT INTO `proje`.`tedarikçi` (`TedarikçiID`, `FirmaAdı`) VALUES ('16', 'Meteksan Savunma');
INSERT INTO `proje`.`tedarikçi` (`TedarikçiID`, `FirmaAdı`) VALUES ('17', 'Ares Tersanesi');
INSERT INTO `proje`.`tedarikçi` (`TedarikçiID`, `FirmaAdı`) VALUES ('18', 'Yonca-Onuk Tersanesi');
INSERT INTO `proje`.`tedarikçi` (`TedarikçiID`, `FirmaAdı`) VALUES ('19', 'Dearsan Tersanesi');
INSERT INTO `proje`.`tedarikçi` (`TedarikçiID`, `FirmaAdı`) VALUES ('20', 'Havelsan Hava Elektronik Sanayi');
INSERT INTO `proje`.`tedarikçi` (`TedarikçiID`, `FirmaAdı`) VALUES ('21', 'Vestel Savunma');
INSERT INTO `proje`.`tedarikçi` (`TedarikçiID`, `FirmaAdı`) VALUES ('22', 'Baykar');
INSERT INTO `proje`.`tedarikçi` (`TedarikçiID`, `FirmaAdı`) VALUES ('23', 'FNSS Savunma Sistemleri');
INSERT INTO `proje`.`tedarikçi` (`TedarikçiID`, `FirmaAdı`) VALUES ('24', 'TÜMOSAN');
INSERT INTO `proje`.`tedarikçi` (`TedarikçiID`, `FirmaAdı`) VALUES ('25', 'MKE Ankaragücü');
INSERT INTO `proje`.`tedarikçi` (`TedarikçiID`, `FirmaAdı`) VALUES ('26', 'Canik TP9');
INSERT INTO `proje`.`tedarikçi` (`TedarikçiID`, `FirmaAdı`) VALUES ('27', 'Best Grup');
INSERT INTO `proje`.`tedarikçi` (`TedarikçiID`, `FirmaAdı`) VALUES ('28', 'Desan Tersanesi');
INSERT INTO `proje`.`tedarikçi` (`TedarikçiID`, `FirmaAdı`) VALUES ('29', 'Savronik');
INSERT INTO `proje`.`tedarikçi` (`TedarikçiID`, `FirmaAdı`) VALUES ('30', 'Aydın Yazılım');
INSERT INTO `proje`.`tedarikçi` (`TedarikçiID`, `FirmaAdı`) VALUES ('31', 'Arıkan Savunma');
INSERT INTO `proje`.`tedarikçi` (`TedarikçiID`, `FirmaAdı`) VALUES ('32', 'Ayesaş');
INSERT INTO `proje`.`tedarikçi` (`TedarikçiID`, `FirmaAdı`) VALUES ('33', 'Garanti Kompozit');
INSERT INTO `proje`.`tedarikçi` (`TedarikçiID`, `FirmaAdı`) VALUES ('34', 'Hema Endüstri');
INSERT INTO `proje`.`tedarikçi` (`TedarikçiID`, `FirmaAdı`) VALUES ('35', 'KATMERCİLER');
INSERT INTO `proje`.`tedarikçi` (`TedarikçiID`, `FirmaAdı`) VALUES ('36', 'Karel Elektronik');
INSERT INTO `proje`.`tedarikçi` (`TedarikçiID`, `FirmaAdı`) VALUES ('37', 'Koc Holding');
INSERT INTO `proje`.`tedarikçi` (`TedarikçiID`, `FirmaAdı`) VALUES ('38', 'MilSOFT');
INSERT INTO `proje`.`tedarikçi` (`TedarikçiID`, `FirmaAdı`) VALUES ('39', 'Onur A.Ş.');
INSERT INTO `proje`.`tedarikçi` (`TedarikçiID`, `FirmaAdı`) VALUES ('40', 'Procend Defense');
INSERT INTO `proje`.`tedarikçi` (`TedarikçiID`, `FirmaAdı`) VALUES ('41', 'SDT');
INSERT INTO `proje`.`tedarikçi` (`TedarikçiID`, `FirmaAdı`) VALUES ('42', 'Selex ES Elektronik');
INSERT INTO `proje`.`tedarikçi` (`TedarikçiID`, `FirmaAdı`) VALUES ('43', 'Simsoft');
INSERT INTO `proje`.`tedarikçi` (`TedarikçiID`, `FirmaAdı`) VALUES ('44', 'TAI');
INSERT INTO `proje`.`tedarikçi` (`TedarikçiID`, `FirmaAdı`) VALUES ('45', 'THK Gökçen Aviation');
INSERT INTO `proje`.`tedarikçi` (`TedarikçiID`, `FirmaAdı`) VALUES ('46', 'TR Mekatronik');
INSERT INTO `proje`.`tedarikçi` (`TedarikçiID`, `FirmaAdı`) VALUES ('47', 'Turkish Aerospace Industries');
INSERT INTO `proje`.`tedarikçi` (`TedarikçiID`, `FirmaAdı`) VALUES ('48', 'UMTAS');
INSERT INTO `proje`.`tedarikçi` (`TedarikçiID`, `FirmaAdı`) VALUES ('49', 'Unidef');
INSERT INTO `proje`.`tedarikçi` (`TedarikçiID`, `FirmaAdı`) VALUES ('50', 'Vestel Defence');
INSERT INTO `proje`.`tedarikçi` (`TedarikçiID`, `FirmaAdı`) VALUES ('51', 'YAKUPOĞLU (YDS)');
INSERT INTO `proje`.`tedarikçi` (`TedarikçiID`, `FirmaAdı`) VALUES ('52', 'YDS Shoes');
INSERT INTO `proje`.`tedarikçi` (`TedarikçiID`, `FirmaAdı`) VALUES ('53', 'Yonca-Onuk JV');
INSERT INTO `proje`.`tedarikçi` (`TedarikçiID`, `FirmaAdı`) VALUES ('54', 'Anadolu Deniz İnşaat');
INSERT INTO `proje`.`tedarikçi` (`TedarikçiID`, `FirmaAdı`) VALUES ('55', 'Aselsan MGEO');
INSERT INTO `proje`.`tedarikçi` (`TedarikçiID`, `FirmaAdı`) VALUES ('56', 'Aydın Yazılım');
INSERT INTO `proje`.`tedarikçi` (`TedarikçiID`, `FirmaAdı`) VALUES ('57', 'BİTES Savunma');
INSERT INTO `proje`.`tedarikçi` (`TedarikçiID`, `FirmaAdı`) VALUES ('58', 'BMC Power');
INSERT INTO `proje`.`tedarikçi` (`TedarikçiID`, `FirmaAdı`) VALUES ('59', 'Boğaziçi Savunma');
INSERT INTO `proje`.`tedarikçi` (`TedarikçiID`, `FirmaAdı`) VALUES ('60', 'Cesur Teknoloji');
INSERT INTO `proje`.`tedarikçi` (`TedarikçiID`, `FirmaAdı`) VALUES ('61', 'Dalaman Aircraft Factory');
INSERT INTO `proje`.`tedarikçi` (`TedarikçiID`, `FirmaAdı`) VALUES ('62', 'DelMar Defense');
INSERT INTO `proje`.`tedarikçi` (`TedarikçiID`, `FirmaAdı`) VALUES ('63', 'Ekin Teknoloji');
INSERT INTO `proje`.`tedarikçi` (`TedarikçiID`, `FirmaAdı`) VALUES ('64', 'ELSIS Elektronik Sistemler');
INSERT INTO `proje`.`tedarikçi` (`TedarikçiID`, `FirmaAdı`) VALUES ('65', 'Erko Elektronik');
INSERT INTO `proje`.`tedarikçi` (`TedarikçiID`, `FirmaAdı`) VALUES ('66', 'Girsan');
INSERT INTO `proje`.`tedarikçi` (`TedarikçiID`, `FirmaAdı`) VALUES ('67', 'Gölcük Shipyard');
INSERT INTO `proje`.`tedarikçi` (`TedarikçiID`, `FirmaAdı`) VALUES ('68', 'Hisar Savunma');
INSERT INTO `proje`.`tedarikçi` (`TedarikçiID`, `FirmaAdı`) VALUES ('69', 'Istanbul Denizcilik');
INSERT INTO `proje`.`tedarikçi` (`TedarikçiID`, `FirmaAdı`) VALUES ('70', 'Koç Savunma');
INSERT INTO `proje`.`tedarikçi` (`TedarikçiID`, `FirmaAdı`) VALUES ('71', 'KORKUT Systems');
INSERT INTO `proje`.`tedarikçi` (`TedarikçiID`, `FirmaAdı`) VALUES ('72', 'Kuzey Savunma');
INSERT INTO `proje`.`tedarikçi` (`TedarikçiID`, `FirmaAdı`) VALUES ('73', 'NATO Savunma');
INSERT INTO `proje`.`tedarikçi` (`TedarikçiID`, `FirmaAdı`) VALUES ('74', 'Nurol BAE Systems');
INSERT INTO `proje`.`tedarikçi` (`TedarikçiID`, `FirmaAdı`) VALUES ('75', 'Nurol Technology');
INSERT INTO `proje`.`tedarikçi` (`TedarikçiID`, `FirmaAdı`) VALUES ('76', 'ODTÜ TEKNOKENT');
INSERT INTO `proje`.`tedarikçi` (`TedarikçiID`, `FirmaAdı`) VALUES ('77', 'Öztek Savunma');
INSERT INTO `proje`.`tedarikçi` (`TedarikçiID`, `FirmaAdı`) VALUES ('78', 'PROFEN');
INSERT INTO `proje`.`tedarikçi` (`TedarikçiID`, `FirmaAdı`) VALUES ('79', 'Profen Savunma');
INSERT INTO `proje`.`tedarikçi` (`TedarikçiID`, `FirmaAdı`) VALUES ('80', 'SanLab Simulation');
INSERT INTO `proje`.`tedarikçi` (`TedarikçiID`, `FirmaAdı`) VALUES ('81', 'STM Savunma');
INSERT INTO `proje`.`tedarikçi` (`TedarikçiID`, `FirmaAdı`) VALUES ('82', 'TAIS Shipyards');
INSERT INTO `proje`.`tedarikçi` (`TedarikçiID`, `FirmaAdı`) VALUES ('83', 'TUSAŞ Engine Industries');
INSERT INTO `proje`.`tedarikçi` (`TedarikçiID`, `FirmaAdı`) VALUES ('84', 'TAI Helicopter');
INSERT INTO `proje`.`tedarikçi` (`TedarikçiID`, `FirmaAdı`) VALUES ('85', 'Turksat');
INSERT INTO `proje`.`tedarikçi` (`TedarikçiID`, `FirmaAdı`) VALUES ('86', 'TÜBİTAK SAGE');
INSERT INTO `proje`.`tedarikçi` (`TedarikçiID`, `FirmaAdı`) VALUES ('87', 'Türk Loydu');
INSERT INTO `proje`.`tedarikçi` (`TedarikçiID`, `FirmaAdı`) VALUES ('88', 'Üçel Savunma');
INSERT INTO `proje`.`tedarikçi` (`TedarikçiID`, `FirmaAdı`) VALUES ('89', 'ÜNTES Savunma');
INSERT INTO `proje`.`tedarikçi` (`TedarikçiID`, `FirmaAdı`) VALUES ('90', 'Vestel Elektronik');
INSERT INTO `proje`.`tedarikçi` (`TedarikçiID`, `FirmaAdı`) VALUES ('91', 'VİKO Savunma');
INSERT INTO `proje`.`tedarikçi` (`TedarikçiID`, `FirmaAdı`) VALUES ('92', 'Yenipazar Defense');
INSERT INTO `proje`.`tedarikçi` (`TedarikçiID`, `FirmaAdı`) VALUES ('93', 'Yıldız Teknopark');
INSERT INTO `proje`.`tedarikçi` (`TedarikçiID`, `FirmaAdı`) VALUES ('94', 'Yonca Onuk JV');
INSERT INTO `proje`.`tedarikçi` (`TedarikçiID`, `FirmaAdı`) VALUES ('95', 'ZSR Patlayıcı Sanayi');
INSERT INTO `proje`.`tedarikçi` (`TedarikçiID`, `FirmaAdı`) VALUES ('96', 'Zorlu Holding');
INSERT INTO `proje`.`tedarikçi` (`TedarikçiID`, `FirmaAdı`) VALUES ('97', 'Çukurova Savunma');
INSERT INTO `proje`.`tedarikçi` (`TedarikçiID`, `FirmaAdı`) VALUES ('98', 'Öztiryakiler');
INSERT INTO `proje`.`tedarikçi` (`TedarikçiID`, `FirmaAdı`) VALUES ('99', 'Barış Savunma');
INSERT INTO `proje`.`tedarikçi` (`TedarikçiID`, `FirmaAdı`) VALUES ('100', 'MTA Sismik');


INSERT INTO `proje`.`bulun` (`MateryalID`, `DepoID`, `Miktar`) VALUES ('61', '7', '33');
INSERT INTO `proje`.`bulun` (`MateryalID`, `DepoID`, `Miktar`) VALUES ('83', '4', '15');
INSERT INTO `proje`.`bulun` (`MateryalID`, `DepoID`, `Miktar`) VALUES ('86', '1', '33');
INSERT INTO `proje`.`bulun` (`MateryalID`, `DepoID`, `Miktar`) VALUES ('39', '13', '8');
INSERT INTO `proje`.`bulun` (`MateryalID`, `DepoID`, `Miktar`) VALUES ('70', '14', '3');
INSERT INTO `proje`.`bulun` (`MateryalID`, `DepoID`, `Miktar`) VALUES ('67', '6', '10');
INSERT INTO `proje`.`bulun` (`MateryalID`, `DepoID`, `Miktar`) VALUES ('15', '1', '26');
INSERT INTO `proje`.`bulun` (`MateryalID`, `DepoID`, `Miktar`) VALUES ('43', '13', '41');
INSERT INTO `proje`.`bulun` (`MateryalID`, `DepoID`, `Miktar`) VALUES ('2', '3', '22');
INSERT INTO `proje`.`bulun` (`MateryalID`, `DepoID`, `Miktar`) VALUES ('79', '15', '41');
INSERT INTO `proje`.`bulun` (`MateryalID`, `DepoID`, `Miktar`) VALUES ('7', '8', '44');
INSERT INTO `proje`.`bulun` (`MateryalID`, `DepoID`, `Miktar`) VALUES ('33', '20', '44');
INSERT INTO `proje`.`bulun` (`MateryalID`, `DepoID`, `Miktar`) VALUES ('9', '1', '20');
INSERT INTO `proje`.`bulun` (`MateryalID`, `DepoID`, `Miktar`) VALUES ('63', '13', '10');
INSERT INTO `proje`.`bulun` (`MateryalID`, `DepoID`, `Miktar`) VALUES ('76', '3', '50');
INSERT INTO `proje`.`bulun` (`MateryalID`, `DepoID`, `Miktar`) VALUES ('32', '17', '26');
INSERT INTO `proje`.`bulun` (`MateryalID`, `DepoID`, `Miktar`) VALUES ('25', '10', '11');
INSERT INTO `proje`.`bulun` (`MateryalID`, `DepoID`, `Miktar`) VALUES ('8', '12', '41');
INSERT INTO `proje`.`bulun` (`MateryalID`, `DepoID`, `Miktar`) VALUES ('89', '17', '9');
INSERT INTO `proje`.`bulun` (`MateryalID`, `DepoID`, `Miktar`) VALUES ('46', '6', '9');
INSERT INTO `proje`.`bulun` (`MateryalID`, `DepoID`, `Miktar`) VALUES ('59', '15', '27');
INSERT INTO `proje`.`bulun` (`MateryalID`, `DepoID`, `Miktar`) VALUES ('55', '3', '43');
INSERT INTO `proje`.`bulun` (`MateryalID`, `DepoID`, `Miktar`) VALUES ('44', '11', '3');
INSERT INTO `proje`.`bulun` (`MateryalID`, `DepoID`, `Miktar`) VALUES ('66', '3', '28');
INSERT INTO `proje`.`bulun` (`MateryalID`, `DepoID`, `Miktar`) VALUES ('31', '9', '33');
INSERT INTO `proje`.`bulun` (`MateryalID`, `DepoID`, `Miktar`) VALUES ('47', '19', '12');
INSERT INTO `proje`.`bulun` (`MateryalID`, `DepoID`, `Miktar`) VALUES ('35', '15', '16');
INSERT INTO `proje`.`bulun` (`MateryalID`, `DepoID`, `Miktar`) VALUES ('45', '15', '6');
INSERT INTO `proje`.`bulun` (`MateryalID`, `DepoID`, `Miktar`) VALUES ('42', '16', '12');
INSERT INTO `proje`.`bulun` (`MateryalID`, `DepoID`, `Miktar`) VALUES ('58', '18', '25');
INSERT INTO `proje`.`bulun` (`MateryalID`, `DepoID`, `Miktar`) VALUES ('88', '18', '38');
INSERT INTO `proje`.`bulun` (`MateryalID`, `DepoID`, `Miktar`) VALUES ('29', '16', '1');
INSERT INTO `proje`.`bulun` (`MateryalID`, `DepoID`, `Miktar`) VALUES ('90', '7', '5');
INSERT INTO `proje`.`bulun` (`MateryalID`, `DepoID`, `Miktar`) VALUES ('88', '5', '50');
INSERT INTO `proje`.`bulun` (`MateryalID`, `DepoID`, `Miktar`) VALUES ('88', '19', '4');
INSERT INTO `proje`.`bulun` (`MateryalID`, `DepoID`, `Miktar`) VALUES ('75', '10', '26');
INSERT INTO `proje`.`bulun` (`MateryalID`, `DepoID`, `Miktar`) VALUES ('35', '5', '33');
INSERT INTO `proje`.`bulun` (`MateryalID`, `DepoID`, `Miktar`) VALUES ('21', '19', '38');
INSERT INTO `proje`.`bulun` (`MateryalID`, `DepoID`, `Miktar`) VALUES ('65', '6', '37');
INSERT INTO `proje`.`bulun` (`MateryalID`, `DepoID`, `Miktar`) VALUES ('55', '1', '43');
INSERT INTO `proje`.`bulun` (`MateryalID`, `DepoID`, `Miktar`) VALUES ('8', '19', '19');
INSERT INTO `proje`.`bulun` (`MateryalID`, `DepoID`, `Miktar`) VALUES ('31', '6', '35');
INSERT INTO `proje`.`bulun` (`MateryalID`, `DepoID`, `Miktar`) VALUES ('74', '8', '31');
INSERT INTO `proje`.`bulun` (`MateryalID`, `DepoID`, `Miktar`) VALUES ('19', '7', '18');
INSERT INTO `proje`.`bulun` (`MateryalID`, `DepoID`, `Miktar`) VALUES ('26', '8', '33');
INSERT INTO `proje`.`bulun` (`MateryalID`, `DepoID`, `Miktar`) VALUES ('22', '19', '37');
INSERT INTO `proje`.`bulun` (`MateryalID`, `DepoID`, `Miktar`) VALUES ('24', '15', '10');
INSERT INTO `proje`.`bulun` (`MateryalID`, `DepoID`, `Miktar`) VALUES ('43', '10', '23');
INSERT INTO `proje`.`bulun` (`MateryalID`, `DepoID`, `Miktar`) VALUES ('86', '19', '45');
INSERT INTO `proje`.`bulun` (`MateryalID`, `DepoID`, `Miktar`) VALUES ('58', '19', '40');
INSERT INTO `proje`.`bulun` (`MateryalID`, `DepoID`, `Miktar`) VALUES ('32', '2', '35');
INSERT INTO `proje`.`bulun` (`MateryalID`, `DepoID`, `Miktar`) VALUES ('81', '6', '15');
INSERT INTO `proje`.`bulun` (`MateryalID`, `DepoID`, `Miktar`) VALUES ('31', '16', '17');
INSERT INTO `proje`.`bulun` (`MateryalID`, `DepoID`, `Miktar`) VALUES ('59', '9', '34');
INSERT INTO `proje`.`bulun` (`MateryalID`, `DepoID`, `Miktar`) VALUES ('64', '11', '6');
INSERT INTO `proje`.`bulun` (`MateryalID`, `DepoID`, `Miktar`) VALUES ('41', '16', '50');
INSERT INTO `proje`.`bulun` (`MateryalID`, `DepoID`, `Miktar`) VALUES ('81', '17', '16');
INSERT INTO `proje`.`bulun` (`MateryalID`, `DepoID`, `Miktar`) VALUES ('35', '1', '43');
INSERT INTO `proje`.`bulun` (`MateryalID`, `DepoID`, `Miktar`) VALUES ('47', '15', '23');
INSERT INTO `proje`.`bulun` (`MateryalID`, `DepoID`, `Miktar`) VALUES ('7', '7', '4');
INSERT INTO `proje`.`bulun` (`MateryalID`, `DepoID`, `Miktar`) VALUES ('75', '3', '14');
INSERT INTO `proje`.`bulun` (`MateryalID`, `DepoID`, `Miktar`) VALUES ('76', '7', '7');
INSERT INTO `proje`.`bulun` (`MateryalID`, `DepoID`, `Miktar`) VALUES ('5', '14', '29');
INSERT INTO `proje`.`bulun` (`MateryalID`, `DepoID`, `Miktar`) VALUES ('3', '12', '41');
INSERT INTO `proje`.`bulun` (`MateryalID`, `DepoID`, `Miktar`) VALUES ('8', '7', '7');
INSERT INTO `proje`.`bulun` (`MateryalID`, `DepoID`, `Miktar`) VALUES ('74', '13', '46');
INSERT INTO `proje`.`bulun` (`MateryalID`, `DepoID`, `Miktar`) VALUES ('65', '15', '38');
INSERT INTO `proje`.`bulun` (`MateryalID`, `DepoID`, `Miktar`) VALUES ('53', '7', '28');
INSERT INTO `proje`.`bulun` (`MateryalID`, `DepoID`, `Miktar`) VALUES ('84', '5', '11');
INSERT INTO `proje`.`bulun` (`MateryalID`, `DepoID`, `Miktar`) VALUES ('37', '15', '8');
INSERT INTO `proje`.`bulun` (`MateryalID`, `DepoID`, `Miktar`) VALUES ('14', '3', '3');
INSERT INTO `proje`.`bulun` (`MateryalID`, `DepoID`, `Miktar`) VALUES ('86', '5', '27');
INSERT INTO `proje`.`bulun` (`MateryalID`, `DepoID`, `Miktar`) VALUES ('29', '19', '29');
INSERT INTO `proje`.`bulun` (`MateryalID`, `DepoID`, `Miktar`) VALUES ('9', '19', '30');
INSERT INTO `proje`.`bulun` (`MateryalID`, `DepoID`, `Miktar`) VALUES ('23', '14', '35');
INSERT INTO `proje`.`bulun` (`MateryalID`, `DepoID`, `Miktar`) VALUES ('76', '19', '27');
INSERT INTO `proje`.`bulun` (`MateryalID`, `DepoID`, `Miktar`) VALUES ('17', '16', '11');
INSERT INTO `proje`.`bulun` (`MateryalID`, `DepoID`, `Miktar`) VALUES ('15', '16', '18');
INSERT INTO `proje`.`bulun` (`MateryalID`, `DepoID`, `Miktar`) VALUES ('1', '9', '38');
INSERT INTO `proje`.`bulun` (`MateryalID`, `DepoID`, `Miktar`) VALUES ('22', '7', '44');
INSERT INTO `proje`.`bulun` (`MateryalID`, `DepoID`, `Miktar`) VALUES ('70', '1', '18');
INSERT INTO `proje`.`bulun` (`MateryalID`, `DepoID`, `Miktar`) VALUES ('74', '15', '49');
INSERT INTO `proje`.`bulun` (`MateryalID`, `DepoID`, `Miktar`) VALUES ('31', '15', '23');
INSERT INTO `proje`.`bulun` (`MateryalID`, `DepoID`, `Miktar`) VALUES ('79', '8', '50');
INSERT INTO `proje`.`bulun` (`MateryalID`, `DepoID`, `Miktar`) VALUES ('44', '1', '11');
INSERT INTO `proje`.`bulun` (`MateryalID`, `DepoID`, `Miktar`) VALUES ('46', '2', '6');
INSERT INTO `proje`.`bulun` (`MateryalID`, `DepoID`, `Miktar`) VALUES ('29', '20', '22');
INSERT INTO `proje`.`bulun` (`MateryalID`, `DepoID`, `Miktar`) VALUES ('55', '2', '45');
INSERT INTO `proje`.`bulun` (`MateryalID`, `DepoID`, `Miktar`) VALUES ('11', '1', '4');
INSERT INTO `proje`.`bulun` (`MateryalID`, `DepoID`, `Miktar`) VALUES ('79', '2', '16');
INSERT INTO `proje`.`bulun` (`MateryalID`, `DepoID`, `Miktar`) VALUES ('76', '8', '23');
INSERT INTO `proje`.`bulun` (`MateryalID`, `DepoID`, `Miktar`) VALUES ('78', '13', '8');
INSERT INTO `proje`.`bulun` (`MateryalID`, `DepoID`, `Miktar`) VALUES ('62', '9', '44');
INSERT INTO `proje`.`bulun` (`MateryalID`, `DepoID`, `Miktar`) VALUES ('58', '20', '36');
INSERT INTO `proje`.`bulun` (`MateryalID`, `DepoID`, `Miktar`) VALUES ('57', '8', '40');
INSERT INTO `proje`.`bulun` (`MateryalID`, `DepoID`, `Miktar`) VALUES ('61', '9', '35');
INSERT INTO `proje`.`bulun` (`MateryalID`, `DepoID`, `Miktar`) VALUES ('83', '18', '3');
INSERT INTO `proje`.`bulun` (`MateryalID`, `DepoID`, `Miktar`) VALUES ('71', '11', '24');
INSERT INTO `proje`.`bulun` (`MateryalID`, `DepoID`, `Miktar`) VALUES ('47', '20', '45');
INSERT INTO `proje`.`bulun` (`MateryalID`, `DepoID`, `Miktar`) VALUES ('38', '14', '40');


INSERT INTO `proje`.`fiyat_verir` (`SiparişID`, `TedarikçiID`, `Fiyat`) VALUES ('1', '23', '883.717990515885');
INSERT INTO `proje`.`fiyat_verir` (`SiparişID`, `TedarikçiID`, `Fiyat`) VALUES ('1', '32', '4683.688662667801');
INSERT INTO `proje`.`fiyat_verir` (`SiparişID`, `TedarikçiID`, `Fiyat`) VALUES ('1', '67', '1231.346003807702');
INSERT INTO `proje`.`fiyat_verir` (`SiparişID`, `TedarikçiID`, `Fiyat`) VALUES ('1', '78', '1570.4426194501752');
INSERT INTO `proje`.`fiyat_verir` (`SiparişID`, `TedarikçiID`, `Fiyat`) VALUES ('2', '18', '2986.327967876027');
INSERT INTO `proje`.`fiyat_verir` (`SiparişID`, `TedarikçiID`, `Fiyat`) VALUES ('2', '36', '2161.0951086707087');
INSERT INTO `proje`.`fiyat_verir` (`SiparişID`, `TedarikçiID`, `Fiyat`) VALUES ('2', '57', '2403.206014904812');
INSERT INTO `proje`.`fiyat_verir` (`SiparişID`, `TedarikçiID`, `Fiyat`) VALUES ('2', '99', '1959.5931878767155');
INSERT INTO `proje`.`fiyat_verir` (`SiparişID`, `TedarikçiID`, `Fiyat`) VALUES ('3', '12', '3059.257662462799');
INSERT INTO `proje`.`fiyat_verir` (`SiparişID`, `TedarikçiID`, `Fiyat`) VALUES ('3', '30', '595.5444982656408');
INSERT INTO `proje`.`fiyat_verir` (`SiparişID`, `TedarikçiID`, `Fiyat`) VALUES ('3', '66', '1062.0838720860427');
INSERT INTO `proje`.`fiyat_verir` (`SiparişID`, `TedarikçiID`, `Fiyat`) VALUES ('3', '87', '4928.580566671914');
INSERT INTO `proje`.`fiyat_verir` (`SiparişID`, `TedarikçiID`, `Fiyat`) VALUES ('4', '14', '4052.316758148505');
INSERT INTO `proje`.`fiyat_verir` (`SiparişID`, `TedarikçiID`, `Fiyat`) VALUES ('4', '43', '1101.5243397120748');
INSERT INTO `proje`.`fiyat_verir` (`SiparişID`, `TedarikçiID`, `Fiyat`) VALUES ('4', '54', '2784.854938619778');
INSERT INTO `proje`.`fiyat_verir` (`SiparişID`, `TedarikçiID`, `Fiyat`) VALUES ('4', '93', '1074.0924986415016');
INSERT INTO `proje`.`fiyat_verir` (`SiparişID`, `TedarikçiID`, `Fiyat`) VALUES ('5', '23', '2856.887751622832');
INSERT INTO `proje`.`fiyat_verir` (`SiparişID`, `TedarikçiID`, `Fiyat`) VALUES ('5', '43', '2967.4209471976387');
INSERT INTO `proje`.`fiyat_verir` (`SiparişID`, `TedarikçiID`, `Fiyat`) VALUES ('5', '57', '2569.1336169590086');
INSERT INTO `proje`.`fiyat_verir` (`SiparişID`, `TedarikçiID`, `Fiyat`) VALUES ('5', '91', '519.3293084829826');
INSERT INTO `proje`.`fiyat_verir` (`SiparişID`, `TedarikçiID`, `Fiyat`) VALUES ('6', '1', '2472.693875293661');
INSERT INTO `proje`.`fiyat_verir` (`SiparişID`, `TedarikçiID`, `Fiyat`) VALUES ('6', '34', '2109.141819450281');
INSERT INTO `proje`.`fiyat_verir` (`SiparişID`, `TedarikçiID`, `Fiyat`) VALUES ('6', '70', '270.50781336652324');
INSERT INTO `proje`.`fiyat_verir` (`SiparişID`, `TedarikçiID`, `Fiyat`) VALUES ('6', '90', '888.2413833507447');
INSERT INTO `proje`.`fiyat_verir` (`SiparişID`, `TedarikçiID`, `Fiyat`) VALUES ('7', '20', '4321.566835976009');
INSERT INTO `proje`.`fiyat_verir` (`SiparişID`, `TedarikçiID`, `Fiyat`) VALUES ('7', '43', '2984.9526955354836');
INSERT INTO `proje`.`fiyat_verir` (`SiparişID`, `TedarikçiID`, `Fiyat`) VALUES ('7', '51', '4921.37972343777');
INSERT INTO `proje`.`fiyat_verir` (`SiparişID`, `TedarikçiID`, `Fiyat`) VALUES ('7', '96', '3766.869887582464');
INSERT INTO `proje`.`fiyat_verir` (`SiparişID`, `TedarikçiID`, `Fiyat`) VALUES ('8', '17', '3683.2082784297622');
INSERT INTO `proje`.`fiyat_verir` (`SiparişID`, `TedarikçiID`, `Fiyat`) VALUES ('8', '26', '2936.076930085881');
INSERT INTO `proje`.`fiyat_verir` (`SiparişID`, `TedarikçiID`, `Fiyat`) VALUES ('8', '60', '680.1387358120732');
INSERT INTO `proje`.`fiyat_verir` (`SiparişID`, `TedarikçiID`, `Fiyat`) VALUES ('8', '92', '3491.6135188902526');
INSERT INTO `proje`.`fiyat_verir` (`SiparişID`, `TedarikçiID`, `Fiyat`) VALUES ('9', '21', '4629.508248814564');
INSERT INTO `proje`.`fiyat_verir` (`SiparişID`, `TedarikçiID`, `Fiyat`) VALUES ('9', '29', '4089.8935470010897');
INSERT INTO `proje`.`fiyat_verir` (`SiparişID`, `TedarikçiID`, `Fiyat`) VALUES ('9', '56', '3763.5545096883893');
INSERT INTO `proje`.`fiyat_verir` (`SiparişID`, `TedarikçiID`, `Fiyat`) VALUES ('9', '99', '1391.1087573020711');
INSERT INTO `proje`.`fiyat_verir` (`SiparişID`, `TedarikçiID`, `Fiyat`) VALUES ('10', '20', '888.6681111362362');
INSERT INTO `proje`.`fiyat_verir` (`SiparişID`, `TedarikçiID`, `Fiyat`) VALUES ('10', '38', '1747.14436347013');
INSERT INTO `proje`.`fiyat_verir` (`SiparişID`, `TedarikçiID`, `Fiyat`) VALUES ('10', '66', '2847.3870291342173');
INSERT INTO `proje`.`fiyat_verir` (`SiparişID`, `TedarikçiID`, `Fiyat`) VALUES ('10', '80', '2854.2532475159105');
INSERT INTO `proje`.`fiyat_verir` (`SiparişID`, `TedarikçiID`, `Fiyat`) VALUES ('11', '19', '1988.0883632343048');
INSERT INTO `proje`.`fiyat_verir` (`SiparişID`, `TedarikçiID`, `Fiyat`) VALUES ('11', '36', '817.4915189964025');
INSERT INTO `proje`.`fiyat_verir` (`SiparişID`, `TedarikçiID`, `Fiyat`) VALUES ('11', '73', '1987.7586884382542');
INSERT INTO `proje`.`fiyat_verir` (`SiparişID`, `TedarikçiID`, `Fiyat`) VALUES ('11', '87', '4436.202146569054');
INSERT INTO `proje`.`fiyat_verir` (`SiparişID`, `TedarikçiID`, `Fiyat`) VALUES ('12', '17', '1205.1915384232107');
INSERT INTO `proje`.`fiyat_verir` (`SiparişID`, `TedarikçiID`, `Fiyat`) VALUES ('12', '45', '2353.484088773687');
INSERT INTO `proje`.`fiyat_verir` (`SiparişID`, `TedarikçiID`, `Fiyat`) VALUES ('12', '61', '2006.5917834934705');
INSERT INTO `proje`.`fiyat_verir` (`SiparişID`, `TedarikçiID`, `Fiyat`) VALUES ('12', '82', '416.83351192693755');
INSERT INTO `proje`.`fiyat_verir` (`SiparişID`, `TedarikçiID`, `Fiyat`) VALUES ('13', '12', '4942.490140176067');
INSERT INTO `proje`.`fiyat_verir` (`SiparişID`, `TedarikçiID`, `Fiyat`) VALUES ('13', '39', '4462.760383551044');
INSERT INTO `proje`.`fiyat_verir` (`SiparişID`, `TedarikçiID`, `Fiyat`) VALUES ('13', '67', '2083.054618562078');
INSERT INTO `proje`.`fiyat_verir` (`SiparişID`, `TedarikçiID`, `Fiyat`) VALUES ('13', '97', '623.0494841081334');
INSERT INTO `proje`.`fiyat_verir` (`SiparişID`, `TedarikçiID`, `Fiyat`) VALUES ('14', '10', '1283.4827886028284');
INSERT INTO `proje`.`fiyat_verir` (`SiparişID`, `TedarikçiID`, `Fiyat`) VALUES ('14', '28', '3929.2157867173055');
INSERT INTO `proje`.`fiyat_verir` (`SiparişID`, `TedarikçiID`, `Fiyat`) VALUES ('14', '62', '3206.0577850146196');
INSERT INTO `proje`.`fiyat_verir` (`SiparişID`, `TedarikçiID`, `Fiyat`) VALUES ('14', '84', '1231.406678165805');
INSERT INTO `proje`.`fiyat_verir` (`SiparişID`, `TedarikçiID`, `Fiyat`) VALUES ('15', '17', '1065.6568496423356');
INSERT INTO `proje`.`fiyat_verir` (`SiparişID`, `TedarikçiID`, `Fiyat`) VALUES ('15', '47', '4342.798932221174');
INSERT INTO `proje`.`fiyat_verir` (`SiparişID`, `TedarikçiID`, `Fiyat`) VALUES ('15', '51', '4757.0855518882645');
INSERT INTO `proje`.`fiyat_verir` (`SiparişID`, `TedarikçiID`, `Fiyat`) VALUES ('15', '100', '1700.4754648028536');
INSERT INTO `proje`.`fiyat_verir` (`SiparişID`, `TedarikçiID`, `Fiyat`) VALUES ('16', '6', '411.8743111510458');
INSERT INTO `proje`.`fiyat_verir` (`SiparişID`, `TedarikçiID`, `Fiyat`) VALUES ('16', '27', '657.2594814010188');
INSERT INTO `proje`.`fiyat_verir` (`SiparişID`, `TedarikçiID`, `Fiyat`) VALUES ('16', '64', '3544.746471683012');
INSERT INTO `proje`.`fiyat_verir` (`SiparişID`, `TedarikçiID`, `Fiyat`) VALUES ('16', '88', '2009.6567492627046');
INSERT INTO `proje`.`fiyat_verir` (`SiparişID`, `TedarikçiID`, `Fiyat`) VALUES ('17', '1', '1549.092203297113');
INSERT INTO `proje`.`fiyat_verir` (`SiparişID`, `TedarikçiID`, `Fiyat`) VALUES ('17', '31', '1825.9770124030076');
INSERT INTO `proje`.`fiyat_verir` (`SiparişID`, `TedarikçiID`, `Fiyat`) VALUES ('17', '72', '4287.718489636285');
INSERT INTO `proje`.`fiyat_verir` (`SiparişID`, `TedarikçiID`, `Fiyat`) VALUES ('17', '84', '1754.6095471196118');
INSERT INTO `proje`.`fiyat_verir` (`SiparişID`, `TedarikçiID`, `Fiyat`) VALUES ('18', '7', '2542.4972699874606');
INSERT INTO `proje`.`fiyat_verir` (`SiparişID`, `TedarikçiID`, `Fiyat`) VALUES ('18', '42', '4820.632559888479');
INSERT INTO `proje`.`fiyat_verir` (`SiparişID`, `TedarikçiID`, `Fiyat`) VALUES ('18', '65', '2389.869400997768');
INSERT INTO `proje`.`fiyat_verir` (`SiparişID`, `TedarikçiID`, `Fiyat`) VALUES ('18', '90', '322.5513073713936');
INSERT INTO `proje`.`fiyat_verir` (`SiparişID`, `TedarikçiID`, `Fiyat`) VALUES ('19', '7', '1103.0883963606786');
INSERT INTO `proje`.`fiyat_verir` (`SiparişID`, `TedarikçiID`, `Fiyat`) VALUES ('19', '47', '4047.5507276052836');
INSERT INTO `proje`.`fiyat_verir` (`SiparişID`, `TedarikçiID`, `Fiyat`) VALUES ('19', '64', '2608.936810466234');
INSERT INTO `proje`.`fiyat_verir` (`SiparişID`, `TedarikçiID`, `Fiyat`) VALUES ('19', '82', '301.8372161120382');
INSERT INTO `proje`.`fiyat_verir` (`SiparişID`, `TedarikçiID`, `Fiyat`) VALUES ('20', '11', '2623.579934718819');
INSERT INTO `proje`.`fiyat_verir` (`SiparişID`, `TedarikçiID`, `Fiyat`) VALUES ('20', '26', '745.4969940199874');
INSERT INTO `proje`.`fiyat_verir` (`SiparişID`, `TedarikçiID`, `Fiyat`) VALUES ('20', '72', '1914.7601164168939');
INSERT INTO `proje`.`fiyat_verir` (`SiparişID`, `TedarikçiID`, `Fiyat`) VALUES ('20', '84', '3802.4126584404075');
INSERT INTO `proje`.`fiyat_verir` (`SiparişID`, `TedarikçiID`, `Fiyat`) VALUES ('21', '14', '3041.760383690788');
INSERT INTO `proje`.`fiyat_verir` (`SiparişID`, `TedarikçiID`, `Fiyat`) VALUES ('21', '41', '2271.5352619839005');
INSERT INTO `proje`.`fiyat_verir` (`SiparişID`, `TedarikçiID`, `Fiyat`) VALUES ('21', '63', '1876.186453560125');
INSERT INTO `proje`.`fiyat_verir` (`SiparişID`, `TedarikçiID`, `Fiyat`) VALUES ('21', '91', '4823.902462194435');
INSERT INTO `proje`.`fiyat_verir` (`SiparişID`, `TedarikçiID`, `Fiyat`) VALUES ('22', '12', '1891.0345789742237');
INSERT INTO `proje`.`fiyat_verir` (`SiparişID`, `TedarikçiID`, `Fiyat`) VALUES ('22', '45', '3483.7379348552513');
INSERT INTO `proje`.`fiyat_verir` (`SiparişID`, `TedarikçiID`, `Fiyat`) VALUES ('22', '72', '260.39215643620184');
INSERT INTO `proje`.`fiyat_verir` (`SiparişID`, `TedarikçiID`, `Fiyat`) VALUES ('22', '79', '2837.125311348367');
INSERT INTO `proje`.`fiyat_verir` (`SiparişID`, `TedarikçiID`, `Fiyat`) VALUES ('23', '12', '3002.1066175876626');
INSERT INTO `proje`.`fiyat_verir` (`SiparişID`, `TedarikçiID`, `Fiyat`) VALUES ('23', '48', '907.9976004908671');
INSERT INTO `proje`.`fiyat_verir` (`SiparişID`, `TedarikçiID`, `Fiyat`) VALUES ('23', '64', '317.7028502401324');
INSERT INTO `proje`.`fiyat_verir` (`SiparişID`, `TedarikçiID`, `Fiyat`) VALUES ('23', '86', '1106.1178899919269');
INSERT INTO `proje`.`fiyat_verir` (`SiparişID`, `TedarikçiID`, `Fiyat`) VALUES ('24', '24', '3804.052142318758');
INSERT INTO `proje`.`fiyat_verir` (`SiparişID`, `TedarikçiID`, `Fiyat`) VALUES ('24', '40', '670.1516823019325');
INSERT INTO `proje`.`fiyat_verir` (`SiparişID`, `TedarikçiID`, `Fiyat`) VALUES ('24', '57', '823.1119042815174');
INSERT INTO `proje`.`fiyat_verir` (`SiparişID`, `TedarikçiID`, `Fiyat`) VALUES ('24', '79', '569.0255442263252');
INSERT INTO `proje`.`fiyat_verir` (`SiparişID`, `TedarikçiID`, `Fiyat`) VALUES ('25', '14', '523.3642000778275');
INSERT INTO `proje`.`fiyat_verir` (`SiparişID`, `TedarikçiID`, `Fiyat`) VALUES ('25', '29', '2541.5589245506953');
INSERT INTO `proje`.`fiyat_verir` (`SiparişID`, `TedarikçiID`, `Fiyat`) VALUES ('25', '58', '667.9234488670668');
INSERT INTO `proje`.`fiyat_verir` (`SiparişID`, `TedarikçiID`, `Fiyat`) VALUES ('25', '84', '3032.247213985886');
INSERT INTO `proje`.`fiyat_verir` (`SiparişID`, `TedarikçiID`, `Fiyat`) VALUES ('26', '23', '688.5110146267052');
INSERT INTO `proje`.`fiyat_verir` (`SiparişID`, `TedarikçiID`, `Fiyat`) VALUES ('26', '35', '4311.858910116926');
INSERT INTO `proje`.`fiyat_verir` (`SiparişID`, `TedarikçiID`, `Fiyat`) VALUES ('26', '73', '3146.177427055916');
INSERT INTO `proje`.`fiyat_verir` (`SiparişID`, `TedarikçiID`, `Fiyat`) VALUES ('26', '93', '3015.7390261725254');
INSERT INTO `proje`.`fiyat_verir` (`SiparişID`, `TedarikçiID`, `Fiyat`) VALUES ('27', '15', '4367.756976927915');
INSERT INTO `proje`.`fiyat_verir` (`SiparişID`, `TedarikçiID`, `Fiyat`) VALUES ('27', '41', '1194.518193071438');
INSERT INTO `proje`.`fiyat_verir` (`SiparişID`, `TedarikçiID`, `Fiyat`) VALUES ('27', '61', '3715.930333203882');
INSERT INTO `proje`.`fiyat_verir` (`SiparişID`, `TedarikçiID`, `Fiyat`) VALUES ('27', '93', '1091.7325191843452');
INSERT INTO `proje`.`fiyat_verir` (`SiparişID`, `TedarikçiID`, `Fiyat`) VALUES ('28', '15', '3779.645439601012');
INSERT INTO `proje`.`fiyat_verir` (`SiparişID`, `TedarikçiID`, `Fiyat`) VALUES ('28', '39', '3873.876067137336');
INSERT INTO `proje`.`fiyat_verir` (`SiparişID`, `TedarikçiID`, `Fiyat`) VALUES ('28', '67', '2036.8530710368539');
INSERT INTO `proje`.`fiyat_verir` (`SiparişID`, `TedarikçiID`, `Fiyat`) VALUES ('28', '78', '4586.4739271278895');
INSERT INTO `proje`.`fiyat_verir` (`SiparişID`, `TedarikçiID`, `Fiyat`) VALUES ('29', '20', '911.694651351298');
INSERT INTO `proje`.`fiyat_verir` (`SiparişID`, `TedarikçiID`, `Fiyat`) VALUES ('29', '44', '1659.5877283587563');
INSERT INTO `proje`.`fiyat_verir` (`SiparişID`, `TedarikçiID`, `Fiyat`) VALUES ('29', '59', '298.2107776517274');
INSERT INTO `proje`.`fiyat_verir` (`SiparişID`, `TedarikçiID`, `Fiyat`) VALUES ('29', '99', '4456.65898180936');
INSERT INTO `proje`.`fiyat_verir` (`SiparişID`, `TedarikçiID`, `Fiyat`) VALUES ('30', '22', '1993.5462856567965');
INSERT INTO `proje`.`fiyat_verir` (`SiparişID`, `TedarikçiID`, `Fiyat`) VALUES ('30', '48', '2730.300347884621');
INSERT INTO `proje`.`fiyat_verir` (`SiparişID`, `TedarikçiID`, `Fiyat`) VALUES ('30', '64', '1475.4018450699484');
INSERT INTO `proje`.`fiyat_verir` (`SiparişID`, `TedarikçiID`, `Fiyat`) VALUES ('30', '97', '888.2292606444543');
INSERT INTO `proje`.`fiyat_verir` (`SiparişID`, `TedarikçiID`, `Fiyat`) VALUES ('31', '7', '1581.3590560146326');
INSERT INTO `proje`.`fiyat_verir` (`SiparişID`, `TedarikçiID`, `Fiyat`) VALUES ('31', '47', '4863.784864876565');
INSERT INTO `proje`.`fiyat_verir` (`SiparişID`, `TedarikçiID`, `Fiyat`) VALUES ('31', '72', '2313.0710113055948');
INSERT INTO `proje`.`fiyat_verir` (`SiparişID`, `TedarikçiID`, `Fiyat`) VALUES ('31', '86', '4481.513259973322');
INSERT INTO `proje`.`fiyat_verir` (`SiparişID`, `TedarikçiID`, `Fiyat`) VALUES ('32', '23', '4467.570261899819');
INSERT INTO `proje`.`fiyat_verir` (`SiparişID`, `TedarikçiID`, `Fiyat`) VALUES ('32', '31', '1832.8060830543363');
INSERT INTO `proje`.`fiyat_verir` (`SiparişID`, `TedarikçiID`, `Fiyat`) VALUES ('32', '74', '808.1575219471855');
INSERT INTO `proje`.`fiyat_verir` (`SiparişID`, `TedarikçiID`, `Fiyat`) VALUES ('32', '97', '2165.477208166857');
INSERT INTO `proje`.`fiyat_verir` (`SiparişID`, `TedarikçiID`, `Fiyat`) VALUES ('33', '9', '252.72076397110777');
INSERT INTO `proje`.`fiyat_verir` (`SiparişID`, `TedarikçiID`, `Fiyat`) VALUES ('33', '27', '4136.456975888836');
INSERT INTO `proje`.`fiyat_verir` (`SiparişID`, `TedarikçiID`, `Fiyat`) VALUES ('33', '67', '436.39965268178696');
INSERT INTO `proje`.`fiyat_verir` (`SiparişID`, `TedarikçiID`, `Fiyat`) VALUES ('33', '77', '4330.486041134116');
INSERT INTO `proje`.`fiyat_verir` (`SiparişID`, `TedarikçiID`, `Fiyat`) VALUES ('34', '13', '3498.2981405723253');
INSERT INTO `proje`.`fiyat_verir` (`SiparişID`, `TedarikçiID`, `Fiyat`) VALUES ('34', '50', '2317.4019694510557');
INSERT INTO `proje`.`fiyat_verir` (`SiparişID`, `TedarikçiID`, `Fiyat`) VALUES ('34', '65', '1994.7781055745984');
INSERT INTO `proje`.`fiyat_verir` (`SiparişID`, `TedarikçiID`, `Fiyat`) VALUES ('34', '86', '4804.165223282609');
INSERT INTO `proje`.`fiyat_verir` (`SiparişID`, `TedarikçiID`, `Fiyat`) VALUES ('35', '16', '2483.4056153973393');
INSERT INTO `proje`.`fiyat_verir` (`SiparişID`, `TedarikçiID`, `Fiyat`) VALUES ('35', '26', '2362.129772326649');
INSERT INTO `proje`.`fiyat_verir` (`SiparişID`, `TedarikçiID`, `Fiyat`) VALUES ('35', '60', '380.412684947909');
INSERT INTO `proje`.`fiyat_verir` (`SiparişID`, `TedarikçiID`, `Fiyat`) VALUES ('35', '88', '1217.8092131152287');
INSERT INTO `proje`.`fiyat_verir` (`SiparişID`, `TedarikçiID`, `Fiyat`) VALUES ('36', '1', '235.36793160465555');
INSERT INTO `proje`.`fiyat_verir` (`SiparişID`, `TedarikçiID`, `Fiyat`) VALUES ('36', '27', '3949.7057063705133');
INSERT INTO `proje`.`fiyat_verir` (`SiparişID`, `TedarikçiID`, `Fiyat`) VALUES ('36', '60', '4902.464186127771');
INSERT INTO `proje`.`fiyat_verir` (`SiparişID`, `TedarikçiID`, `Fiyat`) VALUES ('36', '87', '573.290805130596');
INSERT INTO `proje`.`fiyat_verir` (`SiparişID`, `TedarikçiID`, `Fiyat`) VALUES ('37', '23', '4657.618337674929');
INSERT INTO `proje`.`fiyat_verir` (`SiparişID`, `TedarikçiID`, `Fiyat`) VALUES ('37', '35', '1091.9445213143513');
INSERT INTO `proje`.`fiyat_verir` (`SiparişID`, `TedarikçiID`, `Fiyat`) VALUES ('37', '72', '1514.1335353134466');
INSERT INTO `proje`.`fiyat_verir` (`SiparişID`, `TedarikçiID`, `Fiyat`) VALUES ('37', '100', '2515.6514602176962');
INSERT INTO `proje`.`fiyat_verir` (`SiparişID`, `TedarikçiID`, `Fiyat`) VALUES ('38', '13', '669.7476986139201');
INSERT INTO `proje`.`fiyat_verir` (`SiparişID`, `TedarikçiID`, `Fiyat`) VALUES ('38', '43', '3048.9116179681437');
INSERT INTO `proje`.`fiyat_verir` (`SiparişID`, `TedarikçiID`, `Fiyat`) VALUES ('38', '52', '853.6845999827398');
INSERT INTO `proje`.`fiyat_verir` (`SiparişID`, `TedarikçiID`, `Fiyat`) VALUES ('38', '82', '3885.6069652473916');
INSERT INTO `proje`.`fiyat_verir` (`SiparişID`, `TedarikçiID`, `Fiyat`) VALUES ('39', '19', '730.3707346964069');
INSERT INTO `proje`.`fiyat_verir` (`SiparişID`, `TedarikçiID`, `Fiyat`) VALUES ('39', '50', '1920.122616178042');
INSERT INTO `proje`.`fiyat_verir` (`SiparişID`, `TedarikçiID`, `Fiyat`) VALUES ('39', '72', '3616.879757357216');
INSERT INTO `proje`.`fiyat_verir` (`SiparişID`, `TedarikçiID`, `Fiyat`) VALUES ('39', '98', '2867.039234660559');
INSERT INTO `proje`.`fiyat_verir` (`SiparişID`, `TedarikçiID`, `Fiyat`) VALUES ('40', '12', '3715.389743939277');
INSERT INTO `proje`.`fiyat_verir` (`SiparişID`, `TedarikçiID`, `Fiyat`) VALUES ('40', '47', '2957.269694168296');
INSERT INTO `proje`.`fiyat_verir` (`SiparişID`, `TedarikçiID`, `Fiyat`) VALUES ('40', '59', '2300.1529822603916');
INSERT INTO `proje`.`fiyat_verir` (`SiparişID`, `TedarikçiID`, `Fiyat`) VALUES ('40', '80', '3823.617646248312');
INSERT INTO `proje`.`fiyat_verir` (`SiparişID`, `TedarikçiID`, `Fiyat`) VALUES ('41', '3', '2329.2390572220693');
INSERT INTO `proje`.`fiyat_verir` (`SiparişID`, `TedarikçiID`, `Fiyat`) VALUES ('41', '28', '3757.449213736997');
INSERT INTO `proje`.`fiyat_verir` (`SiparişID`, `TedarikçiID`, `Fiyat`) VALUES ('41', '73', '4781.4359116741125');
INSERT INTO `proje`.`fiyat_verir` (`SiparişID`, `TedarikçiID`, `Fiyat`) VALUES ('41', '87', '4747.40009315788');
INSERT INTO `proje`.`fiyat_verir` (`SiparişID`, `TedarikçiID`, `Fiyat`) VALUES ('42', '11', '413.59873916804963');
INSERT INTO `proje`.`fiyat_verir` (`SiparişID`, `TedarikçiID`, `Fiyat`) VALUES ('42', '26', '698.5453977594627');
INSERT INTO `proje`.`fiyat_verir` (`SiparişID`, `TedarikçiID`, `Fiyat`) VALUES ('42', '71', '448.01910913896705');
INSERT INTO `proje`.`fiyat_verir` (`SiparişID`, `TedarikçiID`, `Fiyat`) VALUES ('42', '78', '2771.4540394166156');
INSERT INTO `proje`.`fiyat_verir` (`SiparişID`, `TedarikçiID`, `Fiyat`) VALUES ('43', '13', '1716.940706170114');
INSERT INTO `proje`.`fiyat_verir` (`SiparişID`, `TedarikçiID`, `Fiyat`) VALUES ('43', '39', '3345.135464547139');
INSERT INTO `proje`.`fiyat_verir` (`SiparişID`, `TedarikçiID`, `Fiyat`) VALUES ('43', '65', '2744.332520047617');
INSERT INTO `proje`.`fiyat_verir` (`SiparişID`, `TedarikçiID`, `Fiyat`) VALUES ('43', '99', '1295.9809323058385');
INSERT INTO `proje`.`fiyat_verir` (`SiparişID`, `TedarikçiID`, `Fiyat`) VALUES ('44', '24', '4386.384558708662');
INSERT INTO `proje`.`fiyat_verir` (`SiparişID`, `TedarikçiID`, `Fiyat`) VALUES ('44', '40', '2714.92289127975');
INSERT INTO `proje`.`fiyat_verir` (`SiparişID`, `TedarikçiID`, `Fiyat`) VALUES ('44', '64', '2741.3795763055323');
INSERT INTO `proje`.`fiyat_verir` (`SiparişID`, `TedarikçiID`, `Fiyat`) VALUES ('44', '78', '4824.352043084125');
INSERT INTO `proje`.`fiyat_verir` (`SiparişID`, `TedarikçiID`, `Fiyat`) VALUES ('45', '3', '1761.2129606666451');
INSERT INTO `proje`.`fiyat_verir` (`SiparişID`, `TedarikçiID`, `Fiyat`) VALUES ('45', '50', '459.2387826503922');
INSERT INTO `proje`.`fiyat_verir` (`SiparişID`, `TedarikçiID`, `Fiyat`) VALUES ('45', '63', '2097.6312797260507');
INSERT INTO `proje`.`fiyat_verir` (`SiparişID`, `TedarikçiID`, `Fiyat`) VALUES ('45', '83', '2987.166007108024');
INSERT INTO `proje`.`fiyat_verir` (`SiparişID`, `TedarikçiID`, `Fiyat`) VALUES ('46', '3', '2066.1286178169044');
INSERT INTO `proje`.`fiyat_verir` (`SiparişID`, `TedarikçiID`, `Fiyat`) VALUES ('46', '36', '4671.082256802789');
INSERT INTO `proje`.`fiyat_verir` (`SiparişID`, `TedarikçiID`, `Fiyat`) VALUES ('46', '63', '3421.3903051608827');
INSERT INTO `proje`.`fiyat_verir` (`SiparişID`, `TedarikçiID`, `Fiyat`) VALUES ('46', '78', '1719.3082683581029');
INSERT INTO `proje`.`fiyat_verir` (`SiparişID`, `TedarikçiID`, `Fiyat`) VALUES ('47', '5', '1065.1856916788738');
INSERT INTO `proje`.`fiyat_verir` (`SiparişID`, `TedarikçiID`, `Fiyat`) VALUES ('47', '41', '2525.6810446146455');
INSERT INTO `proje`.`fiyat_verir` (`SiparişID`, `TedarikçiID`, `Fiyat`) VALUES ('47', '63', '3359.013386370169');
INSERT INTO `proje`.`fiyat_verir` (`SiparişID`, `TedarikçiID`, `Fiyat`) VALUES ('47', '83', '4138.418073434072');
INSERT INTO `proje`.`fiyat_verir` (`SiparişID`, `TedarikçiID`, `Fiyat`) VALUES ('48', '4', '4058.4278943117283');
INSERT INTO `proje`.`fiyat_verir` (`SiparişID`, `TedarikçiID`, `Fiyat`) VALUES ('48', '40', '2250.810395646925');
INSERT INTO `proje`.`fiyat_verir` (`SiparişID`, `TedarikçiID`, `Fiyat`) VALUES ('48', '72', '2197.87070521028');
INSERT INTO `proje`.`fiyat_verir` (`SiparişID`, `TedarikçiID`, `Fiyat`) VALUES ('48', '91', '3819.281705955604');
INSERT INTO `proje`.`fiyat_verir` (`SiparişID`, `TedarikçiID`, `Fiyat`) VALUES ('49', '21', '3436.5454132190785');
INSERT INTO `proje`.`fiyat_verir` (`SiparişID`, `TedarikçiID`, `Fiyat`) VALUES ('49', '33', '3524.702869125071');
INSERT INTO `proje`.`fiyat_verir` (`SiparişID`, `TedarikçiID`, `Fiyat`) VALUES ('49', '62', '2355.1855957140883');
INSERT INTO `proje`.`fiyat_verir` (`SiparişID`, `TedarikçiID`, `Fiyat`) VALUES ('49', '94', '2001.2794713542828');
INSERT INTO `proje`.`fiyat_verir` (`SiparişID`, `TedarikçiID`, `Fiyat`) VALUES ('50', '6', '3129.604817744603');
INSERT INTO `proje`.`fiyat_verir` (`SiparişID`, `TedarikçiID`, `Fiyat`) VALUES ('50', '40', '2805.8307813622814');
INSERT INTO `proje`.`fiyat_verir` (`SiparişID`, `TedarikçiID`, `Fiyat`) VALUES ('50', '57', '1056.0301743787604');
INSERT INTO `proje`.`fiyat_verir` (`SiparişID`, `TedarikçiID`, `Fiyat`) VALUES ('50', '79', '320.43231994224845');
INSERT INTO `proje`.`fiyat_verir` (`SiparişID`, `TedarikçiID`, `Fiyat`) VALUES ('51', '5', '1175.2462215860137');
INSERT INTO `proje`.`fiyat_verir` (`SiparişID`, `TedarikçiID`, `Fiyat`) VALUES ('51', '27', '4699.146570941294');
INSERT INTO `proje`.`fiyat_verir` (`SiparişID`, `TedarikçiID`, `Fiyat`) VALUES ('51', '58', '1280.8912396312771');
INSERT INTO `proje`.`fiyat_verir` (`SiparişID`, `TedarikçiID`, `Fiyat`) VALUES ('51', '92', '3326.6100203632677');
INSERT INTO `proje`.`fiyat_verir` (`SiparişID`, `TedarikçiID`, `Fiyat`) VALUES ('52', '23', '887.6720336869992');
INSERT INTO `proje`.`fiyat_verir` (`SiparişID`, `TedarikçiID`, `Fiyat`) VALUES ('52', '26', '354.5600147505704');
INSERT INTO `proje`.`fiyat_verir` (`SiparişID`, `TedarikçiID`, `Fiyat`) VALUES ('52', '51', '2581.7747856989695');
INSERT INTO `proje`.`fiyat_verir` (`SiparişID`, `TedarikçiID`, `Fiyat`) VALUES ('52', '92', '2413.3059354217266');
INSERT INTO `proje`.`fiyat_verir` (`SiparişID`, `TedarikçiID`, `Fiyat`) VALUES ('53', '25', '3607.9352959372814');
INSERT INTO `proje`.`fiyat_verir` (`SiparişID`, `TedarikçiID`, `Fiyat`) VALUES ('53', '29', '2234.254985721262');
INSERT INTO `proje`.`fiyat_verir` (`SiparişID`, `TedarikçiID`, `Fiyat`) VALUES ('53', '63', '280.7293419577894');
INSERT INTO `proje`.`fiyat_verir` (`SiparişID`, `TedarikçiID`, `Fiyat`) VALUES ('53', '78', '4717.7320849200705');
INSERT INTO `proje`.`fiyat_verir` (`SiparişID`, `TedarikçiID`, `Fiyat`) VALUES ('54', '17', '1531.924503398035');
INSERT INTO `proje`.`fiyat_verir` (`SiparişID`, `TedarikçiID`, `Fiyat`) VALUES ('54', '43', '2884.732136240029');
INSERT INTO `proje`.`fiyat_verir` (`SiparişID`, `TedarikçiID`, `Fiyat`) VALUES ('54', '72', '2376.193926011498');
INSERT INTO `proje`.`fiyat_verir` (`SiparişID`, `TedarikçiID`, `Fiyat`) VALUES ('54', '82', '3935.76191409427');
INSERT INTO `proje`.`fiyat_verir` (`SiparişID`, `TedarikçiID`, `Fiyat`) VALUES ('55', '5', '1237.936788765602');
INSERT INTO `proje`.`fiyat_verir` (`SiparişID`, `TedarikçiID`, `Fiyat`) VALUES ('55', '30', '4176.337690381931');
INSERT INTO `proje`.`fiyat_verir` (`SiparişID`, `TedarikçiID`, `Fiyat`) VALUES ('55', '58', '1782.598312637362');
INSERT INTO `proje`.`fiyat_verir` (`SiparişID`, `TedarikçiID`, `Fiyat`) VALUES ('55', '87', '903.8094666222131');
INSERT INTO `proje`.`fiyat_verir` (`SiparişID`, `TedarikçiID`, `Fiyat`) VALUES ('56', '9', '2060.3886070418775');
INSERT INTO `proje`.`fiyat_verir` (`SiparişID`, `TedarikçiID`, `Fiyat`) VALUES ('56', '27', '2818.461323451094');
INSERT INTO `proje`.`fiyat_verir` (`SiparişID`, `TedarikçiID`, `Fiyat`) VALUES ('56', '61', '2037.4262439692857');
INSERT INTO `proje`.`fiyat_verir` (`SiparişID`, `TedarikçiID`, `Fiyat`) VALUES ('56', '83', '4833.764575586174');
INSERT INTO `proje`.`fiyat_verir` (`SiparişID`, `TedarikçiID`, `Fiyat`) VALUES ('57', '20', '4333.6894796818715');
INSERT INTO `proje`.`fiyat_verir` (`SiparişID`, `TedarikçiID`, `Fiyat`) VALUES ('57', '26', '1233.5365289039044');
INSERT INTO `proje`.`fiyat_verir` (`SiparişID`, `TedarikçiID`, `Fiyat`) VALUES ('57', '68', '1260.8729932247002');
INSERT INTO `proje`.`fiyat_verir` (`SiparişID`, `TedarikçiID`, `Fiyat`) VALUES ('57', '92', '452.4788385285177');
INSERT INTO `proje`.`fiyat_verir` (`SiparişID`, `TedarikçiID`, `Fiyat`) VALUES ('58', '11', '2990.8731988947147');
INSERT INTO `proje`.`fiyat_verir` (`SiparişID`, `TedarikçiID`, `Fiyat`) VALUES ('58', '27', '4800.146757059712');
INSERT INTO `proje`.`fiyat_verir` (`SiparişID`, `TedarikçiID`, `Fiyat`) VALUES ('58', '53', '3899.79323306885');
INSERT INTO `proje`.`fiyat_verir` (`SiparişID`, `TedarikçiID`, `Fiyat`) VALUES ('58', '79', '701.1162635574481');
INSERT INTO `proje`.`fiyat_verir` (`SiparişID`, `TedarikçiID`, `Fiyat`) VALUES ('59', '11', '2740.0453488870426');
INSERT INTO `proje`.`fiyat_verir` (`SiparişID`, `TedarikçiID`, `Fiyat`) VALUES ('59', '46', '1112.8736040438998');
INSERT INTO `proje`.`fiyat_verir` (`SiparişID`, `TedarikçiID`, `Fiyat`) VALUES ('59', '63', '234.52950906350748');
INSERT INTO `proje`.`fiyat_verir` (`SiparişID`, `TedarikçiID`, `Fiyat`) VALUES ('59', '85', '1931.7301032966402');
INSERT INTO `proje`.`fiyat_verir` (`SiparişID`, `TedarikçiID`, `Fiyat`) VALUES ('60', '23', '537.5388645704663');
INSERT INTO `proje`.`fiyat_verir` (`SiparişID`, `TedarikçiID`, `Fiyat`) VALUES ('60', '36', '2831.120453130618');
INSERT INTO `proje`.`fiyat_verir` (`SiparişID`, `TedarikçiID`, `Fiyat`) VALUES ('60', '70', '1943.810192007994');
INSERT INTO `proje`.`fiyat_verir` (`SiparişID`, `TedarikçiID`, `Fiyat`) VALUES ('60', '95', '3060.305310210033');
INSERT INTO `proje`.`fiyat_verir` (`SiparişID`, `TedarikçiID`, `Fiyat`) VALUES ('61', '12', '1840.6057830945847');
INSERT INTO `proje`.`fiyat_verir` (`SiparişID`, `TedarikçiID`, `Fiyat`) VALUES ('61', '45', '514.2043226754845');
INSERT INTO `proje`.`fiyat_verir` (`SiparişID`, `TedarikçiID`, `Fiyat`) VALUES ('61', '64', '992.8413769762891');
INSERT INTO `proje`.`fiyat_verir` (`SiparişID`, `TedarikçiID`, `Fiyat`) VALUES ('61', '87', '1031.1064460261896');
INSERT INTO `proje`.`fiyat_verir` (`SiparişID`, `TedarikçiID`, `Fiyat`) VALUES ('62', '3', '2447.5505952340404');
INSERT INTO `proje`.`fiyat_verir` (`SiparişID`, `TedarikçiID`, `Fiyat`) VALUES ('62', '41', '1853.842957767859');
INSERT INTO `proje`.`fiyat_verir` (`SiparişID`, `TedarikçiID`, `Fiyat`) VALUES ('62', '59', '4991.872127430141');
INSERT INTO `proje`.`fiyat_verir` (`SiparişID`, `TedarikçiID`, `Fiyat`) VALUES ('62', '96', '3843.9560341263245');
INSERT INTO `proje`.`fiyat_verir` (`SiparişID`, `TedarikçiID`, `Fiyat`) VALUES ('63', '7', '1933.0297760738677');
INSERT INTO `proje`.`fiyat_verir` (`SiparişID`, `TedarikçiID`, `Fiyat`) VALUES ('63', '34', '4886.114334191207');
INSERT INTO `proje`.`fiyat_verir` (`SiparişID`, `TedarikçiID`, `Fiyat`) VALUES ('63', '56', '2799.1498157381575');
INSERT INTO `proje`.`fiyat_verir` (`SiparişID`, `TedarikçiID`, `Fiyat`) VALUES ('63', '87', '367.9668199306526');
INSERT INTO `proje`.`fiyat_verir` (`SiparişID`, `TedarikçiID`, `Fiyat`) VALUES ('64', '6', '3060.396966362814');
INSERT INTO `proje`.`fiyat_verir` (`SiparişID`, `TedarikçiID`, `Fiyat`) VALUES ('64', '26', '1247.3749464717998');
INSERT INTO `proje`.`fiyat_verir` (`SiparişID`, `TedarikçiID`, `Fiyat`) VALUES ('64', '75', '1517.0218875157898');
INSERT INTO `proje`.`fiyat_verir` (`SiparişID`, `TedarikçiID`, `Fiyat`) VALUES ('64', '86', '3653.14857055589');
INSERT INTO `proje`.`fiyat_verir` (`SiparişID`, `TedarikçiID`, `Fiyat`) VALUES ('65', '20', '833.4197014109856');
INSERT INTO `proje`.`fiyat_verir` (`SiparişID`, `TedarikçiID`, `Fiyat`) VALUES ('65', '27', '1150.2821470566828');
INSERT INTO `proje`.`fiyat_verir` (`SiparişID`, `TedarikçiID`, `Fiyat`) VALUES ('65', '71', '4552.703989628159');
INSERT INTO `proje`.`fiyat_verir` (`SiparişID`, `TedarikçiID`, `Fiyat`) VALUES ('65', '93', '4107.642497465704');
INSERT INTO `proje`.`fiyat_verir` (`SiparişID`, `TedarikçiID`, `Fiyat`) VALUES ('66', '12', '2400.6025575887907');
INSERT INTO `proje`.`fiyat_verir` (`SiparişID`, `TedarikçiID`, `Fiyat`) VALUES ('66', '50', '4219.79736694411');
INSERT INTO `proje`.`fiyat_verir` (`SiparişID`, `TedarikçiID`, `Fiyat`) VALUES ('66', '70', '3112.241854468363');
INSERT INTO `proje`.`fiyat_verir` (`SiparişID`, `TedarikçiID`, `Fiyat`) VALUES ('66', '76', '1058.299246876102');
INSERT INTO `proje`.`fiyat_verir` (`SiparişID`, `TedarikçiID`, `Fiyat`) VALUES ('67', '10', '4936.4112922117765');
INSERT INTO `proje`.`fiyat_verir` (`SiparişID`, `TedarikçiID`, `Fiyat`) VALUES ('67', '40', '755.9967989258754');
INSERT INTO `proje`.`fiyat_verir` (`SiparişID`, `TedarikçiID`, `Fiyat`) VALUES ('67', '74', '3004.548469404911');
INSERT INTO `proje`.`fiyat_verir` (`SiparişID`, `TedarikçiID`, `Fiyat`) VALUES ('67', '88', '2371.0247292111258');
INSERT INTO `proje`.`fiyat_verir` (`SiparişID`, `TedarikçiID`, `Fiyat`) VALUES ('68', '19', '748.012322366429');
INSERT INTO `proje`.`fiyat_verir` (`SiparişID`, `TedarikçiID`, `Fiyat`) VALUES ('68', '39', '3497.863367138719');
INSERT INTO `proje`.`fiyat_verir` (`SiparişID`, `TedarikçiID`, `Fiyat`) VALUES ('68', '54', '2566.9152734713407');
INSERT INTO `proje`.`fiyat_verir` (`SiparişID`, `TedarikçiID`, `Fiyat`) VALUES ('68', '100', '4290.8030586297045');
INSERT INTO `proje`.`fiyat_verir` (`SiparişID`, `TedarikçiID`, `Fiyat`) VALUES ('69', '15', '3232.9848524985696');
INSERT INTO `proje`.`fiyat_verir` (`SiparişID`, `TedarikçiID`, `Fiyat`) VALUES ('69', '35', '3521.0804383471714');
INSERT INTO `proje`.`fiyat_verir` (`SiparişID`, `TedarikçiID`, `Fiyat`) VALUES ('69', '58', '1367.0971870096264');
INSERT INTO `proje`.`fiyat_verir` (`SiparişID`, `TedarikçiID`, `Fiyat`) VALUES ('69', '80', '2198.1701742835394');
INSERT INTO `proje`.`fiyat_verir` (`SiparişID`, `TedarikçiID`, `Fiyat`) VALUES ('70', '8', '1673.5480686731669');
INSERT INTO `proje`.`fiyat_verir` (`SiparişID`, `TedarikçiID`, `Fiyat`) VALUES ('70', '45', '4321.918573577388');
INSERT INTO `proje`.`fiyat_verir` (`SiparişID`, `TedarikçiID`, `Fiyat`) VALUES ('70', '66', '3194.3119311338305');
INSERT INTO `proje`.`fiyat_verir` (`SiparişID`, `TedarikçiID`, `Fiyat`) VALUES ('70', '80', '2405.485454921406');
INSERT INTO `proje`.`fiyat_verir` (`SiparişID`, `TedarikçiID`, `Fiyat`) VALUES ('71', '23', '1260.9812053296826');
INSERT INTO `proje`.`fiyat_verir` (`SiparişID`, `TedarikçiID`, `Fiyat`) VALUES ('71', '48', '752.8394422945407');
INSERT INTO `proje`.`fiyat_verir` (`SiparişID`, `TedarikçiID`, `Fiyat`) VALUES ('71', '62', '3722.6891458206264');
INSERT INTO `proje`.`fiyat_verir` (`SiparişID`, `TedarikçiID`, `Fiyat`) VALUES ('71', '78', '2492.3997407163265');
INSERT INTO `proje`.`fiyat_verir` (`SiparişID`, `TedarikçiID`, `Fiyat`) VALUES ('72', '18', '2402.659040301101');
INSERT INTO `proje`.`fiyat_verir` (`SiparişID`, `TedarikçiID`, `Fiyat`) VALUES ('72', '38', '4232.305531427302');
INSERT INTO `proje`.`fiyat_verir` (`SiparişID`, `TedarikçiID`, `Fiyat`) VALUES ('72', '66', '524.5738438805278');
INSERT INTO `proje`.`fiyat_verir` (`SiparişID`, `TedarikçiID`, `Fiyat`) VALUES ('72', '79', '4363.449274204209');
INSERT INTO `proje`.`fiyat_verir` (`SiparişID`, `TedarikçiID`, `Fiyat`) VALUES ('73', '21', '3043.728172065934');
INSERT INTO `proje`.`fiyat_verir` (`SiparişID`, `TedarikçiID`, `Fiyat`) VALUES ('73', '45', '4362.434864175241');
INSERT INTO `proje`.`fiyat_verir` (`SiparişID`, `TedarikçiID`, `Fiyat`) VALUES ('73', '73', '2895.5886386078373');
INSERT INTO `proje`.`fiyat_verir` (`SiparişID`, `TedarikçiID`, `Fiyat`) VALUES ('73', '79', '1624.9387859636179');
INSERT INTO `proje`.`fiyat_verir` (`SiparişID`, `TedarikçiID`, `Fiyat`) VALUES ('74', '18', '1299.638831779838');
INSERT INTO `proje`.`fiyat_verir` (`SiparişID`, `TedarikçiID`, `Fiyat`) VALUES ('74', '33', '2537.699805123646');
INSERT INTO `proje`.`fiyat_verir` (`SiparişID`, `TedarikçiID`, `Fiyat`) VALUES ('74', '72', '1398.106828127912');
INSERT INTO `proje`.`fiyat_verir` (`SiparişID`, `TedarikçiID`, `Fiyat`) VALUES ('74', '85', '2237.2119896151335');
INSERT INTO `proje`.`fiyat_verir` (`SiparişID`, `TedarikçiID`, `Fiyat`) VALUES ('75', '23', '4369.737543699343');
INSERT INTO `proje`.`fiyat_verir` (`SiparişID`, `TedarikçiID`, `Fiyat`) VALUES ('75', '29', '4174.35790820597');
INSERT INTO `proje`.`fiyat_verir` (`SiparişID`, `TedarikçiID`, `Fiyat`) VALUES ('75', '62', '2409.423087042876');
INSERT INTO `proje`.`fiyat_verir` (`SiparişID`, `TedarikçiID`, `Fiyat`) VALUES ('75', '82', '4701.342450762855');
INSERT INTO `proje`.`fiyat_verir` (`SiparişID`, `TedarikçiID`, `Fiyat`) VALUES ('76', '7', '1829.3189649810024');
INSERT INTO `proje`.`fiyat_verir` (`SiparişID`, `TedarikçiID`, `Fiyat`) VALUES ('76', '32', '2911.1006671791856');
INSERT INTO `proje`.`fiyat_verir` (`SiparişID`, `TedarikçiID`, `Fiyat`) VALUES ('76', '71', '1689.4089436246652');
INSERT INTO `proje`.`fiyat_verir` (`SiparişID`, `TedarikçiID`, `Fiyat`) VALUES ('76', '90', '2067.1851418206284');
INSERT INTO `proje`.`fiyat_verir` (`SiparişID`, `TedarikçiID`, `Fiyat`) VALUES ('77', '25', '4010.95306953516');
INSERT INTO `proje`.`fiyat_verir` (`SiparişID`, `TedarikçiID`, `Fiyat`) VALUES ('77', '31', '535.5612454386323');
INSERT INTO `proje`.`fiyat_verir` (`SiparişID`, `TedarikçiID`, `Fiyat`) VALUES ('77', '60', '652.2493508469988');
INSERT INTO `proje`.`fiyat_verir` (`SiparişID`, `TedarikçiID`, `Fiyat`) VALUES ('77', '97', '2273.94526246689');
INSERT INTO `proje`.`fiyat_verir` (`SiparişID`, `TedarikçiID`, `Fiyat`) VALUES ('78', '11', '1453.1043082205226');
INSERT INTO `proje`.`fiyat_verir` (`SiparişID`, `TedarikçiID`, `Fiyat`) VALUES ('78', '45', '4769.6550454421795');
INSERT INTO `proje`.`fiyat_verir` (`SiparişID`, `TedarikçiID`, `Fiyat`) VALUES ('78', '51', '4041.2980674452833');
INSERT INTO `proje`.`fiyat_verir` (`SiparişID`, `TedarikçiID`, `Fiyat`) VALUES ('78', '93', '388.83927738422346');
INSERT INTO `proje`.`fiyat_verir` (`SiparişID`, `TedarikçiID`, `Fiyat`) VALUES ('79', '7', '749.8208952735812');
INSERT INTO `proje`.`fiyat_verir` (`SiparişID`, `TedarikçiID`, `Fiyat`) VALUES ('79', '40', '4207.718152148116');
INSERT INTO `proje`.`fiyat_verir` (`SiparişID`, `TedarikçiID`, `Fiyat`) VALUES ('79', '63', '2747.3898179842345');
INSERT INTO `proje`.`fiyat_verir` (`SiparişID`, `TedarikçiID`, `Fiyat`) VALUES ('79', '86', '2797.3112914498374');
INSERT INTO `proje`.`fiyat_verir` (`SiparişID`, `TedarikçiID`, `Fiyat`) VALUES ('80', '11', '1597.8439090782797');
INSERT INTO `proje`.`fiyat_verir` (`SiparişID`, `TedarikçiID`, `Fiyat`) VALUES ('80', '34', '355.41099639174354');
INSERT INTO `proje`.`fiyat_verir` (`SiparişID`, `TedarikçiID`, `Fiyat`) VALUES ('80', '54', '3367.8072426550325');
INSERT INTO `proje`.`fiyat_verir` (`SiparişID`, `TedarikçiID`, `Fiyat`) VALUES ('80', '90', '3846.6040642688354');
INSERT INTO `proje`.`fiyat_verir` (`SiparişID`, `TedarikçiID`, `Fiyat`) VALUES ('81', '23', '1646.003580733774');
INSERT INTO `proje`.`fiyat_verir` (`SiparişID`, `TedarikçiID`, `Fiyat`) VALUES ('81', '50', '950.3800012714803');
INSERT INTO `proje`.`fiyat_verir` (`SiparişID`, `TedarikçiID`, `Fiyat`) VALUES ('81', '58', '3307.3130446040195');
INSERT INTO `proje`.`fiyat_verir` (`SiparişID`, `TedarikçiID`, `Fiyat`) VALUES ('81', '94', '1948.1431436755586');
INSERT INTO `proje`.`fiyat_verir` (`SiparişID`, `TedarikçiID`, `Fiyat`) VALUES ('82', '15', '2859.7453089929413');
INSERT INTO `proje`.`fiyat_verir` (`SiparişID`, `TedarikçiID`, `Fiyat`) VALUES ('82', '28', '275.24547657428525');
INSERT INTO `proje`.`fiyat_verir` (`SiparişID`, `TedarikçiID`, `Fiyat`) VALUES ('82', '72', '3698.443319231535');
INSERT INTO `proje`.`fiyat_verir` (`SiparişID`, `TedarikçiID`, `Fiyat`) VALUES ('82', '99', '1607.786819689967');
INSERT INTO `proje`.`fiyat_verir` (`SiparişID`, `TedarikçiID`, `Fiyat`) VALUES ('83', '6', '4246.948715452658');
INSERT INTO `proje`.`fiyat_verir` (`SiparişID`, `TedarikçiID`, `Fiyat`) VALUES ('83', '31', '449.9586560341642');
INSERT INTO `proje`.`fiyat_verir` (`SiparişID`, `TedarikçiID`, `Fiyat`) VALUES ('83', '69', '3461.729427742337');
INSERT INTO `proje`.`fiyat_verir` (`SiparişID`, `TedarikçiID`, `Fiyat`) VALUES ('83', '99', '3977.658686072667');
INSERT INTO `proje`.`fiyat_verir` (`SiparişID`, `TedarikçiID`, `Fiyat`) VALUES ('84', '11', '4636.3470585272335');
INSERT INTO `proje`.`fiyat_verir` (`SiparişID`, `TedarikçiID`, `Fiyat`) VALUES ('84', '50', '1565.359135647584');
INSERT INTO `proje`.`fiyat_verir` (`SiparişID`, `TedarikçiID`, `Fiyat`) VALUES ('84', '62', '2482.6097045410643');
INSERT INTO `proje`.`fiyat_verir` (`SiparişID`, `TedarikçiID`, `Fiyat`) VALUES ('84', '84', '1121.6961079974576');
INSERT INTO `proje`.`fiyat_verir` (`SiparişID`, `TedarikçiID`, `Fiyat`) VALUES ('85', '17', '617.4725440732399');
INSERT INTO `proje`.`fiyat_verir` (`SiparişID`, `TedarikçiID`, `Fiyat`) VALUES ('85', '26', '3663.930887777322');
INSERT INTO `proje`.`fiyat_verir` (`SiparişID`, `TedarikçiID`, `Fiyat`) VALUES ('85', '63', '531.9993634867799');
INSERT INTO `proje`.`fiyat_verir` (`SiparişID`, `TedarikçiID`, `Fiyat`) VALUES ('85', '77', '1781.9048833033708');
INSERT INTO `proje`.`fiyat_verir` (`SiparişID`, `TedarikçiID`, `Fiyat`) VALUES ('86', '6', '409.73634108350456');
INSERT INTO `proje`.`fiyat_verir` (`SiparişID`, `TedarikçiID`, `Fiyat`) VALUES ('86', '43', '1312.117628381808');
INSERT INTO `proje`.`fiyat_verir` (`SiparişID`, `TedarikçiID`, `Fiyat`) VALUES ('86', '56', '849.3475693909207');
INSERT INTO `proje`.`fiyat_verir` (`SiparişID`, `TedarikçiID`, `Fiyat`) VALUES ('86', '87', '2850.661280168943');
INSERT INTO `proje`.`fiyat_verir` (`SiparişID`, `TedarikçiID`, `Fiyat`) VALUES ('87', '20', '2375.621174261342');
INSERT INTO `proje`.`fiyat_verir` (`SiparişID`, `TedarikçiID`, `Fiyat`) VALUES ('87', '39', '794.5734071206276');
INSERT INTO `proje`.`fiyat_verir` (`SiparişID`, `TedarikçiID`, `Fiyat`) VALUES ('87', '59', '1842.2759483886102');
INSERT INTO `proje`.`fiyat_verir` (`SiparişID`, `TedarikçiID`, `Fiyat`) VALUES ('87', '91', '4345.501313981955');
INSERT INTO `proje`.`fiyat_verir` (`SiparişID`, `TedarikçiID`, `Fiyat`) VALUES ('88', '11', '938.4355007525933');
INSERT INTO `proje`.`fiyat_verir` (`SiparişID`, `TedarikçiID`, `Fiyat`) VALUES ('88', '38', '4866.362538327064');
INSERT INTO `proje`.`fiyat_verir` (`SiparişID`, `TedarikçiID`, `Fiyat`) VALUES ('88', '71', '2246.6829449759643');
INSERT INTO `proje`.`fiyat_verir` (`SiparişID`, `TedarikçiID`, `Fiyat`) VALUES ('88', '86', '1330.2454651370504');
INSERT INTO `proje`.`fiyat_verir` (`SiparişID`, `TedarikçiID`, `Fiyat`) VALUES ('89', '8', '3396.317616832083');
INSERT INTO `proje`.`fiyat_verir` (`SiparişID`, `TedarikçiID`, `Fiyat`) VALUES ('89', '47', '2802.2861343543086');
INSERT INTO `proje`.`fiyat_verir` (`SiparişID`, `TedarikçiID`, `Fiyat`) VALUES ('89', '74', '4589.335594429686');
INSERT INTO `proje`.`fiyat_verir` (`SiparişID`, `TedarikçiID`, `Fiyat`) VALUES ('89', '97', '433.7129622317077');
INSERT INTO `proje`.`fiyat_verir` (`SiparişID`, `TedarikçiID`, `Fiyat`) VALUES ('90', '21', '413.87063398651964');
INSERT INTO `proje`.`fiyat_verir` (`SiparişID`, `TedarikçiID`, `Fiyat`) VALUES ('90', '39', '4602.107926768105');
INSERT INTO `proje`.`fiyat_verir` (`SiparişID`, `TedarikçiID`, `Fiyat`) VALUES ('90', '71', '4165.54057485784');
INSERT INTO `proje`.`fiyat_verir` (`SiparişID`, `TedarikçiID`, `Fiyat`) VALUES ('90', '91', '2158.2551230299414');
INSERT INTO `proje`.`fiyat_verir` (`SiparişID`, `TedarikçiID`, `Fiyat`) VALUES ('91', '4', '2830.6188664406395');
INSERT INTO `proje`.`fiyat_verir` (`SiparişID`, `TedarikçiID`, `Fiyat`) VALUES ('91', '26', '4444.623519335363');
INSERT INTO `proje`.`fiyat_verir` (`SiparişID`, `TedarikçiID`, `Fiyat`) VALUES ('91', '59', '328.6603527443093');
INSERT INTO `proje`.`fiyat_verir` (`SiparişID`, `TedarikçiID`, `Fiyat`) VALUES ('91', '89', '247.86790655132265');
INSERT INTO `proje`.`fiyat_verir` (`SiparişID`, `TedarikçiID`, `Fiyat`) VALUES ('92', '20', '4510.79227728934');
INSERT INTO `proje`.`fiyat_verir` (`SiparişID`, `TedarikçiID`, `Fiyat`) VALUES ('92', '46', '4837.214477368113');
INSERT INTO `proje`.`fiyat_verir` (`SiparişID`, `TedarikçiID`, `Fiyat`) VALUES ('92', '55', '1794.3041735383397');
INSERT INTO `proje`.`fiyat_verir` (`SiparişID`, `TedarikçiID`, `Fiyat`) VALUES ('92', '82', '4824.211117566242');
INSERT INTO `proje`.`fiyat_verir` (`SiparişID`, `TedarikçiID`, `Fiyat`) VALUES ('93', '8', '4607.591031150551');
INSERT INTO `proje`.`fiyat_verir` (`SiparişID`, `TedarikçiID`, `Fiyat`) VALUES ('93', '40', '418.63362205748285');
INSERT INTO `proje`.`fiyat_verir` (`SiparişID`, `TedarikçiID`, `Fiyat`) VALUES ('93', '61', '3412.099186213527');
INSERT INTO `proje`.`fiyat_verir` (`SiparişID`, `TedarikçiID`, `Fiyat`) VALUES ('93', '79', '4329.827492554245');
INSERT INTO `proje`.`fiyat_verir` (`SiparişID`, `TedarikçiID`, `Fiyat`) VALUES ('94', '4', '1758.7629600386838');
INSERT INTO `proje`.`fiyat_verir` (`SiparişID`, `TedarikçiID`, `Fiyat`) VALUES ('94', '38', '1919.9304277994493');
INSERT INTO `proje`.`fiyat_verir` (`SiparişID`, `TedarikçiID`, `Fiyat`) VALUES ('94', '71', '4380.725177134862');
INSERT INTO `proje`.`fiyat_verir` (`SiparişID`, `TedarikçiID`, `Fiyat`) VALUES ('94', '82', '4703.297841786713');
INSERT INTO `proje`.`fiyat_verir` (`SiparişID`, `TedarikçiID`, `Fiyat`) VALUES ('95', '24', '1744.5547686539746');
INSERT INTO `proje`.`fiyat_verir` (`SiparişID`, `TedarikçiID`, `Fiyat`) VALUES ('95', '43', '238.54909309740452');
INSERT INTO `proje`.`fiyat_verir` (`SiparişID`, `TedarikçiID`, `Fiyat`) VALUES ('95', '55', '4177.738511067763');
INSERT INTO `proje`.`fiyat_verir` (`SiparişID`, `TedarikçiID`, `Fiyat`) VALUES ('95', '80', '1189.4191545748472');
INSERT INTO `proje`.`fiyat_verir` (`SiparişID`, `TedarikçiID`, `Fiyat`) VALUES ('96', '1', '2582.417755572135');
INSERT INTO `proje`.`fiyat_verir` (`SiparişID`, `TedarikçiID`, `Fiyat`) VALUES ('96', '50', '2870.5232147813695');
INSERT INTO `proje`.`fiyat_verir` (`SiparişID`, `TedarikçiID`, `Fiyat`) VALUES ('96', '62', '4034.5469148465354');
INSERT INTO `proje`.`fiyat_verir` (`SiparişID`, `TedarikçiID`, `Fiyat`) VALUES ('96', '78', '4940.8618024572625');
INSERT INTO `proje`.`fiyat_verir` (`SiparişID`, `TedarikçiID`, `Fiyat`) VALUES ('97', '10', '700.857286621618');
INSERT INTO `proje`.`fiyat_verir` (`SiparişID`, `TedarikçiID`, `Fiyat`) VALUES ('97', '32', '3166.6538695473073');
INSERT INTO `proje`.`fiyat_verir` (`SiparişID`, `TedarikçiID`, `Fiyat`) VALUES ('97', '71', '3435.8478697140217');
INSERT INTO `proje`.`fiyat_verir` (`SiparişID`, `TedarikçiID`, `Fiyat`) VALUES ('97', '85', '1969.2202471017224');
INSERT INTO `proje`.`fiyat_verir` (`SiparişID`, `TedarikçiID`, `Fiyat`) VALUES ('98', '13', '910.4036229566623');
INSERT INTO `proje`.`fiyat_verir` (`SiparişID`, `TedarikçiID`, `Fiyat`) VALUES ('98', '48', '813.2922094790786');
INSERT INTO `proje`.`fiyat_verir` (`SiparişID`, `TedarikçiID`, `Fiyat`) VALUES ('98', '55', '4222.120079782048');
INSERT INTO `proje`.`fiyat_verir` (`SiparişID`, `TedarikçiID`, `Fiyat`) VALUES ('98', '89', '2393.1065462128895');
INSERT INTO `proje`.`fiyat_verir` (`SiparişID`, `TedarikçiID`, `Fiyat`) VALUES ('99', '11', '3710.892988115305');
INSERT INTO `proje`.`fiyat_verir` (`SiparişID`, `TedarikçiID`, `Fiyat`) VALUES ('99', '29', '2130.69467286611');
INSERT INTO `proje`.`fiyat_verir` (`SiparişID`, `TedarikçiID`, `Fiyat`) VALUES ('99', '73', '1412.402304071326');
INSERT INTO `proje`.`fiyat_verir` (`SiparişID`, `TedarikçiID`, `Fiyat`) VALUES ('99', '78', '3486.201781809099');
INSERT INTO `proje`.`fiyat_verir` (`SiparişID`, `TedarikçiID`, `Fiyat`) VALUES ('100', '4', '4795.546174208802');
INSERT INTO `proje`.`fiyat_verir` (`SiparişID`, `TedarikçiID`, `Fiyat`) VALUES ('100', '36', '2635.713865355905');
INSERT INTO `proje`.`fiyat_verir` (`SiparişID`, `TedarikçiID`, `Fiyat`) VALUES ('100', '54', '2435.316508883165');
INSERT INTO `proje`.`fiyat_verir` (`SiparişID`, `TedarikçiID`, `Fiyat`) VALUES ('100', '92', '833.7206317959748');


INSERT INTO `proje`.`sipariş` (`SiparişID`, `MateryalID`, `Miktar`, `DepoID`) VALUES ('1', '83', '29', '18');
INSERT INTO `proje`.`sipariş` (`SiparişID`, `MateryalID`, `Miktar`, `DepoID`) VALUES ('2', '31', '48', '18');
INSERT INTO `proje`.`sipariş` (`SiparişID`, `MateryalID`, `Miktar`, `DepoID`) VALUES ('3', '45', '10', '8');
INSERT INTO `proje`.`sipariş` (`SiparişID`, `MateryalID`, `Miktar`, `DepoID`) VALUES ('4', '30', '11', '11');
INSERT INTO `proje`.`sipariş` (`SiparişID`, `MateryalID`, `Miktar`, `DepoID`) VALUES ('5', '22', '29', '13');
INSERT INTO `proje`.`sipariş` (`SiparişID`, `MateryalID`, `Miktar`, `DepoID`) VALUES ('6', '59', '47', '18');
INSERT INTO `proje`.`sipariş` (`SiparişID`, `MateryalID`, `Miktar`, `DepoID`) VALUES ('7', '9', '35', '16');
INSERT INTO `proje`.`sipariş` (`SiparişID`, `MateryalID`, `Miktar`, `DepoID`) VALUES ('8', '77', '32', '4');
INSERT INTO `proje`.`sipariş` (`SiparişID`, `MateryalID`, `Miktar`, `DepoID`) VALUES ('9', '51', '24', '10');
INSERT INTO `proje`.`sipariş` (`SiparişID`, `MateryalID`, `Miktar`, `DepoID`) VALUES ('10', '81', '46', '10');
INSERT INTO `proje`.`sipariş` (`SiparişID`, `MateryalID`, `Miktar`, `DepoID`) VALUES ('11', '45', '35', '2');
INSERT INTO `proje`.`sipariş` (`SiparişID`, `MateryalID`, `Miktar`, `DepoID`) VALUES ('12', '22', '33', '18');
INSERT INTO `proje`.`sipariş` (`SiparişID`, `MateryalID`, `Miktar`, `DepoID`) VALUES ('13', '8', '35', '3');
INSERT INTO `proje`.`sipariş` (`SiparişID`, `MateryalID`, `Miktar`, `DepoID`) VALUES ('14', '21', '33', '15');
INSERT INTO `proje`.`sipariş` (`SiparişID`, `MateryalID`, `Miktar`, `DepoID`) VALUES ('15', '78', '15', '5');
INSERT INTO `proje`.`sipariş` (`SiparişID`, `MateryalID`, `Miktar`, `DepoID`) VALUES ('16', '51', '33', '8');
INSERT INTO `proje`.`sipariş` (`SiparişID`, `MateryalID`, `Miktar`, `DepoID`) VALUES ('17', '14', '9', '14');
INSERT INTO `proje`.`sipariş` (`SiparişID`, `MateryalID`, `Miktar`, `DepoID`) VALUES ('18', '47', '28', '2');
INSERT INTO `proje`.`sipariş` (`SiparişID`, `MateryalID`, `Miktar`, `DepoID`) VALUES ('19', '76', '48', '11');
INSERT INTO `proje`.`sipariş` (`SiparişID`, `MateryalID`, `Miktar`, `DepoID`) VALUES ('20', '5', '31', '3');
INSERT INTO `proje`.`sipariş` (`SiparişID`, `MateryalID`, `Miktar`, `DepoID`) VALUES ('21', '25', '45', '13');
INSERT INTO `proje`.`sipariş` (`SiparişID`, `MateryalID`, `Miktar`, `DepoID`) VALUES ('22', '3', '46', '16');
INSERT INTO `proje`.`sipariş` (`SiparişID`, `MateryalID`, `Miktar`, `DepoID`) VALUES ('23', '18', '45', '6');
INSERT INTO `proje`.`sipariş` (`SiparişID`, `MateryalID`, `Miktar`, `DepoID`) VALUES ('24', '54', '11', '3');
INSERT INTO `proje`.`sipariş` (`SiparişID`, `MateryalID`, `Miktar`, `DepoID`) VALUES ('25', '44', '16', '10');
INSERT INTO `proje`.`sipariş` (`SiparişID`, `MateryalID`, `Miktar`, `DepoID`) VALUES ('26', '40', '11', '20');
INSERT INTO `proje`.`sipariş` (`SiparişID`, `MateryalID`, `Miktar`, `DepoID`) VALUES ('27', '76', '28', '2');
INSERT INTO `proje`.`sipariş` (`SiparişID`, `MateryalID`, `Miktar`, `DepoID`) VALUES ('28', '61', '5', '10');
INSERT INTO `proje`.`sipariş` (`SiparişID`, `MateryalID`, `Miktar`, `DepoID`) VALUES ('29', '16', '39', '5');
INSERT INTO `proje`.`sipariş` (`SiparişID`, `MateryalID`, `Miktar`, `DepoID`) VALUES ('30', '87', '42', '11');
INSERT INTO `proje`.`sipariş` (`SiparişID`, `MateryalID`, `Miktar`, `DepoID`) VALUES ('31', '55', '8', '19');
INSERT INTO `proje`.`sipariş` (`SiparişID`, `MateryalID`, `Miktar`, `DepoID`) VALUES ('32', '33', '21', '14');
INSERT INTO `proje`.`sipariş` (`SiparişID`, `MateryalID`, `Miktar`, `DepoID`) VALUES ('33', '88', '2', '2');
INSERT INTO `proje`.`sipariş` (`SiparişID`, `MateryalID`, `Miktar`, `DepoID`) VALUES ('34', '73', '1', '10');
INSERT INTO `proje`.`sipariş` (`SiparişID`, `MateryalID`, `Miktar`, `DepoID`) VALUES ('35', '84', '35', '11');
INSERT INTO `proje`.`sipariş` (`SiparişID`, `MateryalID`, `Miktar`, `DepoID`) VALUES ('36', '23', '38', '3');
INSERT INTO `proje`.`sipariş` (`SiparişID`, `MateryalID`, `Miktar`, `DepoID`) VALUES ('37', '30', '20', '13');
INSERT INTO `proje`.`sipariş` (`SiparişID`, `MateryalID`, `Miktar`, `DepoID`) VALUES ('38', '19', '44', '5');
INSERT INTO `proje`.`sipariş` (`SiparişID`, `MateryalID`, `Miktar`, `DepoID`) VALUES ('39', '45', '33', '15');
INSERT INTO `proje`.`sipariş` (`SiparişID`, `MateryalID`, `Miktar`, `DepoID`) VALUES ('40', '57', '47', '17');
INSERT INTO `proje`.`sipariş` (`SiparişID`, `MateryalID`, `Miktar`, `DepoID`) VALUES ('41', '43', '48', '3');
INSERT INTO `proje`.`sipariş` (`SiparişID`, `MateryalID`, `Miktar`, `DepoID`) VALUES ('42', '7', '37', '5');
INSERT INTO `proje`.`sipariş` (`SiparişID`, `MateryalID`, `Miktar`, `DepoID`) VALUES ('43', '7', '7', '1');
INSERT INTO `proje`.`sipariş` (`SiparişID`, `MateryalID`, `Miktar`, `DepoID`) VALUES ('44', '56', '40', '5');
INSERT INTO `proje`.`sipariş` (`SiparişID`, `MateryalID`, `Miktar`, `DepoID`) VALUES ('45', '37', '35', '16');
INSERT INTO `proje`.`sipariş` (`SiparişID`, `MateryalID`, `Miktar`, `DepoID`) VALUES ('46', '18', '42', '9');
INSERT INTO `proje`.`sipariş` (`SiparişID`, `MateryalID`, `Miktar`, `DepoID`) VALUES ('47', '66', '33', '16');
INSERT INTO `proje`.`sipariş` (`SiparişID`, `MateryalID`, `Miktar`, `DepoID`) VALUES ('48', '12', '26', '9');
INSERT INTO `proje`.`sipariş` (`SiparişID`, `MateryalID`, `Miktar`, `DepoID`) VALUES ('49', '71', '24', '8');
INSERT INTO `proje`.`sipariş` (`SiparişID`, `MateryalID`, `Miktar`, `DepoID`) VALUES ('50', '11', '35', '1');
INSERT INTO `proje`.`sipariş` (`SiparişID`, `MateryalID`, `Miktar`, `DepoID`) VALUES ('51', '49', '41', '17');
INSERT INTO `proje`.`sipariş` (`SiparişID`, `MateryalID`, `Miktar`, `DepoID`) VALUES ('52', '57', '20', '16');
INSERT INTO `proje`.`sipariş` (`SiparişID`, `MateryalID`, `Miktar`, `DepoID`) VALUES ('53', '88', '1', '8');
INSERT INTO `proje`.`sipariş` (`SiparişID`, `MateryalID`, `Miktar`, `DepoID`) VALUES ('54', '74', '42', '15');
INSERT INTO `proje`.`sipariş` (`SiparişID`, `MateryalID`, `Miktar`, `DepoID`) VALUES ('55', '3', '31', '17');
INSERT INTO `proje`.`sipariş` (`SiparişID`, `MateryalID`, `Miktar`, `DepoID`) VALUES ('56', '36', '45', '11');
INSERT INTO `proje`.`sipariş` (`SiparişID`, `MateryalID`, `Miktar`, `DepoID`) VALUES ('57', '70', '48', '17');
INSERT INTO `proje`.`sipariş` (`SiparişID`, `MateryalID`, `Miktar`, `DepoID`) VALUES ('58', '48', '30', '5');
INSERT INTO `proje`.`sipariş` (`SiparişID`, `MateryalID`, `Miktar`, `DepoID`) VALUES ('59', '3', '38', '17');
INSERT INTO `proje`.`sipariş` (`SiparişID`, `MateryalID`, `Miktar`, `DepoID`) VALUES ('60', '43', '31', '20');
INSERT INTO `proje`.`sipariş` (`SiparişID`, `MateryalID`, `Miktar`, `DepoID`) VALUES ('61', '75', '4', '3');
INSERT INTO `proje`.`sipariş` (`SiparişID`, `MateryalID`, `Miktar`, `DepoID`) VALUES ('62', '74', '26', '17');
INSERT INTO `proje`.`sipariş` (`SiparişID`, `MateryalID`, `Miktar`, `DepoID`) VALUES ('63', '77', '49', '14');
INSERT INTO `proje`.`sipariş` (`SiparişID`, `MateryalID`, `Miktar`, `DepoID`) VALUES ('64', '61', '49', '14');
INSERT INTO `proje`.`sipariş` (`SiparişID`, `MateryalID`, `Miktar`, `DepoID`) VALUES ('65', '33', '49', '9');
INSERT INTO `proje`.`sipariş` (`SiparişID`, `MateryalID`, `Miktar`, `DepoID`) VALUES ('66', '88', '46', '10');
INSERT INTO `proje`.`sipariş` (`SiparişID`, `MateryalID`, `Miktar`, `DepoID`) VALUES ('67', '64', '11', '18');
INSERT INTO `proje`.`sipariş` (`SiparişID`, `MateryalID`, `Miktar`, `DepoID`) VALUES ('68', '7', '25', '1');
INSERT INTO `proje`.`sipariş` (`SiparişID`, `MateryalID`, `Miktar`, `DepoID`) VALUES ('69', '53', '28', '15');
INSERT INTO `proje`.`sipariş` (`SiparişID`, `MateryalID`, `Miktar`, `DepoID`) VALUES ('70', '79', '10', '11');
INSERT INTO `proje`.`sipariş` (`SiparişID`, `MateryalID`, `Miktar`, `DepoID`) VALUES ('71', '68', '34', '11');
INSERT INTO `proje`.`sipariş` (`SiparişID`, `MateryalID`, `Miktar`, `DepoID`) VALUES ('72', '42', '48', '11');
INSERT INTO `proje`.`sipariş` (`SiparişID`, `MateryalID`, `Miktar`, `DepoID`) VALUES ('73', '31', '19', '12');
INSERT INTO `proje`.`sipariş` (`SiparişID`, `MateryalID`, `Miktar`, `DepoID`) VALUES ('74', '56', '6', '5');
INSERT INTO `proje`.`sipariş` (`SiparişID`, `MateryalID`, `Miktar`, `DepoID`) VALUES ('75', '54', '42', '15');
INSERT INTO `proje`.`sipariş` (`SiparişID`, `MateryalID`, `Miktar`, `DepoID`) VALUES ('76', '26', '6', '9');
INSERT INTO `proje`.`sipariş` (`SiparişID`, `MateryalID`, `Miktar`, `DepoID`) VALUES ('77', '27', '1', '7');
INSERT INTO `proje`.`sipariş` (`SiparişID`, `MateryalID`, `Miktar`, `DepoID`) VALUES ('78', '43', '42', '10');
INSERT INTO `proje`.`sipariş` (`SiparişID`, `MateryalID`, `Miktar`, `DepoID`) VALUES ('79', '80', '19', '4');
INSERT INTO `proje`.`sipariş` (`SiparişID`, `MateryalID`, `Miktar`, `DepoID`) VALUES ('80', '19', '6', '11');
INSERT INTO `proje`.`sipariş` (`SiparişID`, `MateryalID`, `Miktar`, `DepoID`) VALUES ('81', '30', '1', '19');
INSERT INTO `proje`.`sipariş` (`SiparişID`, `MateryalID`, `Miktar`, `DepoID`) VALUES ('82', '12', '26', '20');
INSERT INTO `proje`.`sipariş` (`SiparişID`, `MateryalID`, `Miktar`, `DepoID`) VALUES ('83', '82', '23', '18');
INSERT INTO `proje`.`sipariş` (`SiparişID`, `MateryalID`, `Miktar`, `DepoID`) VALUES ('84', '77', '33', '8');
INSERT INTO `proje`.`sipariş` (`SiparişID`, `MateryalID`, `Miktar`, `DepoID`) VALUES ('85', '66', '30', '10');
INSERT INTO `proje`.`sipariş` (`SiparişID`, `MateryalID`, `Miktar`, `DepoID`) VALUES ('86', '11', '47', '17');
INSERT INTO `proje`.`sipariş` (`SiparişID`, `MateryalID`, `Miktar`, `DepoID`) VALUES ('87', '62', '35', '12');
INSERT INTO `proje`.`sipariş` (`SiparişID`, `MateryalID`, `Miktar`, `DepoID`) VALUES ('88', '57', '16', '19');
INSERT INTO `proje`.`sipariş` (`SiparişID`, `MateryalID`, `Miktar`, `DepoID`) VALUES ('89', '65', '17', '10');
INSERT INTO `proje`.`sipariş` (`SiparişID`, `MateryalID`, `Miktar`, `DepoID`) VALUES ('90', '6', '21', '3');
INSERT INTO `proje`.`sipariş` (`SiparişID`, `MateryalID`, `Miktar`, `DepoID`) VALUES ('91', '91', '22', '1');
INSERT INTO `proje`.`sipariş` (`SiparişID`, `MateryalID`, `Miktar`, `DepoID`) VALUES ('92', '27', '2', '2');
INSERT INTO `proje`.`sipariş` (`SiparişID`, `MateryalID`, `Miktar`, `DepoID`) VALUES ('93', '12', '15', '14');
INSERT INTO `proje`.`sipariş` (`SiparişID`, `MateryalID`, `Miktar`, `DepoID`) VALUES ('94', '67', '42', '9');
INSERT INTO `proje`.`sipariş` (`SiparişID`, `MateryalID`, `Miktar`, `DepoID`) VALUES ('95', '7', '32', '20');
INSERT INTO `proje`.`sipariş` (`SiparişID`, `MateryalID`, `Miktar`, `DepoID`) VALUES ('96', '22', '9', '13');
INSERT INTO `proje`.`sipariş` (`SiparişID`, `MateryalID`, `Miktar`, `DepoID`) VALUES ('97', '89', '10', '13');
INSERT INTO `proje`.`sipariş` (`SiparişID`, `MateryalID`, `Miktar`, `DepoID`) VALUES ('98', '64', '41', '20');
INSERT INTO `proje`.`sipariş` (`SiparişID`, `MateryalID`, `Miktar`, `DepoID`) VALUES ('99', '7', '49', '5');
INSERT INTO `proje`.`sipariş` (`SiparişID`, `MateryalID`, `Miktar`, `DepoID`) VALUES ('100', '18', '43', '2');

INSERT INTO `proje`.`bakım` (`MateryalID`, `DepoID`, `BakımTarihi`, `İşlemDetayi`, `PersonelID`) VALUES (61, 19, '2024-08-10', 'Genel kontrol', 349);
INSERT INTO `proje`.`bakım` (`MateryalID`, `DepoID`, `BakımTarihi`, `İşlemDetayi`, `PersonelID`) VALUES (43, 15, '2024-08-19', 'Genel kontrol', 144);
INSERT INTO `proje`.`bakım` (`MateryalID`, `DepoID`, `BakımTarihi`, `İşlemDetayi`, `PersonelID`) VALUES (44, 18, '2024-08-12', 'Temizlik', 63);
INSERT INTO `proje`.`bakım` (`MateryalID`, `DepoID`, `BakımTarihi`, `İşlemDetayi`, `PersonelID`) VALUES (29, 17, '2024-08-19', 'Fonksiyon testi', 826);
INSERT INTO `proje`.`bakım` (`MateryalID`, `DepoID`, `BakımTarihi`, `İşlemDetayi`, `PersonelID`) VALUES (23, 18, '2024-08-17', 'Parça değişimi', 589);
INSERT INTO `proje`.`bakım` (`MateryalID`, `DepoID`, `BakımTarihi`, `İşlemDetayi`, `PersonelID`) VALUES (72, 6, '2024-08-10', 'Fonksiyon testi', 819);
INSERT INTO `proje`.`bakım` (`MateryalID`, `DepoID`, `BakımTarihi`, `İşlemDetayi`, `PersonelID`) VALUES (12, 20, '2024-08-16', 'Parça değişimi', 980);
INSERT INTO `proje`.`bakım` (`MateryalID`, `DepoID`, `BakımTarihi`, `İşlemDetayi`, `PersonelID`) VALUES (5, 14, '2024-08-18', 'Parça değişimi', 414);
INSERT INTO `proje`.`bakım` (`MateryalID`, `DepoID`, `BakımTarihi`, `İşlemDetayi`, `PersonelID`) VALUES (85, 18, '2024-08-10', 'Genel kontrol', 8);
INSERT INTO `proje`.`bakım` (`MateryalID`, `DepoID`, `BakımTarihi`, `İşlemDetayi`, `PersonelID`) VALUES (19, 19, '2024-08-13', 'Genel kontrol', 470);
INSERT INTO `proje`.`bakım` (`MateryalID`, `DepoID`, `BakımTarihi`, `İşlemDetayi`, `PersonelID`) VALUES (28, 1, '2024-08-19', 'Yağ değişimi', 473);
INSERT INTO `proje`.`bakım` (`MateryalID`, `DepoID`, `BakımTarihi`, `İşlemDetayi`, `PersonelID`) VALUES (86, 17, '2024-08-18', 'Fonksiyon testi', 56);
INSERT INTO `proje`.`bakım` (`MateryalID`, `DepoID`, `BakımTarihi`, `İşlemDetayi`, `PersonelID`) VALUES (73, 13, '2024-08-11', 'Parça değişimi', 603);
INSERT INTO `proje`.`bakım` (`MateryalID`, `DepoID`, `BakımTarihi`, `İşlemDetayi`, `PersonelID`) VALUES (76, 8, '2024-08-16', 'Genel kontrol', 297);
INSERT INTO `proje`.`bakım` (`MateryalID`, `DepoID`, `BakımTarihi`, `İşlemDetayi`, `PersonelID`) VALUES (41, 4, '2024-08-17', 'Yağ değişimi', 387);
INSERT INTO `proje`.`bakım` (`MateryalID`, `DepoID`, `BakımTarihi`, `İşlemDetayi`, `PersonelID`) VALUES (85, 15, '2024-08-18', 'Fonksiyon testi', 181);
INSERT INTO `proje`.`bakım` (`MateryalID`, `DepoID`, `BakımTarihi`, `İşlemDetayi`, `PersonelID`) VALUES (16, 20, '2024-08-19', 'Genel kontrol', 678);
INSERT INTO `proje`.`bakım` (`MateryalID`, `DepoID`, `BakımTarihi`, `İşlemDetayi`, `PersonelID`) VALUES (16, 1, '2024-08-17', 'Yağ değişimi', 126);
INSERT INTO `proje`.`bakım` (`MateryalID`, `DepoID`, `BakımTarihi`, `İşlemDetayi`, `PersonelID`) VALUES (19, 15, '2024-08-19', 'Yağ değişimi', 474);
INSERT INTO `proje`.`bakım` (`MateryalID`, `DepoID`, `BakımTarihi`, `İşlemDetayi`, `PersonelID`) VALUES (1, 6, '2024-08-15', 'Yağ değişimi', 204);
INSERT INTO `proje`.`bakım` (`MateryalID`, `DepoID`, `BakımTarihi`, `İşlemDetayi`, `PersonelID`) VALUES (3, 19, '2024-06-10', 'Fonksiyon testi', 787);
INSERT INTO `proje`.`bakım` (`MateryalID`, `DepoID`, `BakımTarihi`, `İşlemDetayi`, `PersonelID`) VALUES (18, 7, '2023-10-29', 'Temizlik', 256);
INSERT INTO `proje`.`bakım` (`MateryalID`, `DepoID`, `BakımTarihi`, `İşlemDetayi`, `PersonelID`) VALUES (74, 3, '2024-02-20', 'Temizlik', 801);
INSERT INTO `proje`.`bakım` (`MateryalID`, `DepoID`, `BakımTarihi`, `İşlemDetayi`, `PersonelID`) VALUES (68, 9, '2023-11-02', 'Temizlik', 391);
INSERT INTO `proje`.`bakım` (`MateryalID`, `DepoID`, `BakımTarihi`, `İşlemDetayi`, `PersonelID`) VALUES (30, 2, '2024-02-08', 'Yağ değişimi', 282);
INSERT INTO `proje`.`bakım` (`MateryalID`, `DepoID`, `BakımTarihi`, `İşlemDetayi`, `PersonelID`) VALUES (74, 6, '2024-06-25', 'Temizlik', 982);
INSERT INTO `proje`.`bakım` (`MateryalID`, `DepoID`, `BakımTarihi`, `İşlemDetayi`, `PersonelID`) VALUES (32, 20, '2024-06-19', 'Temizlik', 94);
INSERT INTO `proje`.`bakım` (`MateryalID`, `DepoID`, `BakımTarihi`, `İşlemDetayi`, `PersonelID`) VALUES (5, 13, '2023-12-11', 'Fonksiyon testi', 107);
INSERT INTO `proje`.`bakım` (`MateryalID`, `DepoID`, `BakımTarihi`, `İşlemDetayi`, `PersonelID`) VALUES (86, 19, '2024-02-15', 'Yağ değişimi', 997);
INSERT INTO `proje`.`bakım` (`MateryalID`, `DepoID`, `BakımTarihi`, `İşlemDetayi`, `PersonelID`) VALUES (20, 13, '2024-05-20', 'Genel kontrol', 651);
INSERT INTO `proje`.`bakım` (`MateryalID`, `DepoID`, `BakımTarihi`, `İşlemDetayi`, `PersonelID`) VALUES (34, 1, '2024-02-15', 'Fonksiyon testi', 313);
INSERT INTO `proje`.`bakım` (`MateryalID`, `DepoID`, `BakımTarihi`, `İşlemDetayi`, `PersonelID`) VALUES (1, 15, '2024-02-26', 'Yağ değişimi', 715);
INSERT INTO `proje`.`bakım` (`MateryalID`, `DepoID`, `BakımTarihi`, `İşlemDetayi`, `PersonelID`) VALUES (1, 6, '2024-01-18', 'Yağ değişimi', 204);
INSERT INTO `proje`.`bakım` (`MateryalID`, `DepoID`, `BakımTarihi`, `İşlemDetayi`, `PersonelID`) VALUES (16, 1, '2024-02-02', 'Yağ değişimi', 126);
INSERT INTO `proje`.`bakım` (`MateryalID`, `DepoID`, `BakımTarihi`, `İşlemDetayi`, `PersonelID`) VALUES (22, 13, '2023-12-21', 'Genel kontrol', 767);
INSERT INTO `proje`.`bakım` (`MateryalID`, `DepoID`, `BakımTarihi`, `İşlemDetayi`, `PersonelID`) VALUES (69, 19, '2023-11-29', 'Temizlik', 780);
INSERT INTO `proje`.`bakım` (`MateryalID`, `DepoID`, `BakımTarihi`, `İşlemDetayi`, `PersonelID`) VALUES (12, 20, '2024-06-05', 'Parça değişimi', 980);
INSERT INTO `proje`.`bakım` (`MateryalID`, `DepoID`, `BakımTarihi`, `İşlemDetayi`, `PersonelID`) VALUES (57, 14, '2024-02-11', 'Parça değişimi', 722);
INSERT INTO `proje`.`bakım` (`MateryalID`, `DepoID`, `BakımTarihi`, `İşlemDetayi`, `PersonelID`) VALUES (33, 17, '2023-11-26', 'Fonksiyon testi', 401);
INSERT INTO `proje`.`bakım` (`MateryalID`, `DepoID`, `BakımTarihi`, `İşlemDetayi`, `PersonelID`) VALUES (3, 18, '2023-10-16', 'Genel kontrol', 931);
INSERT INTO `proje`.`bakım` (`MateryalID`, `DepoID`, `BakımTarihi`, `İşlemDetayi`, `PersonelID`) VALUES (23, 3, '2023-09-18', 'Genel kontrol', 546);
INSERT INTO `proje`.`bakım` (`MateryalID`, `DepoID`, `BakımTarihi`, `İşlemDetayi`, `PersonelID`) VALUES (76, 8, '2024-01-16', 'Genel kontrol', 297);
INSERT INTO `proje`.`bakım` (`MateryalID`, `DepoID`, `BakımTarihi`, `İşlemDetayi`, `PersonelID`) VALUES (28, 1, '2024-03-08', 'Yağ değişimi', 473);
INSERT INTO `proje`.`bakım` (`MateryalID`, `DepoID`, `BakımTarihi`, `İşlemDetayi`, `PersonelID`) VALUES (38, 6, '2023-10-23', 'Parça değişimi', 336);
INSERT INTO `proje`.`bakım` (`MateryalID`, `DepoID`, `BakımTarihi`, `İşlemDetayi`, `PersonelID`) VALUES (85, 18, '2024-03-21', 'Genel kontrol', 8);
INSERT INTO `proje`.`bakım` (`MateryalID`, `DepoID`, `BakımTarihi`, `İşlemDetayi`, `PersonelID`) VALUES (2, 2, '2024-06-21', 'Fonksiyon testi', 497);
INSERT INTO `proje`.`bakım` (`MateryalID`, `DepoID`, `BakımTarihi`, `İşlemDetayi`, `PersonelID`) VALUES (1, 4, '2024-03-01', 'Fonksiyon testi', 742);
INSERT INTO `proje`.`bakım` (`MateryalID`, `DepoID`, `BakımTarihi`, `İşlemDetayi`, `PersonelID`) VALUES (64, 7, '2023-12-07', 'Genel kontrol', 886);
INSERT INTO `proje`.`bakım` (`MateryalID`, `DepoID`, `BakımTarihi`, `İşlemDetayi`, `PersonelID`) VALUES (19, 19, '2024-04-28', 'Genel kontrol', 470);
INSERT INTO `proje`.`bakım` (`MateryalID`, `DepoID`, `BakımTarihi`, `İşlemDetayi`, `PersonelID`) VALUES (73, 4, '2024-07-18', 'Yağ değişimi', 468);
INSERT INTO `proje`.`bakım` (`MateryalID`, `DepoID`, `BakımTarihi`, `İşlemDetayi`, `PersonelID`) VALUES (54, 18, '2024-07-12', 'Yağ değişimi', 311);
INSERT INTO `proje`.`bakım` (`MateryalID`, `DepoID`, `BakımTarihi`, `İşlemDetayi`, `PersonelID`) VALUES (91, 7, '2024-03-03', 'Genel kontrol', 762);
INSERT INTO `proje`.`bakım` (`MateryalID`, `DepoID`, `BakımTarihi`, `İşlemDetayi`, `PersonelID`) VALUES (40, 9, '2023-09-25', 'Temizlik', 304);
INSERT INTO `proje`.`bakım` (`MateryalID`, `DepoID`, `BakımTarihi`, `İşlemDetayi`, `PersonelID`) VALUES (79, 4, '2023-09-03', 'Fonksiyon testi', 404);
INSERT INTO `proje`.`bakım` (`MateryalID`, `DepoID`, `BakımTarihi`, `İşlemDetayi`, `PersonelID`) VALUES (16, 20, '2024-04-14', 'Genel kontrol', 678);
INSERT INTO `proje`.`bakım` (`MateryalID`, `DepoID`, `BakımTarihi`, `İşlemDetayi`, `PersonelID`) VALUES (74, 15, '2024-07-17', 'Parça değişimi', 487);
INSERT INTO `proje`.`bakım` (`MateryalID`, `DepoID`, `BakımTarihi`, `İşlemDetayi`, `PersonelID`) VALUES (64, 4, '2023-09-29', 'Fonksiyon testi', 182);
INSERT INTO `proje`.`bakım` (`MateryalID`, `DepoID`, `BakımTarihi`, `İşlemDetayi`, `PersonelID`) VALUES (1, 16, '2024-01-16', 'Parça değişimi', 890);
INSERT INTO `proje`.`bakım` (`MateryalID`, `DepoID`, `BakımTarihi`, `İşlemDetayi`, `PersonelID`) VALUES (5, 10, '2024-03-10', 'Parça değişimi', 127);
INSERT INTO `proje`.`bakım` (`MateryalID`, `DepoID`, `BakımTarihi`, `İşlemDetayi`, `PersonelID`) VALUES (61, 19, '2024-07-04', 'Genel kontrol', 349);
INSERT INTO `proje`.`bakım` (`MateryalID`, `DepoID`, `BakımTarihi`, `İşlemDetayi`, `PersonelID`) VALUES (67, 13, '2024-01-18', 'Yağ değişimi', 327);
INSERT INTO `proje`.`bakım` (`MateryalID`, `DepoID`, `BakımTarihi`, `İşlemDetayi`, `PersonelID`) VALUES (13, 12, '2023-11-25', 'Temizlik', 711);
INSERT INTO `proje`.`bakım` (`MateryalID`, `DepoID`, `BakımTarihi`, `İşlemDetayi`, `PersonelID`) VALUES (24, 14, '2023-12-22', 'Genel kontrol', 771);
INSERT INTO `proje`.`bakım` (`MateryalID`, `DepoID`, `BakımTarihi`, `İşlemDetayi`, `PersonelID`) VALUES (11, 5, '2023-09-19', 'Temizlik', 470);
INSERT INTO `proje`.`bakım` (`MateryalID`, `DepoID`, `BakımTarihi`, `İşlemDetayi`, `PersonelID`) VALUES (5, 14, '2024-05-01', 'Parça değişimi', 414);
INSERT INTO `proje`.`bakım` (`MateryalID`, `DepoID`, `BakımTarihi`, `İşlemDetayi`, `PersonelID`) VALUES (51, 20, '2023-09-05', 'Fonksiyon testi', 724);
INSERT INTO `proje`.`bakım` (`MateryalID`, `DepoID`, `BakımTarihi`, `İşlemDetayi`, `PersonelID`) VALUES (91, 19, '2023-09-01', 'Parça değişimi', 236);
INSERT INTO `proje`.`bakım` (`MateryalID`, `DepoID`, `BakımTarihi`, `İşlemDetayi`, `PersonelID`) VALUES (73, 13, '2023-10-04', 'Parça değişimi', 603);
INSERT INTO `proje`.`bakım` (`MateryalID`, `DepoID`, `BakımTarihi`, `İşlemDetayi`, `PersonelID`) VALUES (78, 13, '2024-04-25', 'Yağ değişimi', 153);
INSERT INTO `proje`.`bakım` (`MateryalID`, `DepoID`, `BakımTarihi`, `İşlemDetayi`, `PersonelID`) VALUES (58, 7, '2023-10-03', 'Yağ değişimi', 254);
INSERT INTO `proje`.`bakım` (`MateryalID`, `DepoID`, `BakımTarihi`, `İşlemDetayi`, `PersonelID`) VALUES (30, 6, '2023-10-05', 'Genel kontrol', 561);
INSERT INTO `proje`.`bakım` (`MateryalID`, `DepoID`, `BakımTarihi`, `İşlemDetayi`, `PersonelID`) VALUES (33, 15, '2023-09-02', 'Temizlik', 327);
INSERT INTO `proje`.`bakım` (`MateryalID`, `DepoID`, `BakımTarihi`, `İşlemDetayi`, `PersonelID`) VALUES (29, 9, '2023-11-12', 'Fonksiyon testi', 984);
INSERT INTO `proje`.`bakım` (`MateryalID`, `DepoID`, `BakımTarihi`, `İşlemDetayi`, `PersonelID`) VALUES (67, 9, '2024-07-12', 'Parça değişimi', 274);
INSERT INTO `proje`.`bakım` (`MateryalID`, `DepoID`, `BakımTarihi`, `İşlemDetayi`, `PersonelID`) VALUES (11, 7, '2024-06-04', 'Genel kontrol', 888);
INSERT INTO `proje`.`bakım` (`MateryalID`, `DepoID`, `BakımTarihi`, `İşlemDetayi`, `PersonelID`) VALUES (44, 18, '2024-01-29', 'Temizlik', 63);
INSERT INTO `proje`.`bakım` (`MateryalID`, `DepoID`, `BakımTarihi`, `İşlemDetayi`, `PersonelID`) VALUES (45, 6, '2024-05-29', 'Temizlik', 68);
INSERT INTO `proje`.`bakım` (`MateryalID`, `DepoID`, `BakımTarihi`, `İşlemDetayi`, `PersonelID`) VALUES (82, 2, '2024-07-06', 'Temizlik', 663);
INSERT INTO `proje`.`bakım` (`MateryalID`, `DepoID`, `BakımTarihi`, `İşlemDetayi`, `PersonelID`) VALUES (85, 7, '2024-07-23', 'Yağ değişimi', 765);
INSERT INTO `proje`.`bakım` (`MateryalID`, `DepoID`, `BakımTarihi`, `İşlemDetayi`, `PersonelID`) VALUES (54, 15, '2024-01-16', 'Temizlik', 136);
INSERT INTO `proje`.`bakım` (`MateryalID`, `DepoID`, `BakımTarihi`, `İşlemDetayi`, `PersonelID`) VALUES (73, 18, '2024-01-04', 'Temizlik', 675);
INSERT INTO `proje`.`bakım` (`MateryalID`, `DepoID`, `BakımTarihi`, `İşlemDetayi`, `PersonelID`) VALUES (70, 6, '2023-08-12', 'Genel kontrol', 860);
INSERT INTO `proje`.`bakım` (`MateryalID`, `DepoID`, `BakımTarihi`, `İşlemDetayi`, `PersonelID`) VALUES (19, 15, '2024-05-06', 'Yağ değişimi', 474);
INSERT INTO `proje`.`bakım` (`MateryalID`, `DepoID`, `BakımTarihi`, `İşlemDetayi`, `PersonelID`) VALUES (67, 7, '2024-02-28', 'Genel kontrol', 678);
INSERT INTO `proje`.`bakım` (`MateryalID`, `DepoID`, `BakımTarihi`, `İşlemDetayi`, `PersonelID`) VALUES (85, 15, '2023-11-13', 'Fonksiyon testi', 181);
INSERT INTO `proje`.`bakım` (`MateryalID`, `DepoID`, `BakımTarihi`, `İşlemDetayi`, `PersonelID`) VALUES (19, 13, '2023-10-15', 'Temizlik', 212);
INSERT INTO `proje`.`bakım` (`MateryalID`, `DepoID`, `BakımTarihi`, `İşlemDetayi`, `PersonelID`) VALUES (23, 18, '2024-04-18', 'Parça değişimi', 589);
INSERT INTO `proje`.`bakım` (`MateryalID`, `DepoID`, `BakımTarihi`, `İşlemDetayi`, `PersonelID`) VALUES (10, 5, '2023-11-19', 'Fonksiyon testi', 62);
INSERT INTO `proje`.`bakım` (`MateryalID`, `DepoID`, `BakımTarihi`, `İşlemDetayi`, `PersonelID`) VALUES (75, 13, '2024-03-10', 'Genel kontrol', 747);
INSERT INTO `proje`.`bakım` (`MateryalID`, `DepoID`, `BakımTarihi`, `İşlemDetayi`, `PersonelID`) VALUES (5, 9, '2024-05-19', 'Fonksiyon testi', 196);
INSERT INTO `proje`.`bakım` (`MateryalID`, `DepoID`, `BakımTarihi`, `İşlemDetayi`, `PersonelID`) VALUES (43, 15, '2024-07-13', 'Genel kontrol', 144);
INSERT INTO `proje`.`bakım` (`MateryalID`, `DepoID`, `BakımTarihi`, `İşlemDetayi`, `PersonelID`) VALUES (1, 3, '2023-10-28', 'Temizlik', 694);
INSERT INTO `proje`.`bakım` (`MateryalID`, `DepoID`, `BakımTarihi`, `İşlemDetayi`, `PersonelID`) VALUES (62, 8, '2024-01-31', 'Parça değişimi', 344);
INSERT INTO `proje`.`bakım` (`MateryalID`, `DepoID`, `BakımTarihi`, `İşlemDetayi`, `PersonelID`) VALUES (20, 7, '2024-03-15', 'Fonksiyon testi', 705);
INSERT INTO `proje`.`bakım` (`MateryalID`, `DepoID`, `BakımTarihi`, `İşlemDetayi`, `PersonelID`) VALUES (13, 10, '2023-08-26', 'Parça değişimi', 140);
INSERT INTO `proje`.`bakım` (`MateryalID`, `DepoID`, `BakımTarihi`, `İşlemDetayi`, `PersonelID`) VALUES (82, 8, '2024-05-06', 'Temizlik', 642);
INSERT INTO `proje`.`bakım` (`MateryalID`, `DepoID`, `BakımTarihi`, `İşlemDetayi`, `PersonelID`) VALUES (16, 2, '2024-05-09', 'Yağ değişimi', 462);
INSERT INTO `proje`.`bakım` (`MateryalID`, `DepoID`, `BakımTarihi`, `İşlemDetayi`, `PersonelID`) VALUES (39, 12, '2024-01-15', 'Genel kontrol', 395);
INSERT INTO `proje`.`bakım` (`MateryalID`, `DepoID`, `BakımTarihi`, `İşlemDetayi`, `PersonelID`) VALUES (29, 7, '2024-02-06', 'Genel kontrol', 136);
INSERT INTO `proje`.`bakım` (`MateryalID`, `DepoID`, `BakımTarihi`, `İşlemDetayi`, `PersonelID`) VALUES (41, 4, '2023-10-22', 'Yağ değişimi', 387);
INSERT INTO `proje`.`bakım` (`MateryalID`, `DepoID`, `BakımTarihi`, `İşlemDetayi`, `PersonelID`) VALUES (73, 19, '2024-01-06', 'Fonksiyon testi', 237);
INSERT INTO `proje`.`bakım` (`MateryalID`, `DepoID`, `BakımTarihi`, `İşlemDetayi`, `PersonelID`) VALUES (24, 19, '2024-05-22', 'Fonksiyon testi', 98);
INSERT INTO `proje`.`bakım` (`MateryalID`, `DepoID`, `BakımTarihi`, `İşlemDetayi`, `PersonelID`) VALUES (86, 17, '2023-09-05', 'Fonksiyon testi', 56);
INSERT INTO `proje`.`bakım` (`MateryalID`, `DepoID`, `BakımTarihi`, `İşlemDetayi`, `PersonelID`) VALUES (55, 1, '2024-03-06', 'Yağ değişimi', 915);
INSERT INTO `proje`.`bakım` (`MateryalID`, `DepoID`, `BakımTarihi`, `İşlemDetayi`, `PersonelID`) VALUES (16, 19, '2024-05-24', 'Genel kontrol', 370);
INSERT INTO `proje`.`bakım` (`MateryalID`, `DepoID`, `BakımTarihi`, `İşlemDetayi`, `PersonelID`) VALUES (62, 4, '2024-07-06', 'Fonksiyon testi', 741);
INSERT INTO `proje`.`bakım` (`MateryalID`, `DepoID`, `BakımTarihi`, `İşlemDetayi`, `PersonelID`) VALUES (37, 12, '2023-11-07', 'Temizlik', 439);
INSERT INTO `proje`.`bakım` (`MateryalID`, `DepoID`, `BakımTarihi`, `İşlemDetayi`, `PersonelID`) VALUES (52, 6, '2023-08-18', 'Genel kontrol', 130);
INSERT INTO `proje`.`bakım` (`MateryalID`, `DepoID`, `BakımTarihi`, `İşlemDetayi`, `PersonelID`) VALUES (41, 4, '2024-03-29', 'Temizlik', 327);
INSERT INTO `proje`.`bakım` (`MateryalID`, `DepoID`, `BakımTarihi`, `İşlemDetayi`, `PersonelID`) VALUES (48, 5, '2024-04-07', 'Temizlik', 658);
INSERT INTO `proje`.`bakım` (`MateryalID`, `DepoID`, `BakımTarihi`, `İşlemDetayi`, `PersonelID`) VALUES (76, 13, '2024-04-21', 'Temizlik', 672);
INSERT INTO `proje`.`bakım` (`MateryalID`, `DepoID`, `BakımTarihi`, `İşlemDetayi`, `PersonelID`) VALUES (35, 14, '2024-01-19', 'Yağ değişimi', 804);
INSERT INTO `proje`.`bakım` (`MateryalID`, `DepoID`, `BakımTarihi`, `İşlemDetayi`, `PersonelID`) VALUES (72, 6, '2024-04-17', 'Fonksiyon testi', 819);
INSERT INTO `proje`.`bakım` (`MateryalID`, `DepoID`, `BakımTarihi`, `İşlemDetayi`, `PersonelID`) VALUES (29, 17, '2024-03-30', 'Fonksiyon testi', 826);
INSERT INTO `proje`.`bakım` (`MateryalID`, `DepoID`, `BakımTarihi`, `İşlemDetayi`, `PersonelID`) VALUES (42, 10, '2023-10-03', 'Yağ değişimi', 649);
INSERT INTO `proje`.`bakım` (`MateryalID`, `DepoID`, `BakımTarihi`, `İşlemDetayi`, `PersonelID`) VALUES (17, 12, '2024-01-24', 'Genel kontrol', 950);
INSERT INTO `proje`.`bakım` (`MateryalID`, `DepoID`, `BakımTarihi`, `İşlemDetayi`, `PersonelID`) VALUES (46, 2, '2024-03-10', 'Temizlik', 56);
INSERT INTO `proje`.`bakım` (`MateryalID`, `DepoID`, `BakımTarihi`, `İşlemDetayi`, `PersonelID`) VALUES (9, 13, '2024-05-14', 'Parça değişimi', 809);
INSERT INTO `proje`.`bakım` (`MateryalID`, `DepoID`, `BakımTarihi`, `İşlemDetayi`, `PersonelID`) VALUES (26, 7, '2024-01-10', 'Fonksiyon testi', 337);
INSERT INTO `proje`.`bakım` (`MateryalID`, `DepoID`, `BakımTarihi`, `İşlemDetayi`, `PersonelID`) VALUES (54, 2, '2024-05-17', 'Genel kontrol', 656);


INSERT INTO `operasyon` VALUES (1,'Barış Pınarı','2019-03-09');
INSERT INTO `operasyon` VALUES (2,'Kıran-11','2020-01-15');
INSERT INTO `operasyon` VALUES (3,'Kapan-3','2020-02-18');
INSERT INTO `operasyon` VALUES (4,'Süvari Operasyonu','2022-04-30');
INSERT INTO `operasyon` VALUES (5,'Kartal Yıldızı','2021-11-15');
INSERT INTO `operasyon` VALUES (6,'Beyaz Kartal','2022-07-22');
INSERT INTO `operasyon` VALUES (7,'Demir Pençe','2022-02-27');
INSERT INTO `operasyon` VALUES (8,'Ceylan','2022-10-23');
INSERT INTO `operasyon` VALUES (9,'Kılıç Darbesi','2022-06-27');
INSERT INTO `operasyon` VALUES (10,'Kartal Pençesi','2022-09-12');
INSERT INTO `operasyon` VALUES (11,'Sancak','2022-09-28');
INSERT INTO `operasyon` VALUES (12,'Şimşek','2023-01-29');
INSERT INTO `operasyon` VALUES (13,'Sarıkamış','2021-11-27');
INSERT INTO `operasyon` VALUES (14,'Kızıl Elma','2022-02-25');
INSERT INTO `operasyon` VALUES (15,'Kızıl Elma','2022-06-04');
INSERT INTO `operasyon` VALUES (16,'Vatan Operasyonu','2022-11-27');
INSERT INTO `operasyon` VALUES (17,'Tufan Operasyonu','2022-06-01');
INSERT INTO `operasyon` VALUES (18,'Kasırga','2022-02-18');
INSERT INTO `operasyon` VALUES (19,'Fırtına','2021-11-16');
INSERT INTO `operasyon` VALUES (20,'Beyaz Güvercin','2022-08-27');
INSERT INTO `operasyon` VALUES (21,'Ceylan','2021-12-10');
INSERT INTO `operasyon` VALUES (22,'Şafak Yıldızı','2022-08-17');
INSERT INTO `operasyon` VALUES (23,'Kartal Harekâtı','2022-05-09');
INSERT INTO `operasyon` VALUES (24,'Kartal Harekâtı','2023-02-02');
INSERT INTO `operasyon` VALUES (25,'Zeytin Dalı','2022-01-18');
INSERT INTO `operasyon` VALUES (26,'Beyaz Kartal','2022-05-29');
INSERT INTO `operasyon` VALUES (27,'Serçe Operasyonu','2023-01-13');
INSERT INTO `operasyon` VALUES (28,'Çelik Pençe','2022-08-06');
INSERT INTO `operasyon` VALUES (29,'Anka Operasyonu','2022-03-20');
INSERT INTO `operasyon` VALUES (30,'Kasırga','2022-10-10');
INSERT INTO `operasyon` VALUES (31,'Kılıç Darbesi','2022-01-04');
INSERT INTO `operasyon` VALUES (32,'Altın Kalkan','2022-02-12');
INSERT INTO `operasyon` VALUES (33,'Yeniden Doğuş','2022-12-23');
INSERT INTO `operasyon` VALUES (34,'Sancak','2022-07-09');
INSERT INTO `operasyon` VALUES (35,'Hudut Kartalı','2023-02-13');
INSERT INTO `operasyon` VALUES (36,'Kasırga','2022-09-22');
INSERT INTO `operasyon` VALUES (37,'Süvari Harekâtı','2022-02-28');
INSERT INTO `operasyon` VALUES (38,'Gök Gürültüsü','2022-07-31');
INSERT INTO `operasyon` VALUES (39,'Ceylan','2022-08-31');
INSERT INTO `operasyon` VALUES (40,'Çelik Kalkan','2022-02-14');
INSERT INTO `operasyon` VALUES (41,'Zümrüt Harekâtı','2023-01-22');
INSERT INTO `operasyon` VALUES (42,'Yeniden Doğuş','2022-03-25');
INSERT INTO `operasyon` VALUES (43,'Kartal Harekâtı','2022-03-31');
INSERT INTO `operasyon` VALUES (44,'Kartal Harekâtı','2022-11-16');
INSERT INTO `operasyon` VALUES (45,'Hudut Kartalı','2022-06-12');
INSERT INTO `operasyon` VALUES (46,'Kılıç Darbesi','2022-02-18');
INSERT INTO `operasyon` VALUES (47,'Beyaz Kartal','2023-02-01');
INSERT INTO `operasyon` VALUES (48,'Anka Operasyonu','2022-09-20');
INSERT INTO `operasyon` VALUES (49,'Tufan Operasyonu','2022-08-14');
INSERT INTO `operasyon` VALUES (50,'Hürriyet','2023-02-01');
INSERT INTO `operasyon` VALUES (51,'Barış Getiren','2022-11-11');
INSERT INTO `operasyon` VALUES (52,'Serçe Operasyonu','2022-03-02');
INSERT INTO `operasyon` VALUES (53,'Demir Pençe','2022-12-28');


INSERT INTO `kullanlılır` VALUES (53, 23, 46);
INSERT INTO `kullanlılır` VALUES (49, 23, 79);
INSERT INTO `kullanlılır` VALUES (7, 33, 29);
INSERT INTO `kullanlılır` VALUES (87, 44, 17);
INSERT INTO `kullanlılır` VALUES (40, 37, 10);
INSERT INTO `kullanlılır` VALUES (27, 39, 7);
INSERT INTO `kullanlılır` VALUES (78, 17, 48);
INSERT INTO `kullanlılır` VALUES (68, 47, 100);
INSERT INTO `kullanlılır` VALUES (67, 50, 41);
INSERT INTO `kullanlılır` VALUES (74, 52, 20);
INSERT INTO `kullanlılır` VALUES (48, 45, 16);
INSERT INTO `kullanlılır` VALUES (49, 6, 19);
INSERT INTO `kullanlılır` VALUES (71, 46, 4);
INSERT INTO `kullanlılır` VALUES (71, 36, 19);
INSERT INTO `kullanlılır` VALUES (11, 39, 8);
INSERT INTO `kullanlılır` VALUES (75, 16, 34);
INSERT INTO `kullanlılır` VALUES (76, 13, 91);
INSERT INTO `kullanlılır` VALUES (9, 8, 58);
INSERT INTO `kullanlılır` VALUES (61, 13, 60);
INSERT INTO `kullanlılır` VALUES (86, 19, 92);
INSERT INTO `kullanlılır` VALUES (36, 22, 7);
INSERT INTO `kullanlılır` VALUES (2, 1, 46);
INSERT INTO `kullanlılır` VALUES (1, 20, 53);
INSERT INTO `kullanlılır` VALUES (52, 44, 90);
INSERT INTO `kullanlılır` VALUES (4, 18, 94);
INSERT INTO `kullanlılır` VALUES (70, 46, 11);
INSERT INTO `kullanlılır` VALUES (82, 36, 53);
INSERT INTO `kullanlılır` VALUES (6, 45, 68);
INSERT INTO `kullanlılır` VALUES (18, 44, 51);
INSERT INTO `kullanlılır` VALUES (6, 26, 90);
INSERT INTO `kullanlılır` VALUES (72, 39, 86);
INSERT INTO `kullanlılır` VALUES (20, 2, 66);
INSERT INTO `kullanlılır` VALUES (69, 37, 75);
INSERT INTO `kullanlılır` VALUES (5, 6, 33);
INSERT INTO `kullanlılır` VALUES (85, 33, 70);
INSERT INTO `kullanlılır` VALUES (52, 53, 8);
INSERT INTO `kullanlılır` VALUES (91, 7, 81);
INSERT INTO `kullanlılır` VALUES (8, 43, 61);
INSERT INTO `kullanlılır` VALUES (72, 29, 24);
INSERT INTO `kullanlılır` VALUES (80, 20, 77);
INSERT INTO `kullanlılır` VALUES (70, 14, 63);
INSERT INTO `kullanlılır` VALUES (46, 10, 62);
INSERT INTO `kullanlılır` VALUES (28, 24, 80);
INSERT INTO `kullanlılır` VALUES (69, 6, 98);
INSERT INTO `kullanlılır` VALUES (9, 48, 71);
INSERT INTO `kullanlılır` VALUES (35, 8, 13);
INSERT INTO `kullanlılır` VALUES (11, 38, 37);
INSERT INTO `kullanlılır` VALUES (35, 33, 92);
INSERT INTO `kullanlılır` VALUES (42, 38, 33);
INSERT INTO `kullanlılır` VALUES (87, 49, 77);
INSERT INTO `kullanlılır` VALUES (2, 31, 51);
INSERT INTO `kullanlılır` VALUES (38, 48, 82);
INSERT INTO `kullanlılır` VALUES (5, 30, 85);
INSERT INTO `kullanlılır` VALUES (9, 33, 57);
INSERT INTO `kullanlılır` VALUES (77, 37, 11);
INSERT INTO `kullanlılır` VALUES (56, 5, 98);
INSERT INTO `kullanlılır` VALUES (86, 12, 95);
INSERT INTO `kullanlılır` VALUES (49, 53, 32);
INSERT INTO `kullanlılır` VALUES (86, 12, 13);
INSERT INTO `kullanlılır` VALUES (82, 11, 22);
INSERT INTO `kullanlılır` VALUES (30, 46, 74);
INSERT INTO `kullanlılır` VALUES (89, 35, 36);
INSERT INTO `kullanlılır` VALUES (87, 40, 31);
INSERT INTO `kullanlılır` VALUES (70, 9, 80);
INSERT INTO `kullanlılır` VALUES (85, 42, 23);
INSERT INTO `kullanlılır` VALUES (45, 30, 43);
INSERT INTO `kullanlılır` VALUES (14, 15, 36);
INSERT INTO `kullanlılır` VALUES (10, 29, 93);
INSERT INTO `kullanlılır` VALUES (46, 19, 19);
INSERT INTO `kullanlılır` VALUES (34, 37, 70);
INSERT INTO `kullanlılır` VALUES (73, 21, 18);
INSERT INTO `kullanlılır` VALUES (49, 2, 39);
INSERT INTO `kullanlılır` VALUES (88, 10, 82);
INSERT INTO `kullanlılır` VALUES (35, 7, 27);
INSERT INTO `kullanlılır` VALUES (28, 23, 70);
INSERT INTO `kullanlılır` VALUES (66, 26, 32);
INSERT INTO `kullanlılır` VALUES (12, 22, 72);
INSERT INTO `kullanlılır` VALUES (63, 32, 29);
INSERT INTO `kullanlılır` VALUES (8, 2, 53);
INSERT INTO `kullanlılır` VALUES (35, 36, 24);
INSERT INTO `kullanlılır` VALUES (22, 3, 83);
INSERT INTO `kullanlılır` VALUES (87, 3, 67);
INSERT INTO `kullanlılır` VALUES (23, 14, 8);
INSERT INTO `kullanlılır` VALUES (7, 46, 15);
INSERT INTO `kullanlılır` VALUES (58, 14, 45);
INSERT INTO `kullanlılır` VALUES (72, 27, 56);
INSERT INTO `kullanlılır` VALUES (48, 52, 54);
INSERT INTO `kullanlılır` VALUES (75, 10, 60);
INSERT INTO `kullanlılır` VALUES (67, 24, 86);
INSERT INTO `kullanlılır` VALUES (15, 17, 36);
INSERT INTO `kullanlılır` VALUES (91, 4, 90);
INSERT INTO `kullanlılır` VALUES (8, 14, 88);
INSERT INTO `kullanlılır` VALUES (26, 26, 18);
INSERT INTO `kullanlılır` VALUES (89, 29, 97);
INSERT INTO `kullanlılır` VALUES (67, 22, 28);
INSERT INTO `kullanlılır` VALUES (66, 29, 2);
INSERT INTO `kullanlılır` VALUES (29, 7, 95);
INSERT INTO `kullanlılır` VALUES (80, 22, 16);
INSERT INTO `kullanlılır` VALUES (4, 2, 1);
INSERT INTO `kullanlılır` VALUES (52, 4, 66);


INSERT INTO `transfer` VALUES (2, 15, 19, 18, '2024-04-14', '2024-04-21', 77);
INSERT INTO `transfer` VALUES (3, 50, 3, 8, '2023-10-12', '2023-10-15', 22);
INSERT INTO `transfer` VALUES (4, 65, 7, 8, '2023-10-22', '2023-10-31', 69);
INSERT INTO `transfer` VALUES (5, 43, 2, 7, '2024-03-07', '2024-03-17', 3);
INSERT INTO `transfer` VALUES (6, 22, 18, 2, '2024-04-20', '2024-04-29', 53);
INSERT INTO `transfer` VALUES (7, 58, 1, 6, '2023-09-02', '2023-09-05', 37);
INSERT INTO `transfer` VALUES (8, 27, 10, 7, '2023-12-26', '2024-01-01', 77);
INSERT INTO `transfer` VALUES (9, 5, 15, 6, '2024-08-07', '2024-08-15', 30);
INSERT INTO `transfer` VALUES (10, 69, 11, 12, '2024-05-05', '2024-05-15', 60);
INSERT INTO `transfer` VALUES (11, 37, 20, 12, '2024-05-06', '2024-05-16', 6);
INSERT INTO `transfer` VALUES (12, 67, 3, 15, '2023-08-21', '2023-08-30', 5);
INSERT INTO `transfer` VALUES (13, 23, 5, 18, '2023-12-14', '2023-12-16', 16);
INSERT INTO `transfer` VALUES (14, 54, 1, 10, '2024-03-17', '2024-03-26', 100);
INSERT INTO `transfer` VALUES (15, 22, 10, 13, '2024-03-10', '2024-03-18', 22);
INSERT INTO `transfer` VALUES (16, 87, 4, 14, '2023-12-04', '2023-12-14', 45);
INSERT INTO `transfer` VALUES (17, 67, 10, 20, '2024-05-10', '2024-05-12', 80);
INSERT INTO `transfer` VALUES (18, 48, 9, 15, '2024-05-08', '2024-05-14', 53);
INSERT INTO `transfer` VALUES (19, 32, 1, 4, '2023-08-24', '2023-08-27', 54);
INSERT INTO `transfer` VALUES (20, 21, 11, 14, '2024-02-28', '2024-03-04', 5);
INSERT INTO `transfer` VALUES (21, 41, 17, 16, '2024-07-27', '2024-07-31', 85);
INSERT INTO `transfer` VALUES (22, 44, 12, 4, '2024-05-07', '2024-05-16', 11);
INSERT INTO `transfer` VALUES (23, 1, 10, 13, '2023-11-12', '2023-11-21', 84);
INSERT INTO `transfer` VALUES (24, 48, 7, 8, '2023-09-15', '2023-09-18', 11);
INSERT INTO `transfer` VALUES (25, 87, 16, 13, '2023-09-09', '2023-09-15', 66);
INSERT INTO `transfer` VALUES (26, 21, 14, 6, '2024-02-07', '2024-02-12', 50);
INSERT INTO `transfer` VALUES (27, 16, 18, 14, '2024-04-19', '2024-04-29', 44);
INSERT INTO `transfer` VALUES (28, 60, 12, 10, '2024-07-25', '2024-08-01', 89);
INSERT INTO `transfer` VALUES (29, 26, 16, 1, '2024-05-19', '2024-05-24', 33);
INSERT INTO `transfer` VALUES (30, 78, 10, 11, '2024-05-22', '2024-05-31', 71);
INSERT INTO `transfer` VALUES (31, 16, 9, 15, '2024-02-04', '2024-02-09', 67);
INSERT INTO `transfer` VALUES (32, 70, 9, 15, '2023-12-06', '2023-12-14', 12);
INSERT INTO `transfer` VALUES (33, 42, 8, 7, '2023-09-10', '2023-09-12', 5);
INSERT INTO `transfer` VALUES (34, 62, 20, 12, '2024-07-13', '2024-07-19', 4);
INSERT INTO `transfer` VALUES (35, 19, 18, 7, '2024-08-08', '2024-08-18', 14);
INSERT INTO `transfer` VALUES (36, 74, 6, 3, '2023-08-24', '2023-08-28', 44);
INSERT INTO `transfer` VALUES (37, 45, 14, 8, '2024-04-05', '2024-04-10', 53);
INSERT INTO `transfer` VALUES (38, 79, 17, 12, '2024-06-27', '2024-07-04', 37);
INSERT INTO `transfer` VALUES (39, 34, 5, 19, '2024-07-09', '2024-07-17', 62);
INSERT INTO `transfer` VALUES (40, 5, 14, 18, '2024-04-29', '2024-05-08', 13);
INSERT INTO `transfer` VALUES (41, 21, 16, 14, '2023-11-29', '2023-11-30', 80);
INSERT INTO `transfer` VALUES (42, 36, 18, 5, '2024-04-01', '2024-04-07', 18);
INSERT INTO `transfer` VALUES (43, 55, 18, 17, '2024-04-22', '2024-04-28', 47);
INSERT INTO `transfer` VALUES (44, 79, 11, 6, '2024-01-30', '2024-02-05', 71);
INSERT INTO `transfer` VALUES (45, 73, 18, 14, '2024-03-11', '2024-03-12', 30);
INSERT INTO `transfer` VALUES (46, 4, 9, 14, '2023-11-24', '2023-11-25', 37);
INSERT INTO `transfer` VALUES (47, 29, 10, 5, '2023-09-18', '2023-09-19', 39);
INSERT INTO `transfer` VALUES (48, 53, 13, 17, '2023-10-26', '2023-10-29', 26);
INSERT INTO `transfer` VALUES (49, 76, 11, 12, '2024-01-27', '2024-01-30', 25);
INSERT INTO `transfer` VALUES (50, 48, 10, 15, '2023-08-30', '2023-09-08', 83);
INSERT INTO `transfer` VALUES (51, 52, 14, 5, '2023-10-14', '2023-10-17', 93);
INSERT INTO `transfer` VALUES (52, 90, 19, 7, '2024-05-25', '2024-06-04', 18);
INSERT INTO `transfer` VALUES (53, 43, 19, 4, '2024-01-19', '2024-01-27', 20);
INSERT INTO `transfer` VALUES (54, 4, 12, 15, '2024-01-28', '2024-02-07', 28);
INSERT INTO `transfer` VALUES (55, 60, 1, 12, '2024-08-05', '2024-08-13', 67);
INSERT INTO `transfer` VALUES (56, 66, 9, 18, '2024-06-03', '2024-06-06', 5);
INSERT INTO `transfer` VALUES (57, 18, 15, 9, '2024-06-21', '2024-06-29', 26);
INSERT INTO `transfer` VALUES (58, 73, 12, 9, '2023-11-13', '2023-11-20', 83);
INSERT INTO `transfer` VALUES (59, 82, 9, 16, '2024-07-09', '2024-07-14', 17);
INSERT INTO `transfer` VALUES (60, 37, 12, 11, '2024-07-02', '2024-07-06', 75);
INSERT INTO `transfer` VALUES (61, 19, 17, 14, '2024-07-09', '2024-07-16', 65);
INSERT INTO `transfer` VALUES (62, 8, 5, 19, '2024-07-27', '2024-07-28', 2);
INSERT INTO `transfer` VALUES (63, 11, 17, 9, '2024-05-14', '2024-05-19', 10);
INSERT INTO `transfer` VALUES (64, 45, 11, 8, '2023-12-29', '2023-12-30', 28);
INSERT INTO `transfer` VALUES (65, 63, 18, 1, '2023-08-22', '2023-08-31', 93);
INSERT INTO `transfer` VALUES (66, 41, 13, 9, '2023-09-30', '2023-10-09', 80);
INSERT INTO `transfer` VALUES (67, 13, 18, 6, '2023-09-06', '2023-09-15', 72);
INSERT INTO `transfer` VALUES (68, 90, 18, 16, '2024-08-04', '2024-08-11', 6);
INSERT INTO `transfer` VALUES (69, 6, 18, 13, '2023-11-23', '2023-12-01', 30);
INSERT INTO `transfer` VALUES (70, 24, 19, 1, '2023-12-08', '2023-12-18', 91);
INSERT INTO `transfer` VALUES (71, 80, 9, 13, '2024-08-05', '2024-08-07', 50);
INSERT INTO `transfer` VALUES (72, 12, 18, 5, '2023-09-12', '2023-09-14', 77);
INSERT INTO `transfer` VALUES (73, 2, 3, 18, '2023-11-19', '2023-11-29', 10);
INSERT INTO `transfer` VALUES (74, 72, 2, 20, '2023-10-29', '2023-11-08', 76);
INSERT INTO `transfer` VALUES (75, 79, 12, 10, '2024-01-05', '2024-01-09', 10);
INSERT INTO `transfer` VALUES (76, 54, 13, 17, '2024-01-24', '2024-01-25', 3);
INSERT INTO `transfer` VALUES (77, 16, 2, 7, '2024-05-09', '2024-05-15', 77);
INSERT INTO `transfer` VALUES (78, 74, 2, 7, '2024-01-21', '2024-01-31', 37);
INSERT INTO `transfer` VALUES (79, 6, 19, 13, '2023-10-10', '2023-10-11', 28);
INSERT INTO `transfer` VALUES (80, 74, 2, 15, '2024-07-12', '2024-07-13', 34);
INSERT INTO `transfer` VALUES (81, 29, 19, 7, '2024-07-12', '2024-07-20', 92);
INSERT INTO `transfer` VALUES (82, 1, 12, 16, '2023-12-31', '2024-01-10', 46);
INSERT INTO `transfer` VALUES (83, 15, 2, 19, '2024-03-03', '2024-03-10', 10);
INSERT INTO `transfer` VALUES (84, 23, 6, 17, '2024-01-20', '2024-01-27', 44);
INSERT INTO `transfer` VALUES (85, 88, 18, 17, '2024-01-13', '2024-01-19', 19);
INSERT INTO `transfer` VALUES (86, 86, 16, 17, '2023-10-21', '2023-10-31', 60);
INSERT INTO `transfer` VALUES (87, 80, 16, 1, '2024-03-15', '2024-03-24', 2);
INSERT INTO `transfer` VALUES (88, 30, 6, 9, '2023-11-08', '2023-11-11', 80);
INSERT INTO `transfer` VALUES (89, 63, 15, 14, '2023-11-23', '2023-12-01', 89);
INSERT INTO `transfer` VALUES (90, 16, 16, 7, '2024-07-24', '2024-07-26', 14);
INSERT INTO `transfer` VALUES (91, 71, 11, 9, '2024-04-29', '2024-05-07', 92);
INSERT INTO `transfer` VALUES (92, 66, 13, 8, '2024-04-10', '2024-04-12', 80);
INSERT INTO `transfer` VALUES (93, 75, 16, 2, '2023-08-11', '2023-08-12', 37);
INSERT INTO `transfer` VALUES (94, 23, 9, 15, '2023-12-11', '2023-12-14', 86);
INSERT INTO `transfer` VALUES (95, 25, 8, 2, '2023-11-23', '2023-11-25', 67);
INSERT INTO `transfer` VALUES (96, 77, 5, 16, '2024-02-15', '2024-02-17', 46);
INSERT INTO `transfer` VALUES (97, 75, 7, 11, '2024-07-21', '2024-07-29', 32);
INSERT INTO `transfer` VALUES (98, 55, 6, 3, '2024-03-15', '2024-03-17', 71);
INSERT INTO `transfer` VALUES (99, 37, 15, 1, '2024-05-02', '2024-05-08', 41);
INSERT INTO `transfer` VALUES (100, 86, 18, 6, '2023-10-13', '2023-10-22', 21);
INSERT INTO `transfer` VALUES (101, 50, 6, 16, '2024-02-10', '2024-02-14', 5);